group1,group2,group3,id,x,y,z
17680541350.853,268276962306.78,32374750539541,0,0,556,0
17791506517.709,269394949359.31,32379000321758,0.49582637729549,0.49582637729549,556,0
17902471684.565,270512936411.84,32383250103976,0.99165275459099,0.99165275459099,556,0
18013436851.421,271630923464.37,32387499886194,1.4874791318865,1.4874791318865,556,0
18124402018.277,272748910516.9,32391749668412,1.983305509182,1.983305509182,556,0
18235367185.134,273866897569.43,32395999450630,2.4791318864775,2.4791318864775,556,0
18346332351.99,274984884621.96,32400249232848,2.974958263773,2.974958263773,556,0
18457297518.846,276102871674.5,32404499015066,3.4707846410684,3.4707846410684,556,0
18568262685.702,277220858727.03,32408748797284,3.9666110183639,3.9666110183639,556,0
18720147318.191,278738676519.63,32414419422237,4.4624373956594,4.4624373956594,556,0
18991245569.196,281421349927.58,32424229490391,4.9582637729549,4.9582637729549,556,0
19262343820.201,284104023335.52,32434039558545,5.4540901502504,5.4540901502504,556,0
19533442071.206,286786696743.47,32443849626699,5.9499165275459,5.9499165275459,556,0
19804540322.211,289469370151.41,32453659694853,6.4457429048414,6.4457429048414,556,0
20075638573.216,292152043559.36,32463469763008,6.9415692821369,6.9415692821369,556,0
20346736824.221,294834716967.3,32473279831162,7.4373956594324,7.4373956594324,556,0
20617835075.226,297517390375.25,32483089899316,7.9332220367279,7.9332220367279,556,0
20888933326.231,300200063783.19,32492899967470,8.4290484140234,8.4290484140234,556,0
21266435644.346,303859360274.55,32505695299662,8.9248747913189,8.9248747913189,556,0
21745733234.825,308452978314.62,32521346591913,9.4207011686144,9.4207011686144,556,0
22225030825.303,313046596354.68,32536997884164,9.9165275459099,9.9165275459099,556,0
22704328415.781,317640214394.75,32552649176414,10.412353923205,10.412353923205,556,0
23183626006.259,322233832434.81,32568300468665,10.908180300501,10.908180300501,556,0
23662923596.738,326827450474.88,32583951760916,11.404006677796,11.404006677796,556,0
24142221187.216,331421068514.94,32599603053167,11.899833055092,11.899833055092,556,0
24621518777.694,336014686555.01,32615254345417,12.395659432387,12.395659432387,556,0
25100816368.172,340608304595.07,32630905637668,12.891485809683,12.891485809683,556,0
25787059497.732,346941857109.76,32650714482101,13.387312186978,13.387312186978,556,0
26536308702.614,353805145336.8,32671789123551,13.883138564274,13.883138564274,556,0
27285557907.496,360668433563.83,32692863765000,14.378964941569,14.378964941569,556,0
28034807112.378,367531721790.87,32713938406450,14.874791318865,14.874791318865,556,0
28784056317.26,374395010017.91,32735013047899,15.37061769616,15.37061769616,556,0
29533305522.142,381258298244.95,32756087689349,15.866444073456,15.866444073456,556,0
30282554727.024,388121586471.98,32777162330798,16.362270450751,16.362270450751,556,0
31031803931.905,394984874699.02,32798236972248,16.858096828047,16.858096828047,556,0
31789135445.906,401909637590.36,32819415420985,17.353923205342,17.353923205342,556,0
32903497768.365,411550004249.58,32845179489925,17.849749582638,17.849749582638,556,0
34017860090.823,421190370908.79,32870943558865,18.345575959933,18.345575959933,556,0
35132222413.282,430830737568.01,32896707627806,18.841402337229,18.841402337229,556,0
36246584735.74,440471104227.23,32922471696746,19.337228714524,19.337228714524,556,0
37360947058.199,450111470886.45,32948235765686,19.83305509182,19.83305509182,556,0
38475309380.657,459751837545.67,32973999834626,20.328881469115,20.328881469115,556,0
39589671703.116,469392204204.88,32999763903566,20.824707846411,20.824707846411,556,0
40704034025.574,479032570864.1,33025527972506,21.320534223706,21.320534223706,556,0
41959417100.758,489637523881.93,33052293950899,21.816360601002,21.816360601002,556,0
43581650153.117,502751742215.7,33081666286534,22.312186978297,22.312186978297,556,0
45203883205.475,515865960549.46,33111038622169,22.808013355593,22.808013355593,556,0
46826116257.834,528980178883.23,33140410957805,23.303839732888,23.303839732888,556,0
48448349310.192,542094397216.99,33169783293440,23.799666110184,23.799666110184,556,0
50070582362.551,555208615550.76,33199155629075,24.295492487479,24.295492487479,556,0
51692815414.909,568322833884.52,33228527964710,24.791318864775,24.791318864775,556,0
53315048467.268,581437052218.29,33257900300345,25.28714524207,25.28714524207,556,0
54937281519.626,594551270552.06,33287272635980,25.782971619366,25.782971619366,556,0
56942553955.45,610012193756.23,33317760109400,26.278797996661,26.278797996661,556,0
59283159143.156,627527545397.85,33349223832882,26.774624373957,26.774624373957,556,0
61623764330.863,645042897039.47,33380687556364,27.270450751252,27.270450751252,556,0
63964369518.569,662558248681.09,33412151279846,27.766277128548,27.766277128548,556,0
66304974706.276,680073600322.71,33443615003328,28.262103505843,28.262103505843,556,0
68645579893.982,697588951964.33,33475078726810,28.757929883139,28.757929883139,556,0
70986185081.689,715104303605.95,33506542450292,29.253756260434,29.253756260434,556,0
73326790269.395,732619655247.57,33538006173774,29.74958263773,29.74958263773,556,0
75667395457.102,750135006889.19,33569469897256,30.245409015025,30.245409015025,556,0
78817464722.295,772072039856.36,33600942501193,30.741235392321,30.741235392321,556,0
82184346398.66,795193406281.03,33632417483732,31.237061769616,31.237061769616,556,0
85551228075.025,818314772705.71,33663892466271,31.732888146912,31.732888146912,556,0
88918109751.389,841436139130.39,33695367448810,32.228714524207,32.228714524207,556,0
92284991427.754,864557505555.07,33726842431349,32.724540901503,32.724540901503,556,0
95651873104.119,887678871979.74,33758317413888,33.220367278798,33.220367278798,556,0
99018754780.483,910800238404.42,33789792396427,33.716193656093,33.716193656093,556,0
102385636456.85,933921604829.1,33821267378966,34.212020033389,34.212020033389,556,0
105817829338.19,957359074695.98,33852618337763,34.707846410684,34.707846410684,556,0
110659906858.98,987620325992.59,33881291973901,35.20367278798,35.20367278798,556,0
115501984379.78,1017881577289.2,33909965610039,35.699499165275,35.699499165275,556,0
120344061900.58,1048142828585.8,33938639246178,36.195325542571,36.195325542571,556,0
125186139421.38,1078404079882.4,33967312882316,36.691151919866,36.691151919866,556,0
130028216942.18,1108665331179,33995986518455,37.186978297162,37.186978297162,556,0
134870294462.97,1138926582475.6,34024660154593,37.682804674457,37.682804674457,556,0
139712371983.77,1169187833772.2,34053333790732,38.178631051753,38.178631051753,556,0
144554449504.57,1199449085068.8,34082007426870,38.674457429048,38.674457429048,556,0
150034853228.81,1232424361588.7,34108713190080,39.170283806344,39.170283806344,556,0
157006054371.29,1271738186916.6,34130823027470,39.666110183639,39.666110183639,556,0
163977255513.77,1311052012244.5,34152932864860,40.161936560935,40.161936560935,556,0
170948456656.25,1350365837572.4,34175042702249,40.65776293823,40.65776293823,556,0
177919657798.73,1389679662900.3,34197152539639,41.153589315526,41.153589315526,556,0
184890858941.21,1428993488228.2,34219262377028,41.649415692821,41.649415692821,556,0
191862060083.69,1468307313556.1,34241372214418,42.145242070117,42.145242070117,556,0
198833261226.16,1507621138884,34263482051808,42.641068447412,42.641068447412,556,0
205804462368.64,1546934964211.9,34285591889197,43.136894824708,43.136894824708,556,0
214487155691.12,1592568799266.2,34301288333384,43.632721202003,43.632721202003,556,0
224540232252.2,1643263034536.2,34311849605672,44.128547579299,44.128547579299,556,0
234593308813.27,1693957269806.2,34322410877961,44.624373956594,44.624373956594,556,0
244646385374.35,1744651505076.3,34332972150249,45.12020033389,45.12020033389,556,0
254699461935.43,1795345740346.3,34343533422537,45.616026711185,45.616026711185,556,0
264752538496.5,1846039975616.3,34354094694826,46.111853088481,46.111853088481,556,0
274805615057.58,1896734210886.3,34364655967114,46.607679465776,46.607679465776,556,0
284858691618.65,1947428446156.3,34375217239402,47.103505843072,47.103505843072,556,0
294911768179.73,1998122681426.3,34385778511690,47.599332220367,47.599332220367,556,0
308590248451.92,2060269907336.5,34381672413059,48.095158597663,48.095158597663,556,0
323114300959.83,2125088375313.2,34374145365312,48.590984974958,48.590984974958,556,0
337638353467.74,2189906843289.9,34366618317565,49.086811352254,49.086811352254,556,0
352162405975.64,2254725311266.6,34359091269818,49.582637729549,49.582637729549,556,0
366686458483.55,2319543779243.3,34351564222071,50.078464106845,50.078464106845,556,0
381210510991.46,2384362247220,34344037174323,50.57429048414,50.57429048414,556,0
395734563499.36,2449180715196.6,34336510126576,51.070116861436,51.070116861436,556,0
410258616007.27,2513999183173.3,34328983078829,51.565943238731,51.565943238731,556,0
425214202615.17,2579960612977.7,34319691155739,52.061769616027,52.061769616027,556,0
446236346962.23,2661989936191.8,34285588405025,52.557595993322,52.557595993322,556,0
467258491309.3,2744019259406,34251485654310,53.053422370618,53.053422370618,556,0
488280635656.36,2826048582620.1,34217382903596,53.549248747913,53.549248747913,556,0
509302780003.43,2908077905834.2,34183280152882,54.045075125209,54.045075125209,556,0
530324924350.49,2990107229048.3,34149177402167,54.540901502504,54.540901502504,556,0
551347068697.56,3072136552262.5,34115074651453,55.0367278798,55.0367278798,556,0
572369213044.63,3154165875476.6,34080971900738,55.532554257095,55.532554257095,556,0
593391357391.69,3236195198690.7,34046869150024,56.028380634391,56.028380634391,556,0
617458798845.62,3324801046805.4,34000709049068,56.524207011686,56.524207011686,556,0
647940048257.28,3427257946644,33929154536266,57.020033388982,57.020033388982,556,0
678421297668.94,3529714846482.6,33857600023464,57.515859766277,57.515859766277,556,0
708902547080.6,3632171746321.2,33786045510662,58.011686143573,58.011686143573,556,0
739383796492.26,3734628646159.8,33714490997860,58.507512520868,58.507512520868,556,0
769865045903.92,3837085545998.4,33642936485058,59.003338898164,59.003338898164,556,0
800346295315.58,3939542445837,33571381972256,59.499165275459,59.499165275459,556,0
830827544727.24,4041999345675.6,33499827459454,59.994991652755,59.994991652755,556,0
861308794138.9,4144456245514.2,33428272946651,60.49081803005,60.49081803005,556,0
899752532123.85,4260376083589.9,33327167174755,60.986644407346,60.986644407346,556,0
944022175766.52,4386146335556,33204439664132,61.482470784641,61.482470784641,556,0
988291819409.19,4511916587522.1,33081712153509,61.978297161937,61.978297161937,556,0
1032561463051.9,4637686839488.2,32958984642886,62.474123539232,62.474123539232,556,0
1076831106694.5,4763457091454.3,32836257132263,62.969949916528,62.969949916528,556,0
1121100750337.2,4889227343420.4,32713529621640,63.465776293823,63.465776293823,556,0
1165370393979.9,5014997595386.5,32590802111016,63.961602671119,63.961602671119,556,0
1209640037622.6,5140767847352.6,32468074600393,64.457429048414,64.457429048414,556,0
1253909681265.2,5266538099318.7,32345347089770,64.95325542571,64.95325542571,556,0
1314942908303.6,5413117753617,32165857971448,65.449081803005,65.449081803005,556,0
1379336619202.7,5563868930139.2,31974990231857,65.944908180301,65.944908180301,556,0
1443730330101.8,5714620106661.3,31784122492265,66.440734557596,66.440734557596,556,0
1508124041000.9,5865371283183.5,31593254752674,66.936560934891,66.936560934891,556,0
1572517751900,6016122459705.7,31402387013083,67.432387312187,67.432387312187,556,0
1636911462799.1,6166873636227.8,31211519273491,67.928213689482,67.928213689482,556,0
1701305173698.2,6317624812750,31020651533900,68.424040066778,68.424040066778,556,0
1765698884597.3,6468375989272.2,30829783794308,68.919866444073,68.919866444073,556,0
1832696205183.7,6621237199919.3,30631074277210,69.415692821369,69.415692821369,556,0
1926494014543.4,6795818235220.8,30351644723210,69.911519198664,69.911519198664,556,0
2020291823903.2,6970399270522.4,30072215169210,70.40734557596,70.40734557596,556,0
2114089633262.9,7144980305823.9,29792785615210,70.903171953255,70.903171953255,556,0
2207887442622.7,7319561341125.5,29513356061210,71.398998330551,71.398998330551,556,0
2301685251982.5,7494142376427,29233926507211,71.894824707846,71.894824707846,556,0
2395483061342.2,7668723411728.6,28954496953211,72.390651085142,72.390651085142,556,0
2489280870702,7843304447030.1,28675067399211,72.886477462437,72.886477462437,556,0
2583078680061.8,8017885482331.6,28395637845211,73.382303839733,73.382303839733,556,0
2691674686074.3,8198346259856.6,28077600175510,73.878130217028,73.878130217028,556,0
2828480516835.2,8390015598909.5,27685963796229,74.373956594324,74.373956594324,556,0
2965286347596.1,8581684937962.5,27294327416948,74.869782971619,74.869782971619,556,0
3102092178357,8773354277015.4,26902691037667,75.365609348915,75.365609348915,556,0
3238898009117.9,8965023616068.4,26511054658386,75.86143572621,75.86143572621,556,0
3375703839878.7,9156692955121.4,26119418279105,76.357262103506,76.357262103506,556,0
3512509670639.6,9348362294174.3,25727781899824,76.853088480801,76.853088480801,556,0
3649315501400.5,9540031633227.3,25336145520543,77.348914858097,77.348914858097,556,0
3786121332161.4,9731700972280.2,24944509141261,77.844741235392,77.844741235392,556,0
3960671124464,9923426934975,24470551417245,78.340567612688,78.340567612688,556,0
4160424050075.1,10115190707511,23941624481180,78.836393989983,78.836393989983,556,0
4360176975686.2,10306954480047,23412697545115,79.332220367279,79.332220367279,556,0
4559929901297.3,10498718252583,22883770609051,79.828046744574,79.828046744574,556,0
4759682826908.5,10690482025119,22354843672986,80.32387312187,80.32387312187,556,0
4959435752519.6,10882245797655,21825916736921,80.819699499165,80.819699499165,556,0
5159188678130.7,11074009570191,21296989800857,81.315525876461,81.315525876461,556,0
5358941603741.8,11265773342727,20768062864792,81.811352253756,81.811352253756,556,0
5558694529352.9,11457537115263,20239135928727,82.307178631052,82.307178631052,556,0
5772339540040.5,11627252611189,19771765032623,82.803005008347,82.803005008347,556,0
5976353702255.9,11791612680150,19332002058088,83.298831385643,83.298831385643,556,0
6166894185877.1,11953788700037,18911812380494,83.794657762938,83.794657762938,556,0
6344995743532.8,12113576880114,18509955407762,84.290484140234,84.290484140234,556,0
6511362701116.1,12270759906734,18125641463685,84.786310517529,84.786310517529,556,0
6666661450883.3,12425146487400,17758112531435,85.282136894825,85.282136894825,556,0
6811140913228.7,12576447039077,17407237762757,85.77796327212,85.77796327212,556,0
6946479036572.7,12724862951665,17070627606999,86.273789649416,86.273789649416,556,0
7072037230523.9,12869872107424,16749501325633,86.769616026711,86.769616026711,556,0
7189062400245.9,13011616870503,16442086890154,87.265442404007,87.265442404007,556,0
7298020904929,13150015298538,16147814420632,87.761268781302,87.761268781302,556,0
7398913572605.8,13284781690333,15866879021385,88.257095158598,88.257095158598,556,0
7492358096076.9,13415908946504,15598454349785,88.752921535893,88.752921535893,556,0
7579360629848.6,13543668265040,15341000395113,89.248747913189,89.248747913189,556,0
7659601396419.6,13667638960695,15095233555271,89.744574290484,89.744574290484,556,0
7733864866868.4,13788028680018,14859954387399,90.24040066778,90.24040066778,556,0
7802499463667.1,13904835097403,14634693286468,90.736227045075,90.736227045075,556,0
7865393948356.3,14017744734169,14419810359129,91.232053422371,91.232053422371,556,0
7923323149008.3,14127067148221,14214048540650,91.727879799666,91.727879799666,556,0
7976678697786.9,14232905754722,14016807079551,92.223706176962,92.223706176962,556,0
8025218707075.4,14334858039040,13828680088755,92.719532554257,92.719532554257,556,0
8069751375382.8,14433391631223,13648258563034,93.215358931553,93.215358931553,556,0
8110306651573.7,14528358415238,13475597790257,93.711185308848,93.711185308848,556,0
8146976145217.4,14619644987602,13310645355833,94.207011686144,94.207011686144,556,0
8180229150429.1,14707523779822,13152580726104,94.702838063439,94.702838063439,556,0
8210265094350.9,14792038967394,13001100541388,95.198664440735,95.198664440735,556,0
8237024488862.1,14872950911857,12856438989890,95.69449081803,95.69449081803,556,0
8261129838500.5,14950801042351,12717390703572,96.190317195326,96.190317195326,556,0
8282384025155.6,15025210672202,12584467146569,96.686143572621,96.686143572621,556,0
8301047810347.8,15096332718942,12457208536901,97.181969949917,97.181969949917,556,0
8317378367958.5,15164354622277,12335138017266,97.677796327212,97.677796327212,556,0
8331514678112.6,15229331725482,12218025609917,98.173622704508,98.173622704508,556,0
8343403788411.6,15291038481737,12106083200876,98.669449081803,98.669449081803,556,0
8353512592537.1,15350035421119,11998308197089,99.165275459098,99.165275459098,556,0
8361650954890.7,15405901911483,11895223987779,99.661101836394,99.661101836394,556,0
8368083121856.7,15458924216642,11796280556908,100.15692821369,100.15692821369,556,0
8372942249805.4,15509209651208,11701222000017,100.65275459098,100.65275459098,556,0
8376324652232.8,15556815396905,11609874691334,101.14858096828,101.14858096828,556,0
8378210852711.6,15601576877897,11522362105458,101.64440734558,101.64440734558,556,0
8378823405674.7,15643801983743,11438179635113,102.14023372287,102.14023372287,556,0
8378217488784.5,15683497667978,11357241269671,102.63606010017,102.63606010017,556,0
8376456869712.5,15720683468513,11279440531222,103.13188647746,103.13188647746,556,0
8373653117974,15755500739417,11204530466336,103.62771285476,103.62771285476,556,0
8369851148833.1,15787949663732,11132442668233,104.12353923205,104.12353923205,556,0
8365087926102.6,15818006221242,11063133551580,104.61936560935,104.61936560935,556,0
8359476226079.9,15845848758832,10996332356899,105.11519198664,105.11519198664,556,0
8353077658760.6,15871546023858,10931906188961,105.61101836394,105.61101836394,556,0
8345939001751.3,15895127332550,10869765901291,106.10684474124,106.10684474124,556,0
8338117289520.4,15916664390830,10809783301340,106.60267111853,106.60267111853,556,0
8329637916023.6,15936133911612,10751929830254,107.09849749583,107.09849749583,556,0
8320557633399.2,15953613377304,10696073766790,107.59432387312,107.59432387312,556,0
8310942146980.5,15969229684151,10642043014528,108.09015025042,108.09015025042,556,0
8300819934725.9,15982992157861,10589785919977,108.58597662771,108.58597662771,556,0
8290226093771.8,15994932054003,10539228402310,109.08180300501,109.08180300501,556,0
8279214263396.2,16005170513820,10490220071709,109.5776293823,109.5776293823,556,0
8267786375089.5,16013614840194,10442803476717,110.0734557596,110.0734557596,556,0
8255999155751.9,16020411751397,10396809620529,110.56928213689,110.56928213689,556,0
8243886664759.8,16025628060441,10352147174002,111.06510851419,111.06510851419,556,0
8231474908078.4,16029300467587,10308753128454,111.56093489149,111.56093489149,556,0
8218762585749.6,16031308124868,10266687961489,112.05676126878,112.05676126878,556,0
8205826463735.2,16031990117610,10225653529541,112.55258764608,112.55258764608,556,0
8192643084698.3,16031098276833,10185809975001,113.04841402337,113.04841402337,556,0
8179260239913.4,16028827055886,10146979278528,113.54424040067,113.54424040067,556,0
8165697551020.6,16025210323078,10109110044656,114.04006677796,114.04006677796,556,0
8151969689482.1,16020245069100,10072177143578,114.53589315526,114.53589315526,556,0
8138053617075.8,16013892193383,10036194911804,115.03171953255,115.03171953255,556,0
8123926256738.1,16006379220733,10001043207308,115.52754590985,115.52754590985,556,0
8109555380941.9,15997520749992,9966845340924.8,116.02337228715,116.02337228715,556,0
8094980078725.7,15987471631415,9933468881392.3,116.51919866444,116.51919866444,556,0
8080213879262.3,15976255962694,9900877686543.3,117.01502504174,117.01502504174,556,0
8065261424151.3,15963841599980,9869072530187.9,117.51085141903,117.51085141903,556,0
8050139604610.9,15950275698750,9838002038552,118.00667779633,118.00667779633,556,0
8034869401782.2,15935648319751,9807591977305.3,118.50250417362,118.50250417362,556,0
8019447372675.2,15919875396392,9777876388237.5,118.99833055092,118.99833055092,556,0
8003896680171.9,15903075781315,9748766714470.7,119.49415692821,119.49415692821,556,0
7988224829791.3,15885259168308,9720243044547.9,119.98998330551,119.98998330551,556,0
7972432360322.8,15866370939307,9692320761971.7,120.4858096828,120.4858096828,556,0
7956535226498.4,15846497273583,9664937041773.9,120.9816360601,120.9816360601,556,0
7940541510241.3,15825664349432,9638065174916.5,121.4774624374,121.4774624374,556,0
7924453758547.6,15803844506775,9611707317613.2,121.97328881469,121.97328881469,556,0
7908285610773.1,15781132545628,9585803097332.1,122.46911519199,122.46911519199,556,0
7892037769845.6,15757489796002,9560362087467.5,122.96494156928,122.96494156928,556,0
7875712710428.7,15732891061999,9535385568884.7,123.46076794658,123.46076794658,556,0
7859320927444.1,15707419437562,9510823895376.8,123.95659432387,123.95659432387,556,0
7842866549571.2,15681087645134,9486663230825.3,124.45242070117,124.45242070117,556,0
7826349680716.5,15653852269857,9462915715103.4,124.94824707846,124.94824707846,556,0
7809779406608.8,15625806015647,9439532289622.3,125.44407345576,125.44407345576,556,0
7793154663409.5,15596896660556,9416530456139,125.93989983306,125.93989983306,556,0
7776478165003.7,15567129487044,9393901909028.7,126.43572621035,126.43572621035,556,0
7759754841827.4,15536556091633,9371619637614.5,126.93155258765,126.93155258765,556,0
7742986585325.5,15505184056596,9349676755591.1,127.42737896494,127.42737896494,556,0
7726172715419.1,15472977528394,9328085175635,127.92320534224,127.92320534224,556,0
7709315186853,15439952697382,9306835460483.7,128.41903171953,128.41903171953,556,0
7692417821244.4,15406169410041,9285901109711.8,128.91485809683,128.91485809683,556,0
7675477578791.5,15371561157734,9265308769345.6,129.41068447412,129.41068447412,556,0
7658497388409.8,15336181576332,9245036006280.1,129.90651085142,129.90651085142,556,0
7641477275368,15300033400136,9225082159851.5,130.40233722871,130.40233722871,556,0
7624413767414.9,15263058292544,9205472796614.6,130.89816360601,130.89816360601,556,0
7607308263116.7,15225297284654,9186193000659.9,131.39398998331,131.39398998331,556,0
7590162152162.2,15186792636168,9167227486395,131.8898163606,131.8898163606,556,0
7572970804642.3,15147483312079,9148605624129.1,132.3856427379,132.3856427379,556,0
7555734676482.9,15107404004498,9130316661352.9,132.88146911519,132.88146911519,556,0
7538451461786.8,15066544960727,9112369489444.4,133.37729549249,133.37729549249,556,0
7521115864532.8,15024857031603,9094791842982.4,133.87312186978,133.87312186978,556,0
7503728853799.2,14982394051376,9077566122259,134.36894824708,134.36894824708,556,0
7486288114952.1,14939157978627,9060697804142.4,134.86477462437,134.86477462437,556,0
7468785488330.7,14895078550011,9044227815989.9,135.36060100167,135.36060100167,556,0
7451222962451.9,14850225801841,9028131114122.6,135.85642737896,135.85642737896,556,0
7433592669592,14804544197600,9012443502506.6,136.35225375626,136.35225375626,556,0
7415889039886.8,14758017847731,8997183472639.3,136.84808013356,136.84808013356,556,0
7398110597696.6,14710678178750,8982345471798.3,137.34390651085,137.34390651085,556,0
7380252532724.1,14662519080096,8967943012147.5,137.83973288815,137.83973288815,556,0
7362299747074.2,14613443223804,8954041380656.5,138.33555926544,138.33555926544,556,0
7344261968678,14563590575283,8940575343177.6,138.83138564274,138.83138564274,556,0
7326116735406.3,14512808975381,8927643834151.8,139.32721202003,139.32721202003,556,0
7307862233732,14461139586533,8915238347734.3,139.82303839733,139.82303839733,556,0
7289493383860.9,14408591524128,8903367589565.1,140.31886477462,140.31886477462,556,0
7271002141369.3,14355152051648,8892053644497.8,140.81469115192,140.81469115192,556,0
7252364105523.1,14300705560958,8881387575784.2,141.31051752922,141.31051752922,556,0
7233597427537.2,14245423238284,8871274061533.5,141.80634390651,141.80634390651,556,0
7214661203115.4,14189096231362,8861869955670,142.30217028381,142.30217028381,556,0
7195560825061.4,14131814927152,8853133472798,142.7979966611,142.7979966611,556,0
7176284940332.3,14073563591414,8845093589728.2,143.2938230384,143.2938230384,556,0
7156817952529.8,14014308231126,8837794068840.3,143.78964941569,143.78964941569,556,0
7137134103633.5,13953974056044,8831313290703.3,144.28547579299,144.28547579299,556,0
7117235231416.7,13892624783469,8825624655973.2,144.78130217028,144.78130217028,556,0
7097095846739.1,13830193631374,8820802431016.4,145.27712854758,145.27712854758,556,0
7076702117657.3,13766675945155,8816874960183.8,145.77295492487,145.77295492487,556,0
7056041969382.5,13702072760664,8813864718705.2,146.26878130217,146.26878130217,556,0
7035084858848.9,13636316719649,8811854772981.5,146.76460767947,146.76460767947,556,0
7013806971205.5,13569377039706,8810901019949.4,147.26043405676,147.26043405676,556,0
6992196110849,13501273869279,8811015483686,147.75626043406,147.75626043406,556,0
6970219587055.2,13431971281857,8812264767684.8,148.25208681135,148.25208681135,556,0
6947857321498.1,13361465406469,8814684206718.6,148.74791318865,148.74791318865,556,0
6925081553499.2,13289722967103,8818335987114.9,149.24373956594,149.24373956594,556,0
6901839874338.8,13216650079921,8823349813236.9,149.73956594324,149.73956594324,556,0
6878120420103.3,13142275230091,8829733519915.5,150.23539232053,150.23539232053,556,0
6853903919913.5,13066603004944,8837517280164.3,150.73121869783,150.73121869783,556,0
6829139031999.6,12989559947128,8846818625572.5,151.22704507513,151.22704507513,556,0
6803802854662.9,12911152364082,8857671963948.8,151.72287145242,151.72287145242,556,0
6777868351017.9,12831373402919,8870123970027.9,152.21869782972,152.21869782972,556,0
6751238801655.3,12750073515872,8884399013663.7,152.71452420701,152.71452420701,556,0
6723926440503,12667346870237,8900432602834.5,153.21035058431,153.21035058431,556,0
6695889872620,12583169014408,8918301008616.3,153.7061769616,153.7061769616,556,0
6667068918873.5,12497485200874,8938124013092.8,154.2020033389,154.2020033389,556,0
6637353229007.7,12410163828418,8960136082220.3,154.69782971619,154.69782971619,556,0
6606826344267.8,12321419599706,8984101150041.5,155.19365609349,155.19365609349,556,0
6575286924990.7,12230976964925,9010463587736.1,155.68948247078,155.68948247078,556,0
6542761171071,12138955923448,9039121220416.6,156.18530884808,156.18530884808,556,0
6509191006707.7,12045333784100,9070171587594.2,156.68113522538,156.68113522538,556,0
6474462464683.3,11950014744268,9103832995292.5,157.17696160267,157.17696160267,556,0
6438473093244.7,11852938205997,9140287168589.5,157.67278797997,157.67278797997,556,0
6401307019706.1,11754292147980,9179308379288.3,158.16861435726,158.16861435726,556,0
6362703124324.8,11653816188650,9221416718887,158.66444073456,158.66444073456,556,0
6322688900342.8,11551631299334,9266504110699.2,159.16026711185,159.16026711185,556,0
6281183366487.7,11447720274723,9314694923619.2,159.65609348915,159.65609348915,556,0
6237984847620.7,11341945828471,9366352758559.7,160.15191986644,160.15191986644,556,0
6193068912485.2,11234377957763,9421470488505.5,160.64774624374,160.64774624374,556,0
6146426382207.9,11125091086275,9480016526987.7,161.14357262104,161.14357262104,556,0
6097711517561.5,11013847845393,9542613042075.9,161.63939899833,161.63939899833,556,0
6047044694197.3,10900860327814,9608964906728.6,162.13522537563,162.13522537563,556,0
5994258294028.9,10786071189829,9679337886587.7,162.63105175292,162.63105175292,556,0
5939041429115,10669333576314,9754249109428.3,163.12687813022,163.12687813022,556,0
5881447126897.7,10550800776657,9833530363009.1,163.62270450751,163.62270450751,556,0
5821338713958.2,10430473426195,9917367458083.3,164.11853088481,164.11853088481,556,0
5758391364001.9,10308241046418,10006271953927,164.6143572621,164.6143572621,556,0
5692761062953.5,10184318581469,10099894872894,165.1101836394,165.1101836394,556,0
5624027167874.9,10058557406747,10198901007961,165.60601001669,165.60601001669,556,0
5551960718891.2,9930961308482.1,10303596991912,166.10183639399,166.10183639399,556,0
5476569306340.1,9801662626171.3,10413886068237,166.59766277129,166.59766277129,556,0
5397674408125.9,9670692871697.1,10529987642315,167.09348914858,167.09348914858,556,0
5314773894918.5,9537961573115.7,10652636084620,167.58931552588,167.58931552588,556,0
5228150188565.2,9403725387380.5,10781281532946,168.08514190317,168.08514190317,556,0
5137120030324.3,9267852238787,10916927944489,168.58096828047,168.58096828047,556,0
5041559652817.9,9130459826678.8,11059661637490,169.07679465776,169.07679465776,556,0
4941385655650.2,8991670153663.9,11209511418168,169.57262103506,169.57262103506,556,0
4836356230906.9,8851558063223.3,11366749373526,170.06844741235,170.06844741235,556,0
4725824746916.4,8710125975033.5,11532237202742,170.56427378965,170.56427378965,556,0
4609758636745.1,8567547447282.2,11705898921408,171.06010016694,171.06010016694,556,0
4488118911175,8423969686672.6,11887684764803,171.55592654424,171.55592654424,556,0
4360133961764.3,8279444229698,12078587624854,172.05175292154,172.05175292154,556,0
4225643444999.9,8134140619604.6,12278702976848,172.54757929883,172.54757929883,556,0
4084293942958.9,7988212512981,12488394111851,173.04340567613,173.04340567613,556,0
3935714154432.7,7841828802696.4,12708036922948,173.53923205342,173.53923205342,556,0
3779140573396.6,7695172752915.6,12938519010860,174.03505843072,174.03505843072,556,0
3626565076623,7541267650350.2,13174036852207,174.53088480801,174.53088480801,556,0
3481843198904.6,7380792732814.5,13408529104063,175.02671118531,175.02671118531,556,0
3337121321186.1,7220317815278.8,13643021355920,175.5225375626,175.5225375626,556,0
3192399443467.7,7059842897743.2,13877513607776,176.0183639399,176.0183639399,556,0
3047677565749.2,6899367980207.5,14112005859632,176.5141903172,176.5141903172,556,0
2902955688030.7,6738893062671.9,14346498111488,177.01001669449,177.01001669449,556,0
2758233810312.3,6578418145136.2,14580990363345,177.50584307179,177.50584307179,556,0
2613511932593.8,6417943227600.6,14815482615201,178.00166944908,178.00166944908,556,0
2468790054875.4,6257468310064.9,15049974867057,178.49749582638,178.49749582638,556,0
2370879518740.7,6108207311442.1,15185910732851,178.99332220367,178.99332220367,556,0
2274615666541.4,5959340785173.6,15318379677762,179.48914858097,179.48914858097,556,0
2178351814342.1,5810474258905.1,15450848622674,179.98497495826,179.98497495826,556,0
2082087962142.7,5661607732636.7,15583317567585,180.48080133556,180.48080133556,556,0
1985824109943.4,5512741206368.2,15715786512497,180.97662771285,180.97662771285,556,0
1889560257744,5363874680099.7,15848255457408,181.47245409015,181.47245409015,556,0
1793296405544.7,5215008153831.3,15980724402320,181.96828046745,181.96828046745,556,0
1697032553345.4,5066141627562.8,16113193347231,182.46410684474,182.46410684474,556,0
1613973218516.6,4925729768854.9,16213799424304,182.95993322204,182.95993322204,556,0
1549922676249.6,4797488973831.1,16268536755993,183.45575959933,183.45575959933,556,0
1485872133982.7,4669248178807.3,16323274087683,183.95158597663,183.95158597663,556,0
1421821591715.7,4541007383783.6,16378011419373,184.44741235392,184.44741235392,556,0
1357771049448.7,4412766588759.8,16432748751062,184.94323873122,184.94323873122,556,0
1293720507181.7,4284525793736,16487486082752,185.43906510851,185.43906510851,556,0
1229669964914.7,4156284998712.2,16542223414441,185.93489148581,185.93489148581,556,0
1165619422647.8,4028044203688.5,16596960746131,186.43071786311,186.43071786311,556,0
1101568880380.8,3899803408664.7,16651698077821,186.9265442404,186.9265442404,556,0
1055807892105.1,3790906447368.1,16657541762798,187.4223706177,187.4223706177,556,0
1013178727671.8,3685321840199.9,16655013111928,187.91819699499,187.91819699499,556,0
970549563238.53,3579737233031.7,16652484461058,188.41402337229,188.41402337229,556,0
927920398805.26,3474152625863.5,16649955810188,188.90984974958,188.90984974958,556,0
885291234371.98,3368568018695.3,16647427159318,189.40567612688,189.40567612688,556,0
842662069938.7,3262983411527.2,16644898508448,189.90150250417,189.90150250417,556,0
800032905505.42,3157398804359,16642369857578,190.39732888147,190.39732888147,556,0
757403741072.14,3051814197190.8,16639841206708,190.89315525876,190.89315525876,556,0
719016470224.92,2952559825447.8,16625173138907,191.38898163606,191.38898163606,556,0
690636693251.97,2868239772766.7,16581865705665,191.88480801336,191.88480801336,556,0
662256916279.03,2783919720085.5,16538558272422,192.38063439065,192.38063439065,556,0
633877139306.08,2699599667404.4,16495250839180,192.87646076795,192.87646076795,556,0
605497362333.14,2615279614723.2,16451943405937,193.37228714524,193.37228714524,556,0
577117585360.2,2530959562042.1,16408635972695,193.86811352254,193.86811352254,556,0
548737808387.25,2446639509360.9,16365328539452,194.36393989983,194.36393989983,556,0
520358031414.3,2362319456679.8,16322021106210,194.85976627713,194.85976627713,556,0
491978254441.36,2277999403998.6,16278713672967,195.35559265442,195.35559265442,556,0
470629729137.2,2207355200434.4,16214701242666,195.85141903172,195.85141903172,556,0
451731400237.75,2141476651396.1,16143473694526,196.34724540902,196.34724540902,556,0
432833071338.3,2075598102357.7,16072246146385,196.84307178631,196.84307178631,556,0
413934742438.85,2009719553319.4,16001018598244,197.33889816361,197.33889816361,556,0
395036413539.41,1943841004281,15929791050104,197.8347245409,197.8347245409,556,0
376138084639.96,1877962455242.7,15858563501963,198.3305509182,198.3305509182,556,0
357239755740.51,1812083906204.3,15787335953822,198.82637729549,198.82637729549,556,0
338341426841.06,1746205357166,15716108405682,199.32220367279,199.32220367279,556,0
320613541292.72,1683155156606.7,15641515163722,199.81803005008,199.81803005008,556,0
308025889230.6,1632526207831.4,15552140811634,200.31385642738,200.31385642738,556,0
295438237168.48,1581897259056.1,15462766459546,200.80968280467,200.80968280467,556,0
282850585106.35,1531268310280.8,15373392107458,201.30550918197,201.30550918197,556,0
270262933044.23,1480639361505.5,15284017755369,201.80133555927,201.80133555927,556,0
257675280982.11,1430010412730.2,15194643403281,202.29716193656,202.29716193656,556,0
245087628919.98,1379381463954.9,15105269051193,202.79298831386,202.79298831386,556,0
232499976857.86,1328752515179.5,15015894699105,203.28881469115,203.28881469115,556,0
219912324795.73,1278123566404.2,14926520347017,203.78464106845,203.78464106845,556,0
209968866929.05,1235182592588.1,14830296129136,204.28046744574,204.28046744574,556,0
201582611701.88,1196769173866,14730037930275,204.77629382304,204.77629382304,556,0
193196356474.72,1158355755143.9,14629779731413,205.27212020033,205.27212020033,556,0
184810101247.55,1119942336421.7,14529521532552,205.76794657763,205.76794657763,556,0
176423846020.38,1081528917699.6,14429263333691,206.26377295492,206.26377295492,556,0
168037590793.22,1043115498977.5,14329005134830,206.75959933222,206.75959933222,556,0
159651335566.05,1004702080255.3,14228746935969,207.25542570952,207.25542570952,556,0
151265080338.88,966288661533.19,14128488737107,207.75125208681,207.75125208681,556,0
143083769773.41,928575921863.93,14027820210909,208.24707846411,208.24707846411,556,0
137495350643.27,899727939637.41,13921960360234,208.7429048414,208.7429048414,556,0
131906931513.13,870879957410.88,13816100509559,209.2387312187,209.2387312187,556,0
126318512382.98,842031975184.35,13710240658883,209.73455759599,209.73455759599,556,0
120730093252.84,813183992957.83,13604380808208,210.23038397329,210.23038397329,556,0
115141674122.69,784336010731.3,13498520957533,210.72621035058,210.72621035058,556,0
109553254992.55,755488028504.77,13392661106858,211.22203672788,211.22203672788,556,0
103964835862.4,726640046278.25,13286801256183,211.71786310518,211.71786310518,556,0
98376416732.261,697792064051.72,13180941405507,212.21368948247,212.21368948247,556,0
93751750944.045,672752307021.07,13074126540644,212.70951585977,212.70951585977,556,0
90026948029.726,651268315060.31,12966419972713,213.20534223706,213.20534223706,556,0
86302145115.407,629784323099.55,12858713404782,213.70116861436,213.70116861436,556,0
82577342201.088,608300331138.79,12751006836851,214.19699499165,214.19699499165,556,0
78852539286.77,586816339178.03,12643300268920,214.69282136895,214.69282136895,556,0
75127736372.451,565332347217.26,12535593700989,215.18864774624,215.18864774624,556,0
71402933458.132,543848355256.5,12427887133058,215.68447412354,215.68447412354,556,0
67678130543.814,522364363295.74,12320180565127,216.18030050083,216.18030050083,556,0
63953327629.495,500880371334.98,12212473997196,216.67612687813,216.67612687813,556,0
61421769225.206,484773282861.53,12105490316164,217.17195325543,217.17195325543,556,0
58938594683.912,468884217902.53,11998535946862,217.66777963272,217.66777963272,556,0
56455420142.617,452995152943.53,11891581577560,218.16360601002,218.16360601002,556,0
53972245601.322,437106087984.52,11784627208257,218.65943238731,218.65943238731,556,0
51489071060.028,421217023025.52,11677672838955,219.15525876461,219.15525876461,556,0
49005896518.733,405327958066.52,11570718469653,219.6510851419,219.6510851419,556,0
46522721977.438,389438893107.51,11463764100350,220.1469115192,220.1469115192,556,0
44039547436.143,373549828148.51,11356809731048,220.64273789649,220.64273789649,556,0
41891411683.368,359364030021.94,11250863529184,221.13856427379,221.13856427379,556,0
40235652096.111,347681368906.82,11146398939702,221.63439065109,221.63439065109,556,0
38579892508.855,335998707791.69,11041934350220,222.13021702838,222.13021702838,556,0
36924132921.598,324316046676.56,10937469760739,222.62604340568,222.62604340568,556,0
35268373334.341,312633385561.44,10833005171257,223.12186978297,223.12186978297,556,0
33612613747.084,300950724446.31,10728540581775,223.61769616027,223.61769616027,556,0
31956854159.828,289268063331.19,10624075992293,224.11352253756,224.11352253756,556,0
30301094572.571,277585402216.06,10519611402811,224.60934891486,224.60934891486,556,0
28645334985.314,265902741100.93,10415146813330,225.10517529215,225.10517529215,556,0
27457697904.913,256881549184.78,10313733458605,225.60100166945,225.60100166945,556,0
26353441014.271,248334407978.84,10212863578140,226.09682804674,226.09682804674,556,0
25249184123.629,239787266772.9,10111993697675,226.59265442404,226.59265442404,556,0
24144927232.987,231240125566.96,10011123817210,227.08848080134,227.08848080134,556,0
23040670342.345,222692984361.02,9910253936745.3,227.58430717863,227.58430717863,556,0
21936413451.702,214145843155.08,9809384056280.5,228.08013355593,228.08013355593,556,0
20832156561.06,205598701949.14,9708514175815.7,228.57595993322,228.57595993322,556,0
19727899670.418,197051560743.21,9607644295350.9,229.07178631052,229.07178631052,556,0
18731261537.923,189183706004.42,9508015873778,229.56761268781,229.56761268781,556,0
17994676699.704,182957300085.32,9411387351852.3,230.06343906511,230.06343906511,556,0
17258091861.484,176730894166.22,9314758829926.5,230.5592654424,230.5592654424,556,0
16521507023.264,170504488247.12,9218130308000.7,231.0550918197,231.0550918197,556,0
15784922185.044,164278082328.02,9121501786074.9,231.550918197,231.550918197,556,0
15048337346.824,158051676408.93,9024873264149.2,232.04674457429,232.04674457429,556,0
14311752508.605,151825270489.83,8928244742223.4,232.54257095159,232.54257095159,556,0
13575167670.385,145598864570.73,8831616220297.6,233.03839732888,233.03839732888,556,0
12838582832.165,139372458651.63,8734987698371.8,233.53422370618,233.53422370618,556,0
12282584995.665,134403747611,8641718626638.5,234.03005008347,234.03005008347,556,0
11791165226.649,129884789343.07,8549650897189.8,234.52587646077,234.52587646077,556,0
11299745457.633,125365831075.14,8457583167741.1,235.02170283806,235.02170283806,556,0
10808325688.617,120846872807.2,8365515438292.4,235.51752921536,235.51752921536,556,0
10316905919.601,116327914539.27,8273447708843.8,236.01335559265,236.01335559265,556,0
9825486150.5846,111808956271.33,8181379979395.1,236.50918196995,236.50918196995,556,0
9334066381.5684,107289998003.39,8089312249946.4,237.00500834725,237.00500834725,556,0
8842646612.5523,102771039735.46,7997244520497.7,237.50083472454,237.50083472454,556,0
8380737326.5365,98477658908.348,7906016098096.2,237.99666110184,237.99666110184,556,0
8052825104.415,95208548498.998,7818598683465.2,238.49248747913,238.49248747913,556,0
7724912882.2935,91939438089.649,7731181268834.2,238.98831385643,238.98831385643,556,0
7397000660.1721,88670327680.299,7643763854203.3,239.48414023372,239.48414023372,556,0
7069088438.0506,85401217270.95,7556346439572.3,239.97996661102,239.97996661102,556,0
6741176215.9291,82132106861.6,7468929024941.3,240.47579298831,240.47579298831,556,0
6413263993.8076,78862996452.251,7381511610310.4,240.97161936561,240.97161936561,556,0
6085351771.6862,75593886042.901,7294094195679.4,241.4674457429,241.4674457429,556,0
5757439549.5647,72324775633.552,7206676781048.4,241.9632721202,241.9632721202,556,0
5497626078.0683,69624390583.268,7122119851552.7,242.4590984975,242.4590984975,556,0
5278781043.1259,67266152614.621,7039283799498.9,242.95492487479,242.95492487479,556,0
5059936008.1835,64907914645.975,6956447747445.1,243.45075125209,243.45075125209,556,0
4841090973.2411,62549676677.328,6873611695391.3,243.94657762938,243.94657762938,556,0
4622245938.2987,60191438708.682,6790775643337.5,244.44240400668,244.44240400668,556,0
4403400903.3563,57833200740.035,6707939591283.7,244.93823038397,244.93823038397,556,0
4184555868.4139,55474962771.389,6625103539229.9,245.43405676127,245.43405676127,556,0
3965710833.4715,53116724802.742,6542267487176.1,245.92988313856,245.92988313856,556,0
3751833077.8912,50803629252.441,6459732197353.7,246.42570951586,246.42570951586,556,0
3605753003.051,49106676069.761,6381301967917.9,246.92153589316,246.92153589316,556,0
3459672928.2108,47409722887.08,6302871738482.2,247.41736227045,247.41736227045,556,0
3313592853.3706,45712769704.4,6224441509046.4,247.91318864775,247.91318864775,556,0
3167512778.5304,44015816521.72,6146011279610.7,248.40901502504,248.40901502504,556,0
3021432703.6902,42318863339.04,6067581050174.9,248.90484140234,248.90484140234,556,0
2875352628.85,40621910156.359,5989150820739.2,249.40066777963,249.40066777963,556,0
2729272554.0098,38924956973.679,5910720591303.4,249.89649415693,249.89649415693,556,0
2583192479.1695,37228003790.999,5832290361867.6,250.39232053422,250.39232053422,556,0
2461978981.3061,35776090841.383,5755991195036.1,250.88814691152,250.88814691152,556,0
2364451730.1507,34557586913.815,5681721936649.1,251.38397328881,251.38397328881,556,0
2266924478.9953,33339082986.247,5607452678262.2,251.87979966611,251.87979966611,556,0
2169397227.8399,32120579058.678,5533183419875.2,252.37562604341,252.37562604341,556,0
2071869976.6845,30902075131.109,5458914161488.2,252.8714524207,252.8714524207,556,0
1974342725.5291,29683571203.541,5384644903101.3,253.367278798,253.367278798,556,0
1876815474.3737,28465067275.973,5310375644714.3,253.86310517529,253.86310517529,556,0
1779288223.2183,27246563348.404,5236106386327.4,254.35893155259,254.35893155259,556,0
1681760972.0629,26028059420.835,5161837127940.4,254.85475792988,254.85475792988,556,0
1615210438.4626,25139476695.57,5091270890794.5,255.35058430718,255.35058430718,556,0
1550084069.003,24266062199.306,5020874901191.9,255.84641068447,255.84641068447,556,0
1484957699.5434,23392647703.042,4950478911589.3,256.34223706177,256.34223706177,556,0
1419831330.0838,22519233206.778,4880082921986.7,256.83806343907,256.83806343907,556,0
1354704960.6242,21645818710.514,4809686932384,257.33388981636,257.33388981636,556,0
1289578591.1646,20772404214.25,4739290942781.4,257.82971619366,257.82971619366,556,0
1224452221.705,19898989717.986,4668894953178.8,258.32554257095,258.32554257095,556,0
1159325852.2454,19025575221.722,4598498963576.2,258.82136894825,258.82136894825,556,0
1102847416.5956,18251411282.009,4529527241212.4,259.31719532554,259.31719532554,556,0
1059344346.2005,17626162938.94,4462692490297.6,259.81302170284,259.81302170284,556,0
1015841275.8055,17000914595.871,4395857739382.8,260.30884808013,260.30884808013,556,0
972338205.41042,16375666252.801,4329022988468,260.80467445743,260.80467445743,556,0
928835135.01535,15750417909.732,4262188237553.2,261.30050083472,261.30050083472,556,0
885332064.6203,15125169566.662,4195353486638.4,261.79632721202,261.79632721202,556,0
841828994.22525,14499921223.593,4128518735723.6,262.29215358932,262.29215358932,556,0
798325923.83019,13874672880.524,4061683984808.8,262.78797996661,262.78797996661,556,0
754822853.43514,13249424537.454,3994849233894.1,263.28380634391,263.28380634391,556,0
723495811.03338,12774314361.886,3930746474234.1,263.7796327212,263.7796327212,556,0
694422283.61522,12326991459.003,3867149346068.2,264.2754590985,264.2754590985,556,0
665348756.19705,11879668556.12,3803552217902.4,264.77128547579,264.77128547579,556,0
636275228.77888,11432345653.237,3739955089736.6,265.26711185309,265.26711185309,556,0
607201701.36071,10985022750.354,3676357961570.8,265.76293823038,265.76293823038,556,0
578128173.94254,10537699847.472,3612760833405,266.25876460768,266.25876460768,556,0
549054646.52437,10090376944.589,3549163705239.2,266.75459098497,266.75459098497,556,0
519981119.1062,9643054041.7058,3485566577073.4,267.25041736227,267.25041736227,556,0
493677019.67574,9232306224.0913,3422806987910.7,267.74624373957,267.74624373957,556,0
474229029.86419,8912105189.0737,3362120844687.4,268.24207011686,268.24207011686,556,0
454781040.05263,8591904154.0562,3301434701464.1,268.73789649416,268.73789649416,556,0
435333050.24108,8271703119.0386,3240748558240.8,269.23372287145,269.23372287145,556,0
415885060.42952,7951502084.021,3180062415017.5,269.72954924875,269.72954924875,556,0
396437070.61797,7631301049.0035,3119376271794.2,270.22537562604,270.22537562604,556,0
376989080.80641,7311100013.9859,3058690128570.8,270.72120200334,270.72120200334,556,0
357541090.99486,6990898978.9683,2998003985347.5,271.21702838063,271.21702838063,556,0
338093101.1833,6670697943.9508,2937317842124.2,271.71285475793,271.71285475793,556,0
323338062.61972,6416635525.9419,2878524288429.7,272.20868113523,272.20868113523,556,0
310304651.35927,6186836315.2022,2820425038518.5,272.70450751252,272.70450751252,556,0
297271240.09881,5957037104.4624,2762325788607.3,273.20033388982,273.20033388982,556,0
284237828.83836,5727237893.7227,2704226538696.2,273.69616026711,273.69616026711,556,0
271204417.5779,5497438682.9829,2646127288785,274.19198664441,274.19198664441,556,0
258171006.31745,5267639472.2431,2588028038873.8,274.6878130217,274.6878130217,556,0
245137595.05699,5037840261.5033,2529928788962.6,275.183639399,275.183639399,556,0
232104183.79653,4808041050.7635,2471829539051.4,275.67946577629,275.67946577629,556,0
219819205.77563,4589442597.0473,2414128455488.8,276.17529215359,276.17529215359,556,0
211050432.03394,4423466271.3922,2358297991968.8,276.67111853088,276.67111853088,556,0
202281658.29226,4257489945.737,2302467528448.8,277.16694490818,277.16694490818,556,0
193512884.55058,4091513620.0818,2246637064928.8,277.66277128548,277.66277128548,556,0
184744110.80889,3925537294.4267,2190806601408.8,278.15859766277,278.15859766277,556,0
175975337.06721,3759560968.7715,2134976137888.8,278.65442404007,278.65442404007,556,0
167206563.32552,3593584643.1163,2079145674368.8,279.15025041736,279.15025041736,556,0
158437789.58384,3427608317.4612,2023315210848.8,279.64607679466,279.64607679466,556,0
149669015.84215,3261631991.806,1967484747328.8,280.14190317195,280.14190317195,556,0
142646818.8532,3123208596.0072,1912867420219.5,280.63772954925,280.63772954925,556,0
136697888.29356,3001716396.961,1858995561972,281.13355592654,281.13355592654,556,0
130748957.73392,2880224197.9147,1805123703724.5,281.62938230384,281.62938230384,556,0
124800027.17427,2758731998.8685,1751251845477,282.12520868114,282.12520868114,556,0
118851096.61463,2637239799.8222,1697379987229.4,282.62103505843,282.62103505843,556,0
112902166.05498,2515747600.776,1643508128981.9,283.11686143573,283.11686143573,556,0
106953235.49534,2394255401.7297,1589636270734.4,283.61268781302,283.61268781302,556,0
101004304.9357,2272763202.6835,1535764412486.8,284.10851419032,284.10851419032,556,0
95171891.102125,2153184793.2779,1481997422422.4,284.60434056761,284.60434056761,556,0
91064298.340093,2061936605.7221,1429782817651.2,285.10016694491,285.10016694491,556,0
86956705.578061,1970688418.1662,1377568212880,285.5959933222,285.5959933222,556,0
82849112.81603,1879440230.6104,1325353608108.8,286.0918196995,286.0918196995,556,0
78741520.053998,1788192043.0545,1273139003337.6,286.58764607679,286.58764607679,556,0
74633927.291966,1696943855.4987,1220924398566.4,287.08347245409,287.08347245409,556,0
70526334.529935,1605695667.9428,1168709793795.2,287.57929883139,287.57929883139,556,0
66418741.767903,1514447480.387,1116495189023.9,288.07512520868,288.07512520868,556,0
62311149.005871,1423199292.8311,1064280584252.7,288.57095158598,288.57095158598,556,0
58795743.477667,1341843714.5437,1012758230145.7,289.06677796327,289.06677796327,556,0
55855784.356192,1270101086.5726,961908557134.12,289.56260434057,289.56260434057,556,0
52915825.234718,1198358458.6014,911058884122.6,290.05843071786,290.05843071786,556,0
49975866.113244,1126615830.6303,860209211111.07,290.55425709516,290.55425709516,556,0
47035906.99177,1054873202.6592,809359538099.55,291.05008347245,291.05008347245,556,0
44095947.870296,983130574.68808,758509865088.03,291.54590984975,291.54590984975,556,0
41155988.748822,911387946.71696,707660192076.5,292.04173622705,292.04173622705,556,0
38216029.627348,839645318.74584,656810519064.98,292.53756260434,292.53756260434,556,0
35276070.505874,767902690.77471,605960846053.45,293.03338898164,293.03338898164,556,0
32990306.18783,706670981.37688,556139632700.3,293.52921535893,293.52921535893,556,0
30738206.323115,645980157.24121,506371343234.61,294.02504173623,294.02504173623,556,0
28486106.458401,585289333.10555,456603053768.94,294.52086811352,294.52086811352,556,0
26234006.593688,524598508.96989,406834764303.27,295.01669449082,295.01669449082,556,0
23981906.728974,463907684.83424,357066474837.6,295.51252086811,295.51252086811,556,0
21729806.86426,403216860.69858,307298185371.92,296.00834724541,296.00834724541,556,0
19477706.999546,342526036.56291,257529895906.25,296.5041736227,296.5041736227,556,0
17225607.134832,281835212.42726,207761606440.58,297,297,556,0
