x,y,z,id,group1,group2,group3,group4,group5,group6,group7,group8,group9,group10,group11,group12,group13,group14,group15,group16,group17,group18
1,3,0,0,1435.5958923587,104246.65947783,203936.24811577,42056.540543641,65360.328750253,55446.750550041,142908.18878298,155068.17670967,7852429.2893205,794316959.58099,7878909180.5787,62327625036.8,145242963379.77,136724795316.39,125312231168.49,115498609607.51,25650192113.368,8751359647.4777
1,3,3.5886287625418,3.5886287625418,2562.7478828055,264121.24810606,701297.47623691,147156.78075413,229672.03638812,195020.27552962,503082.90674506,544222.66318598,25516348.249029,2583451524.8091,25763182391.483,204984624596.09,481981056252.51,461164975897.99,435086462071.8,411035504720.27,88613110371.933,31342460929.902
1,3,7.1772575250836,7.1772575250836,4210.94968239,472444.43200628,1327025.7883835,279339.31137437,436659.34470268,370979.9338847,957435.84361678,1031657.0666651,43421653.990572,4385793496.3753,43793436197.813,348814728870.56,821287956195.08,787557656828.29,745701767283.73,706708609843.04,151862290151.17,53945418196.705
1,3,10.765886287625,10.765886287625,6408.8118119236,732100.25455131,2089606.3522575,440387.08492838,689093.64774663,585675.23360343,1512002.5530894,1623654.7286726,61579599.736485,6201633171.9418,61971418430.161,493828798868.97,1163193843469,1115952225986.5,1057250757175.2,1002632344347.7,215409680145.52,76568553055.842
1,3,14.354515050167,14.354515050167,10598.889501843,1184866.924527,3393517.442701,715388.73614583,1119752.3745177,951855.76503371,2457052.0459561,2622611.4903387,80590100.907826,8052675651.6466,80487120377.764,641444797049.35,1511022290984.8,1449778571433.1,1373648352507.9,1302837802417,279919004448.8,99506782764.253
1,3,17.943143812709,17.943143812709,16997.771414995,1845603.3116005,5285101.214729,1114144.0531107,1743829.5396692,1482288.2657954,3824979.7631006,4060951.970848,100407603.77648,9929492665.7353,99248350135.491,790997355728.22,1863379924801.3,1787917833287,1694097726522.9,1606846088947.1,345244125176.68,122732641593.86
1,3,21.531772575251,21.531772575251,25713.990489525,2722610.7053032,7787606.4265723,1641544.9671968,2568956.8565748,2183440.008532,5632355.7208311,5955822.9440463,121048195.76024,11831532325.434,118249845165.98,942446637138.94,2220176956684.9,2130288057665.2,2018525726376,1914593015172.6,411371296158.79,146241568516.63
1,3,25.120401337793,25.120401337793,42064.943638569,4285704.5504378,12225262.365216,2576389.1983318,4030650.1328291,3424934.287064,8829507.358874,9293518.6115392,144075584.91634,13791596345.316,137803989587.86,1098283374889,2587293082016.6,2482545232781.4,2352307628524,2231195475845.4,479398595397.68,170425310403.19
1,3,28.709030100334,28.709030100334,67521.409951567,6625250.3424667,18842843.701467,3970038.0749299,6208750.1185812,5274296.4010605,13588007.463161,14250641.0595,169575070.37731,15795803145.502,157772300579.62,1257410303059,2962155135712.5,2842231804877.3,2693126658547.2,2554469985212,548858817244.51,195118385490.97
1,3,32.297658862876,32.297658862876,102498.23854986,9764764.2154549,27702977.884027,5835613.4857913,9123608.4177607,7748705.779523,19951412.516348,20871732.112814,197575809.58923,17841431790.423,178127025833.64,1419606277816.2,3344242515472.3,3208848627871.9,3040510256377.2,2883968797684.6,619655869216.27,220286647999.72
1,3,35.886287625418,35.886287625418,166515.38433746,15249507.905377,43109917.199733,9078427.8056406,14187452.059537,12045537.501718,30989526.94962,32334401.179038,232537954.69483,19975526670.698,199287197985.06,1588193347510.4,3741376406645.4,3589899112726,3401567982005.3,3226435638492.4,693238747359.24,246445248530.7
1,3,39.47491638796,39.47491638796,267926.85385061,23591926.824808,66443020.966913,13987754.979397,21849575.033466,18544466.105418,47667396.488029,49629991.013783,275537070.42582,22180991327.44,221066338603.05,1761680187374.1,4150042590214.8,3982011373320.7,3773105187733.3,3578840903985.1,768956686709.94,273362858531.92
1,3,43.063545150502,43.063545150502,408318.17578674,34856146.515259,97860483.636621,20596507.648651,32160485.694417,27287782.141307,70089841.410782,72863649.422549,326638058.22493,24451252015.889,243397137045.4,1939529796197.2,4568975885166.9,4383971426078.5,4153971581076.2,3940093545735.1,846575271860.28,300956144407.8
1,3,46.652173913043,46.652173913043,658990.41899529,54089308.95779,151222767.85013,31816458.383877,49654285.277215,42114596.419467,108064574.37401,112156034.28895,399222591.38392,26854788616.649,266800974851.85,2125840088765.4,5007812335314.5,4805019194207.7,4552919189632.7,4318492699447.2,927877209745.75,329858858391.84
1,3,50.240802675585,50.240802675585,1062875.1351919,83783611.705134,233163065.42328,49037314.727749,76486187.018025,64844068.464165,166201402.87282,172227860.21666,499046511.70308,29378537226.974,291072371372.75,2318947095609.1,5462623987564.5,5241383039789.4,4966372826685.8,4710646241306.6,1012133463644.4,359811830568.51
1,3,53.829431438127,53.829431438127,1626039.813082,124097799.57795,344009678.18197,72326114.97134,112756088.49141,95557875.455209,244689574.82498,253256152.1162,626186346.52286,32010130831.869,316085552694.4,2517847700792.5,5931047546607.9,5690795289040.4,5392183756911.5,5114516050013.3,1098906116723.1,390659382283.64
1,3,57.418060200669,57.418060200669,2607634.666979,191388902.44207,527895732.25053,110940136.6582,172846240.51747,146412451.4179,374443719.44259,387007818.88011,821470746.82866,34863260240.388,342469867411.28,2727379429860.1,6424424276348,6164119401964,5840635671727.8,5539849169572.3,1190287974302.2,423145508204.3
1,3,61.006688963211,61.006688963211,4215757.383672,296793504.91862,813941073.65112,170970539.65647,266180354.29754,225347365.24328,575481898.95552,593889394.00203,1110312508.5126,37951386465.659,370040810569.16,2945960133215.2,6938992933539.3,6657734891997.3,6308291964695,5983381544320.8,1285576826649,457020577593.48
1,3,64.595317725753,64.595317725753,6473600.6220569,440625216.22789,1202438914.3701,252468709.09664,392814593.13627,332394685.03686,847782110.62779,873780103.97315,1492208782.3774,41253205846.828,398591480822.53,3171943292795,7470875613755.9,7167921209084.2,6791627481394.9,6441769685945.1,1384054323628.3,492029218099.58
1,3,68.183946488294,68.183946488294,10317369.450975,675416203.96424,1831991371.4138,384450181.84877,597693780.54227,505456253.8316,1287144468.9232,1324565208.9084,2090984075.1707,44999014666.579,428884671245.85,3410868943581.9,8032958395006,7706986880551.1,7302275628084,6926026712511.2,1488082436456.1,529011124192.93
1,3,71.772575250836,71.772575250836,16718539.663691,1048378455.9691,2823025673.9938,592048141.48667,919566893.8963,777090000.34696,1975056278.6158,2028737960.641,3009087860.7898,49305610360.373,460823790616.25,3661527151877.8,8622257527134.6,8272024171852,7837457830855.6,7433500276674,1597087891304,567762512512.47
1,3,75.361204013378,75.361204013378,25765736.903373,1559718350.1519,4173278724.6158,874736147.98196,1357494583.9806,1146422751.045,2908760458.621,2982956287.3136,4241197796.264,54133668316.505,494090971398.57,3921412848839,9232881094043.9,8857383171552.6,8391822534015.6,7959115859396.8,1709980692803.1,607895890702.22
1,3,78.94983277592,78.94983277592,40817330.732333,2376371317.0944,6310607820.6775,1321847463.0817,2049298026.749,1729315651.3501,4378641699.5037,4481574765.768,6154753408.2202,60033527569.344,529660336899.32,4196712161836.5,9878923231232.2,9476426459685.4,8977947158268,8514742674081.7,1829298866543.5,650313574712.67
1,3,82.538461538462,82.538461538462,66290658.137273,3691271259.0435,9710808791.8695,2032362942.8844,3146827860.1077,2652861841.8826,6699400493.4837,6839901176.3011,9136721236.0943,67488182293.125,567670448435.49,4486909233679.5,10558682320174,10127359793850,9594048067057.4,9098629339517.9,1954654244173.4,694877625536.8
1,3,86.127090301003,86.127090301003,102524138.98661,5501857014.1891,14353131882.179,3001675544.8169,4642326331.5339,3910111628.7001,9850693992.9933,10034502498.516,13153109201.864,76401740497.846,607643280812.27,4788372030991.5,11263660110588,10802049857491,10232430194846,9703485753382.6,2084482322975,741031859606.7
1,3,89.715719063545,89.715719063545,161463782.63967,8332002781.4636,21529458727.959,4498536400.4861,6948088335.1191,5846133662.4079,14686905418.569,14921370420.789,19255432472.629,88187366888.356,650971615574.77,5107801037000.2,12008320059702,11513935582980,10905600338233,10341012690120,2221264849355.3,789658680480.32
1,3,93.304347826087,93.304347826087,262808387.08713,12948418273.222,33044862206.708,6896730310.8741,10633434043.842,8934694645.2729,22362368171.845,22638888176.564,28813045424.465,104537804469.25,698403467906.43,5445635556077,12792063745929,12261908872723,11612236334723,11009764468523,2364653589942.7,840634477583.78
1,3,96.892976588629,96.892976588629,407849415.21956,19330050669.992,48775771987.178,10169105446.821,15653263942.309,13135762261.996,32762295849.225,33056986651.681,41642799502.245,125122557446.76,749180907513.99,5796765978148.8,13603152767522,13034812264997,12341823693695,11699811008007,2512523926888.8,893203922115.69
1,3,100.48160535117,100.48160535117,638647677.3032,29096350671.422,72509822970.284,15099452604.168,23200103161.514,19440847828.854,48296613840.835,48546736766.653,60589779492.15,153521558881.82,805591805131.11,6168001940780.7,14454254124265,13843697870651,13104273261124,12420157875023,2666733278702.3,948027706106.85
1,3,104.07023411371,104.07023411371,1041743249.8665,45225381597.18,110814425144.82,23038320792.961,35308450997.518,29527887367.514,72950307265.871,72938967948.653,90115219620.786,195027241403.52,869903362622.69,6560436381624.5,15343033717481,14684758772300,13895195326183,13166101145051,2826166971342,1004710129827.7
1,3,107.65886287625,107.65886287625,1622061172.3499,67598969293.869,163050247170.16,33845674019.276,51746650083.605,43191808663.615,106140589635.14,105580883548.46,129321326898.89,248286408100.79,940682030997.03,6966997886559.6,16254199346606,15543794143225,14701386026754,13925301191781,2988211253525.2,1062321856488.4
1,3,111.2474916388,111.2474916388,2525830473.9681,101132037793.22,239876228420.69,49709386708.358,75800685283.555,63136000194.118,154243339809.05,152561111807.97,185245553877.02,321629048594.61,1021950129796.4,7393264466815.3,17193261966261,16423663504456,15524345390874,14698347364318,3152832524923.3,1120851814238
1,3,114.83612040134,114.83612040134,4128747820.7865,157164053331.38,364010905178.51,75249594598.325,114304970035.47,94912117844.281,229879768246.09,225494379389.08,270708102791.41,429269242398.1,1119137566524.4,7838009929012.4,18144903954989,17305838469481,16344662616020,15465583510790,3315574146734,1178717081573.4
1,3,118.42474916388,118.42474916388,6449581545.6709,235117752660.6,532355125874.52,109787609544.56,166136927194.87,137526606076.91,330259979088.89,321324880921.8,381675314049.16,565726060160.14,1228784753010.8,8291667927343.6,19092053734842,18175761805877,17149486824023,16215490505831,3474093358158.9,1235084149480.3
1,3,122.01337792642,122.01337792642,9988598418.1679,349570487739.68,773132386597.15,159038559424.23,239690672226.53,197756791551.28,470539798348.48,453789585166.25,533066068244.68,747295076875.79,1357276011164,8754499928964.2,20021288330482,19016253109776,17920466261320,16929274752651,3624092601210.2,1288426789532.8
1,3,125.60200668896,125.60200668896,16361146197.303,542910994145.44,1159472457753.7,237579965485.2,355809925475.4,292041008570.63,685151727770.74,652151998216.83,754328403210.82,1003175186138.1,1513596881909.8,9210442024213.3,20871637786624,19762075006324,18592678952759,17543357001345,3751548134245.2,1333761671411.9
1,3,129.19063545151,129.19063545151,25638692796.432,812517126271.74,1676837785273.8,342223414989.01,509214680040.86,415711430672.69,961513892373.94,903411290151.92,1029622967190.9,1314083292096.4,1688622481161.9,9648601272402.6,21635294204610,20411393848138,19167181192957,18060641028438,3857442439020.9,1371435261543.6
1,3,132.77926421405,132.77926421405,39496920172.09,1200364569695.7,2392845996702.9,486308238652.72,718634313538.67,583302424975.96,1328924773855.8,1231668923727.9,1382421248871.2,1702510645552.9,1888845746357.5,10054033436742,22259706854297,20908786334020,19589161939837,18427660056305,3930016577054.9,1397268107138.5
1,3,136.36789297659,136.36789297659,64825856547.16,1862069265997.2,3514956134440,709414476288.26,1036341848621.5,833147642370.12,1854820388067.2,1685580946353.8,1852981059509,2198921506566.5,2116148973476.7,10359768623699,22568563999056,21080358053715,19691843560374,18484963592335,3934757611202.6,1398979182125.6
1,3,139.95652173913,139.95652173913,101897426018.97,2786242325830.7,4976010134090.4,996762493126.72,1438043444496.8,1144250496980.7,2489795380304.1,2220237138347.5,2393163676178.2,2752587141315.2,2351367946031,10567147979416,22605919912331,20980157583588,19531756035698,18289485257742,3884459153929.6,1381087245206.7
1,3,143.54515050167,143.54515050167,156164040931.25,4089070892546.3,6908980903548.7,1372887984414.9,1954201491776,1537760531448.1,3267599483919.7,2857906707045.8,3019107600002.6,3373153646062.7,2591882381372.9,10631679877973,22262090782956,20501629532456,19007263943072,17744283071456,3758142769964.8,1336108244942.8
1,3,147.13377926421,147.13377926421,256816774745.99,6331192244909.2,9743987421471.8,1907592056577.2,2651681204081.5,2049755480011.4,4219188271546.7,3598484432926.4,3702862621362.4,4010929734609.8,2797068594668.5,10382006959760,21168308362033,19297699319444,17791204961822,16538393913786,3488299955754.2,1239573783616.6
1,3,150.72240802676,150.72240802676,404889374627.29,9464622228812.9,13172126852870,2531514400395.9,3430744750950.1,2608276925705.1,5219479076946.3,4344488622987.8,4353281814242.8,4598483023280.6,2958860480786.8,9900789842165.4,19530185272255,17570283428276,16076933856630,14853114682138,3113162293168.5,1104134173718.3
1,3,154.3110367893,154.3110367893,617388810012.29,13793531624188,17332157075001,3260264688475.5,4297320299346.3,3213240057787,6256946839872.7,5075433969259.1,4937628044828.4,5102554867332.2,3060058393719.8,9125144070175.1,17202479062246,15180665000924,13732703666443,12560583304031,2604280507223.2,918938577693.69
1,3,157.89966555184,157.89966555184,1017279896017.2,21296161812723,22079640686191,3930918334968.8,5099817795847.1,3744657716490.6,7103649000464,5505377730894.6,5132001621653.5,5358175160879.3,3215031349214,7831038565543.1,13606463642642,11624907834969,10277670816734,9116998563611.2,1832321602699.4,620906494717.77
1,3,161.48829431438,161.48829431438,1340651224842.2,27486675625519,26091972646495,4476962121220.2,5762348455040.2,4181022194564.5,7791306039503.8,5818712471043.1,5228948807896.2,5523158509220.4,3330114961172.2,6653743552334.2,10477247278504,8577037792969,7346747138325.9,6236891834757.8,1193701000968.3,380086939413.78
1,3,165.07692307692,165.07692307692,1526945199209.2,31332808053246,28975638276750,4856170679986,6237300098493.3,4494661108291.3,8284126565004.3,6014210635849.6,5248942146130.2,5598800355358.1,3380557477219,5721779296304.2,8203681716685,6426942982218.5,5327901678562.3,4330670403730.3,784091234080.36,237524040057.16
1,3,168.66555183946,168.66555183946,1669706529428.2,34445545457303,31545547518635,5207452807644.8,6678765458918.4,4789893520712.3,8756246850892.7,6220439849563.3,5297935971922.5,5682823253302.4,3414227372002.4,4908755780206,6240857832196,4577570755243.5,3600234660280,2716159463851.6,441739325532.34,120074224920.26
1,3,172.25418060201,172.25418060201,1643612347696.5,34713571849485,32898450612078,5450413193911.6,6990343384874.9,5013730334220.5,9148074528196.9,6468292924920.6,5459417616209.1,5799354785196.9,3382839202760.6,4557082589273.4,5483346559357.1,3894648828552.3,3001997883776.2,2233142493346.2,360268884787.97,100033670708.71
1,3,175.84280936455,175.84280936455,1617518165964.8,34981598241668,34251353705522,5693373580178.4,7301921310831.3,5237567147728.7,9539902205501.2,6716146000278,5620899260495.6,5915886317091.4,3351451033518.8,4205409398340.9,4725835286518.3,3211726901861.1,2403761107272.5,1750125522840.7,278798444043.61,79993116497.169
1,3,179.43143812709,179.43143812709,1578147102461.2,34641745038479,34650787795515,5781392152779.6,7442741376424.9,5349566227327.2,9766405206202.4,6880638011514.5,5753541371061.5,6031257066509.6,3372215968890.6,4107729463017.2,4495497467666.2,3005315373573.5,2226092856793,1609318591726,255465744146.7,73494383419.265
1,3,183.02006688963,183.02006688963,1538712132478.9,34298965888893,35045632491134,5868664933870.5,7582739522101.7,5461026991086.2,9992112438883.7,7044728775518.6,5886044666423.8,6146622228658.1,3393231936193.2,4011272089952.5,4267697127091.6,2801197463782.5,2050448956156.9,1470158842454,232412882419.54,67060832069.89
1,3,186.60869565217,186.60869565217,1511613670744.7,33987084560313,35139325215670,5897236095806.6,7640418006293.1,5512520971062.4,10112878181801,7141041650505.1,5971162527692.6,6230309488033.2,3419115901575.1,3982442720491.7,4176125621597.1,2715146743636.7,1975265737977.5,1410239556827.6,222462588002.05,64313468541.452
1,3,190.19732441472,190.19732441472,1487884954218.3,33683643041620,35150757596274,5909772777331.8,7675610688243.7,5547634888039.9,10204978918776,7218840841382.1,6043336950165.6,6305343856418.4,3446329571673.4,3972086093599.8,4121765331380.1,2661346344126.1,1927523583062.1,1371964983568.3,216091289562.63,62572995576.805
1,3,193.78595317726,193.78595317726,1471069404623.3,33444788490961,35100777620453,5908065978183.8,7686185883391.1,5562236099174.4,10253937272957,7264685304197.9,6089058684588.1,6356713554567.2,3467053927789.1,3971249295217,4094543522662.2,2632396143014.3,1901214288653.4,1350629767897.7,212523270529.11,61602368181.848
1,3,197.3745819398,197.3745819398,1459349086914,33253536664525,35005534713800,5895861264315.7,7678617179374.3,5561718770005.5,10271098269048,7286978079207.4,6115283916039,6390641610766.2,3482995445612.4,3977428924218.3,4087323669291.3,2621761357182.9,1890701718863.5,1341779417089.9,211021360813.61,61199142345.799
1,3,200.96321070234,200.96321070234,1449766900211.7,33088683679621,34906511232666,5881953734500.3,7666736792334.1,5556919363301.2,10276778056802,7299436239923.4,6132258319872.1,6414670439289.1,3494722229286.4,3982429113080.3,4082683245427.6,2614401788123.7,1883304386929,1335503908843.8,209953229445.42,60913296097.498
1,3,204.55183946488,204.55183946488,1443889482210.9,32969572326794,34800937098663,5865095712312.8,7647385493425.7,5544700342561,10262564198581,7294853830578,6133203688763.6,6421546741263.2,3499146085726.3,3985385669957.6,4082512234183.8,2612717231750,1881304870033.3,1333689865354.9,209636711724.47,60830835058.733
1,3,208.14046822742,208.14046822742,1438356892533.2,32855687641766,34697155181637,5848395965035.1,7627898897039.8,5532166872418.8,10246899845038,7288730048711.5,6132460234238.5,6426280029762.2,3502456516621.9,3987479622025.1,4081936256588.8,2610988409153.4,1879375809863.9,1331975826056.4,209339865705.13,60752908389.452
1,3,211.72909698997,211.72909698997,1434687379954.7,32770042183132,34603056455292,5832551363173,7607681300283.4,5517934459816.1,10223398592851,7274278366688.7,6122592215338.9,6419434804951.1,3499751207236,3984912996177.3,4079172281418.4,2609020420047.5,1877827421189.5,1330802100603.2,209149304159.34,60699480519.658
1,3,215.31772575251,215.31772575251,1431017867376.2,32684396724498,34508957728947,5816706761310.8,7587463703527,5503702047213.5,10199897340664,7259826684666,6112724196439.3,6412589580140,3497045897850.1,3982346370329.6,4076408306248.1,2607052430941.6,1876279032515,1329628375150,208958742613.54,60646052649.864
1,3,218.90635451505,218.90635451505,1427947845483.3,32610567188644,34424988913316,5802412507398.6,7568718236574.6,5490124264471.2,10175447757269,7243183422785.3,6099629569410,6400558811320.3,3491169009776.9,3976394780817.3,4070729656452.8,2603518657037.2,1873758878014.2,1327845989493.2,208678852235.37,60564795369.514
1,3,222.49498327759,222.49498327759,1424911761926.4,32537406575204,34341593571670,5788206021704.8,7550056109759.1,5476583541601,10150944486997,7226416091298.2,6086352277806.9,6388234478749.3,3485112572453.8,3970251561915.9,4064886001247.2,2599896241004.2,1871183709956.3,1326029146396.3,208393904777.92,60481962612.002
1,3,226.08361204013,226.08361204013,1421953954664.2,32467071384269,34262885740751,5774817709699.6,7532430032207,5463739575417.1,10127239166922,7209783513365.6,6072719835390.5,6374771824416.9,3478176329573.2,3962897476052.5,4057735254453.4,2595440873408,1868019287129.9,1323802563787.2,208045198792.19,60380420613.005
1,3,229.67224080268,229.67224080268,1419024128969.1,32397746202169,34185853562672,5761721871705.5,7515174313037.5,5451144680091.5,10103819091531,7193199106027,6058960436578,6360902252169.3,3470925581026.9,3955110539411.5,4050117259292.7,2590687749127.3,1864644222347.9,1321429510862.1,207673700931.37,60272190588.005
1,3,233.26086956522,233.26086956522,1416089416705.7,32329018108684,34110570766675,5748950749628.4,7498379123678.8,5438895404282.7,10080995083950,7176963114303.9,6045385521829.1,6346995516400.6,3463548733285.5,3947044594136.6,4042123468897.5,2585667130689.4,1861067325186,1318910067264,207278940886.04,60157279010.821
1,3,236.84949832776,236.84949832776,1413150316928.4,32260826124462,34036858692198,5736471180942.8,7481997431229.9,5426956450626.4,10058706269079,7161039955272.3,6031976250190.4,6333055412539.8,3456058664583.6,3938728134768.6,4033792262412.2,2580406336686.8,1857309208343.2,1316259183551.7,206863294372.18,60036368253.746
1,3,240.4381270903,240.4381270903,1410210205828.2,32192841975823,33963731737233,5724101289384,7465777421530.1,5415143979159.5,10036669745931,7145296088857.2,6018705857914.2,6319217024410.5,3448596482911.8,3930398563858.4,4025412273985.2,2575101946202.7,1853514781082.3,1313580483935,206443115195.05,59914188334.059
1,3,244.02675585284,244.02675585284,1407267917248.5,32125305318020,33891864603208,5711967543669.5,7449905530990.5,5403603836520.3,10015176432144,7129938257411.8,6005734486822,6305597640443.8,3441194344810.1,3922040762484.2,4016927253149.6,2569703688125.6,1849642173852.8,1310841893889,206013176739.71,59789275780.093
1,3,247.61538461538,247.61538461538,1404327890680.9,32057851899953,33820136287858,5699858877215.6,7434069657603.5,5392091690152.5,9993741044766.9,7114624330999.9,5992801035236.7,6292015435844.3,3433809402487.6,3913696164566.1,4008450109668.7,2564308327783.2,1845770746507.5,1308103736850.1,205583275031.45,59664383030.659
1,3,251.20401337793,251.20401337793,1401406665530.9,31991090354854,33749561807125,5687958664840,7418533151987.2,5380812243505,9972787130778.7,7099675334934.7,5980182763432.3,6278742259124.5,3426567388234.3,3905461311282.4,4000038441272.6,2558937052865.3,1841909126137.4,1305369178884.1,205153678758.01,59539654892.763
1,3,254.79264214047,254.79264214047,1398485440380.8,31924328809755,33678987326392,5676058452464.3,7402996646370.9,5369532796857.6,9951833216790.5,7084726338869.6,5967564491628,6265469082404.6,3419325373980.9,3897226457998.6,3991626772876.6,2553565777947.4,1838047505767.3,1302634620918.1,204724082484.57,59414926754.867
1,3,258.38127090301,258.38127090301,1395597968312,31858415444672,33609439167518,5664336054554.7,7387703106348.3,5358436494454,9931246918150.3,7070055607166.5,5955192495979,6252460465963.3,3412222502487.1,3889133141258.2,3983342823741.5,2548269144702.5,1834236465576.6,1299934452234.4,204299777451.47,59291767729.165
1,3,261.96989966555,261.96989966555,1392714345487.8,31792598807124,33540008051703,5652633934834.5,7372437274433.2,5347361078054.5,9910702542835.3,7055416609087.6,5942848585978.3,6239482020315,3405135499011.8,3881055965526.4,3975073439874.6,2542981023689.6,1830431193614.4,1297238205348.4,203876075838.2,59168787647.026
1,3,265.55852842809,265.55852842809,1389861922744.2,31727502047001,33471353051346,5641063450886.9,7357345630566.2,5336413791721.3,9890404711660.1,7040959448093.6,5930663488214.7,6226676700304.9,3398143526562,3873084697303.7,3966909155540.2,2537758560017.2,1826672423546.7,1294574544916.6,203457466699.05,59047294141.681
1,3,269.14715719064,269.14715719064,1387023657107.4,31662731932882,33403050215127,5629552696967.8,7342333024918.3,5325524644694.4,9870218750443.7,7026584796086.3,5918550451861.3,6213949936443.2,3391194674654.1,3865161484851.7,3958792560355.6,2532565888510.8,1822934753818.4,1291925670661.8,203041168281.52,58926475173.903
1,3,272.73578595318,272.73578595318,1384208358302.7,31598482576282,33335292941847,5618133861034.9,7327440546574.6,5314722894158.1,9850196762038.8,7012328555337.4,5906538928587.4,6201332460404.3,3384306239669.6,3857307504057,3950746765589.7,2527418364809.8,1819229488063.5,1289299708407.5,202628466585.22,58806701335.314
1,3,276.32441471572,276.32441471572,1381418128630.9,31534801645466,33268131170369,5606815356929,7312679191554.9,5304016540072.1,9830353755925,6998201564786.3,5894638210533.9,6188834276001.2,3377483751955.7,3849529092135.7,3942778252057.5,2522320121581.3,1815559592424.8,1286698755435.8,202219690841.05,58688068293.267
1,3,279.91304347826,279.91304347826,1378640924289.3,31471416032176,33201278213915,5595548829605.2,7297985555516.5,5293359290649.8,9810601959610.7,6984139764891.8,5882792747338,6176394784695.5,3370693577850.5,3841787828937.2,3934847974410.7,2517246387417.6,1811907351858.2,1284110318233.7,201812882353.1,58570006127.877
1,3,283.5016722408,283.5016722408,1375899231444.3,31408835555276,33135267192638,5584424008732.8,7283476544538.6,5282835917304.6,9791098832346.9,6970255696982.2,5871097927746.9,6164115310809.8,3363991501674,3834147845838.6,3927021940840.1,2512239473331.3,1808303245045.2,1281556003292.1,201411437277.18,58453500367.139
1,3,287.09030100334,287.09030100334,1373160370779.8,31346319479503,33069323755755,5573310567626.3,7268982358789.8,5272323289091.3,9771615608937.9,6956385803849.7,5859415064647.4,6151848440990.1,3357296332697.5,3826515778529.7,3919204047213.1,2507237777523,1804702898516.6,1279004354994.3,201010411426.91,58337116236.377
1,3,290.67892976589,290.67892976589,1370467006966.8,31284837959509,33004466011431,5562379933915.5,7254726329219.2,5261983273358.3,9752452126016.8,6942743617870.5,5847924273612.1,6139784046030.7,3350712122706.7,3819010872440,3911516915669.1,2502319909432.8,1801162958134.3,1276495544326.9,200616120122.05,58222685999.899
1,3,294.26755852843,294.26755852843,1367773643153.9,31223356439515,32939608267108,5551449300204.6,7240470299648.6,5251643257625.2,9733288643095.7,6929101431891.3,5836433482576.7,6127719651071.2,3344127912716,3811505966350.4,3903829784125.2,2497402041342.7,1797623017752.1,1273986733659.6,200221828817.18,58108255763.42
1,3,297.85618729097,297.85618729097,1365121017311,31162803294995,32875727627312,5540683267935.8,7226428811313,5241458775551,9714413193757.3,6915664208018.7,5825115321380.4,6115836663437.9,3337642851608,3804114349306.7,3896258926898.5,2492558646805.7,1794136720256.1,1271515956261.7,199833516140.69,57995560275.165
1,3,301.44481605351,301.44481605351,1362475645770.9,31102415468399,32812020982733,5529946546618.7,7212425526821,5231301989707.7,9695589035211.3,6902263482212.8,5813827900770.7,6103985979418.1,3331175446166.1,3796742905900,3888708774902.8,2487728513943,1790659975070.3,1269051951534.2,199446268092.1,57883173697.455
1,3,305.03344481605,305.03344481605,1359860748146,31042722892878,32749047210459,5519333318338.5,7198583262441.1,5221261966991.9,9676981176431.1,6889016680196.1,5802670092098.3,6092271367837.1,3324782327509.4,3789456205331.9,3881245489572.7,2482953980790.2,1787223262816.6,1266616324066.8,199063480300.74,57772081443.148
1,3,308.6220735786,308.6220735786,1357263060146.3,30983422948574,32686487315352,5508789830650.3,7184831931430.3,5211287884266.1,9658495469264,6875856804021.1,5791585479562.8,6080633600851.2,3318431161050.8,3782217361840.5,3873831260714.3,2478210846627.8,1783809158480.2,1264196722174.3,198683211363.78,57661720135.965
1,3,312.21070234114,312.21070234114,1354685731052.5,30924587696750,32624417568743,5498328945965.9,7171188325189.4,5201391929387,9640154530083.8,6862799966027.3,5780587638279.8,6069086916912.4,3312129702027.9,3775035184068.1,3866475083903.6,2473504856319.7,1780421793061.2,1261796071694.5,198305920968.11,57552223227.362
1,3,315.79933110368,315.79933110368,1352135463344.9,30866370121669,32562999335428,5487977858527.7,7157687908451.6,5191599823302.7,9622006018848.4,6849880088047.4,5769705134746.2,6057661302030,3305894314930.8,3767928327284.3,3859196070811.9,2468848238222.5,1777069969442.6,1259420611738.2,197932589697.6,57443875291.305
1,3,319.38795986622,319.38795986622,1349595557089.5,30808389077117,32501830634790,5477668825661,7144242340190,5181847498833.5,9603931232156.3,6837012689746.3,5758866830509.5,6046282085538.4,3299684247469,3760850328491,3851946615565.4,2464210529800.4,1773731757292.3,1257054798494.7,197560774534.14,57335967354.605
1,3,322.97658862876,322.97658862876,1347092478847.8,30751248739967,32441548855472,5467509268593.6,7130991721478.5,5172236571327.2,9586118486773.8,6824331821509.2,5748185625132.2,6035067784209.6,3293564174330.4,3753874900500.8,3844802218635.9,2459640032592,1770441924783.3,1254723272845.5,197194348114.5,57229623320.542
1,3,326.5652173913,326.5652173913,1344589861603.1,30694118926515,32381278178484,5457351582651.6,7117743543176.8,5162627413886.8,9568309021921.7,6811653288602.6,5737506386743.6,6023855547895.4,3287445228088,3746900756836.4,3837659137106.8,2455070376879.8,1767152697980.3,1252392176464.6,196827989159.43,57123298865.984
1,3,330.15384615385,330.15384615385,1342133758648.1,30638050947168,32322127719149,5447382692018.4,7104741600593.3,5153196854929.3,9550830560414.5,6799210388988.3,5727025616223.5,6012851670190.6,3281439984909.9,3740056200783.7,3830648778593.6,2450585627567.1,1763924586515.8,1250104392974.8,196468437334.79,57018949970.43
1,3,333.74247491639,333.74247491639,1339677655693.1,30581982967820,32262977259814,5437413801385.2,7091739658009.9,5143766295971.9,9533352098907.3,6786767489374,5716544845703.3,6001847792485.8,3275434741731.8,3733211644731.1,3823638420080.4,2446100878254.5,1760696475051.3,1247816609485,196108885510.16,56914601074.876
1,3,337.33110367893,337.33110367893,1337258969428.3,30526769131967,32204727893971,5427596775880.2,7078935785508.9,5134479400893.9,9516139899913.9,6774514139394.9,5706223731997.3,5991011535497.7,3269520973138.3,3726471344057.1,3816734839277.8,2441684436912.3,1757517531025.4,1245563671062.7,195754809976.09,56811841509.763
1,3,340.91973244147,340.91973244147,1334849634067.2,30471768757364,32146703722776,5417817703389.5,7066181413224.1,5125228409234.4,9498994243286.8,6762308160264.4,5695942518546.4,5980217169044.5,3263630065199.1,3719757098119.4,3809857943574,2437285066594.9,1754350874563.5,1243319440863,195402103036.23,56709479138.408
1,3,344.50836120401,344.50836120401,1332467784905.5,30417395830511,32089341482819,5408150188841.5,7053572540187.5,5116082950776,9482044179620,6750241422903.1,5685778588910.7,5969545938461.9,3257806356268.3,3713119441486.1,3803059491162,2432935878483.3,1751220338936.8,1241100809640.9,195053419265.43,56608284370.811
1,3,348.09698996656,348.09698996656,1330105012786.4,30363458389387,32032438662163,5398560102082.3,7041064652206.7,5107010738580.5,9465229868998.6,6738271327538.2,5675696061157,5958960171432.7,3252029287410.8,3706534942345.2,3796315483018.8,2428621519780.8,1748114873299,1238899945618.5,194707527811.13,56507899989.055
1,3,351.6856187291,351.6856187291,1327759882959,30309923683955,31975960713940,5389041620812.4,7028650155504.7,5098006264686.9,9448541103032.7,6726390606994.2,5665688814061.9,5948453441735.2,3246295352037.7,3699999604648.3,3789621826701.2,2424339372560.1,1745032593349.4,1236715513436,194364218812.63,56408265085.885
1,3,355.27424749164,355.27424749164,1325443471975.7,30257044568160,31920174390443,5379639701887.2,7016387684946.9,5089112057972.4,9432056703793,6714655374439.9,5655804111902.5,5938075372239.6,3240631631115.1,3693544293961.2,3783010135145.1,2420109660507,1741988056011.5,1234557829674.8,194025113641.33,56309850214.618
1,3,358.86287625418,358.86287625418,1323134944789.8,30204345423059,31864577930615,5370269781463,7004166948332.9,5080248121599.4,9415628406793.1,6702960080890.7,5645953050564.1,5927732622187.8,3234987185269.6,3687110952204.2,3776420944604.2,2415894343019,1738953879819.2,1232407488913.3,193687162507.55,56211770267.569
1,3,362.45150501672,362.45150501672,1320864696505.9,30152520105649,31809903332717,5361055226203.1,6992148846242.7,5071531159504.1,9399472507981,6691458706739.9,5636265328491.6,5917561361767.7,3229436327418.1,3680784278144.4,3769941005240.5,2411748916741.2,1735970011017.8,1230292801269.7,193354814674.67,56115316507.821
1,3,366.04013377926,366.04013377926,1318594448222,30100694788239,31755228734819,5351840670943.2,6980130744152.6,5062814197408.8,9383316609168.9,6679957332589.2,5626577606419.1,5907390101347.6,3223885469566.5,3674457604084.5,3763461065876.8,2407603490463.5,1732986142216.4,1228178113626.2,193022466841.8,56018862748.073
1,3,369.62876254181,369.62876254181,1316368377336.4,30049877938542,31701618024418,5342805416699.1,6968346494514.1,5054266852373.8,9367475073835.2,6668679752070.7,5617078387175.2,5897416750811.4,3218442617969.9,3668254030438.7,3757107208172.3,2403538722402,1730060330895.3,1226104571633.2,192696585521.06,55924285696.818
1,3,373.21739130435,373.21739130435,1314144098086.4,29999101987737,31648050460484,5333777434093.8,6956571728874.1,5045726386240.2,9351646287663.4,6657411247610.4,5607586812754.1,5887451426605.7,3213004146618.9,3662055449189.2,3750758463770.1,2399477225473.3,1727136874123.2,1224032698321.9,192370966452.83,55829784756.378
1,3,376.80602006689,376.80602006689,1311954210112,29949111106722,31595311104290,5324889032376.4,6944979010754.7,5037317962125.9,9336062224556.2,6646316960000.9,5598241981923.1,5877640169395.2,3207649755169.1,3655952698286.8,3744507870379.1,2395478518586.3,1724258613336.3,1221992855626.6,192050381362.27,55736744775.454
1,3,380.39464882943,380.39464882943,1309775708533.4,29899380149635,31542845954299,5316046843636.3,6933446565628.7,5028953254991.3,9320559185302.8,6635280352776.6,5588945735524.4,5867879921278.3,3202323201216.5,3649881675264.4,3738289773202.5,2391500600467.9,1721395316210.1,1219963617750.9,191731462940.39,55644188494.626
1,3,383.98327759197,383.98327759197,1307621893560.7,29850212729549,31490975308557,5307304848911.6,6922044797963.8,5020683330334.3,9305231813113.4,6624368802057.1,5579754824980.2,5858230265390.3,3197057001226.4,3643879440939.4,3732142130788.4,2387567754433.2,1718564461829.1,1217957372239.9,191416158034.29,55552680926.498
1,3,387.57190635452,387.57190635452,1305488980458.1,29801522449872,31439608022843,5298647687327.1,6910753673428.1,5012493656929.5,9290053176241.5,6613563135266.4,5570653101113.3,5848674246692.6,3191841902254.3,3637935449226.8,3726054141625.4,2383673070422.4,1715761076353.7,1215970594104.2,191103912651.14,55462061291.558
1,3,391.16053511706,391.16053511706,1303371129799.3,29753176010016,31388603471114,5290051658642.1,6899542281118.8,5004361814599.4,9274981721773.5,6602833771127.4,5561615647455.7,5839185705279.8,3186663627951.9,3632033428686.6,3720009140274.4,2379805887072.3,1712977485776.8,1213997844730.6,190793872050.06,55372081527.337
1,3,394.7491638796,394.7491638796,1301283619405.5,29705522166354,31338329574075,5281578769893.1,6888491493350.2,4996346461342.9,9260126164709.8,6592258103339.8,5552707653213.7,5829833083291.7,3181559529543.6,3626215950634.8,3714050729228.6,2375994098274.3,1710233768043.1,1212053353478.1,190488272539.22,55283390654.041
1,3,398.33779264214,398.33779264214,1299201625713.9,29657994254676,31288188527226,5273128270854,6877469907227.6,4988352288523.9,9245309862854.5,6581710381102.2,5543823197657.8,5820505174852,3176468918240.7,3620413844526.9,3708108062325.9,2372192381444.8,1707497300068.3,1210114000172.8,190183480516.63,55194934129.493
1,3,401.92642140468,401.92642140468,1297159336263.4,29611372687710,31239003616084,5264838912728.9,6866658488185.4,4980510553368.3,9230776084542,6571363785699.1,5535108152310.4,5811355132218.3,3171475374943.9,3614722371789.2,3702278707548.4,2368463153549.9,1704813009311.5,1208211625172.8,189884500065.29,55108164235.622
1,3,405.51505016722,405.51505016722,1295117046812.8,29564751120744,31189818704942,5256549554603.9,6855847069143.1,4972668818212.7,9216242306229.5,6561017190295.9,5526393106963,5802205089584.5,3166481831647,3609030899051.5,3696449352771,2364733925654.9,1702128718554.8,1206309250172.8,189585519613.96,55021394341.752
1,3,409.10367892977,409.10367892977,1293115844189.1,29519067471080,31141623254175,5248426954055.9,6845253142899.3,4964984834135.5,9202000899857.6,6550878733434,5517853377476.8,5793239111628.7,3161588739290.5,3603453916160.2,3690737260675.1,2361079714131.5,1699498424246.2,1204445142734.1,189292553351.02,54936369883.258
1,3,412.69230769231,412.69230769231,1291118594393.2,29473474055340,31093522996121,5240320396703.4,6834680140919.1,4957316026768.4,9187787621624,6540760300893.4,5509330514550.3,5784290841927.5,3156705310987.1,3597887947958.6,3685036450034.4,2357432719685.4,1696873324757.5,1202584716891,189000165693.27,54851513347.335
1,3,416.28093645485,416.28093645485,1289152859037.7,29428600049146,31046181694143,5232341749349.2,6824273965170.4,4949768221299.4,9173798605171.3,6530801519478.8,5500942126525.9,5775483757422.8,3151898932519.5,3592409798126.2,3679425585017.4,2353843266289.9,1694289643153.2,1200753644155.1,188712391216.84,54767995646.277
1,3,419.86956521739,419.86956521739,1287200470994.3,29384030734503,30999161832859,5224417275721.1,6813938445341.4,4942271663768.8,9159904570318.7,6520910355111.4,5492610692661.7,5766736469089.4,3147125186971.7,3586968842011,3673852814673.7,2350278183257.7,1691723503267,1198935003341.6,188426570561.27,54685044981.998
1,3,423.45819397993,423.45819397993,1285270102054.7,29339964068449,30952672248132,5216582171741.9,6803719485581.7,4934859649234.8,9146167225441.2,6511130737565.5,5484373214970.4,5758087825996,3142405275876.4,3581589244143.1,3668342888581.7,2346753303559.7,1689186301594.5,1197136871214.4,188143973084,54603029746.657
1,3,427.04682274247,427.04682274247,1283362402767,29296414901598,30906728606837,5208839077813.2,6793620529626.1,4927534675496.9,9132591199901,6501465962461.1,5476232469361.2,5749540742588.7,3137740789757.6,3576272817335.1,3662897663457.4,2343269814992.5,1686678893107.3,1195359853697,187864694012.96,54521977577.242
1,3,430.63545150502,430.63545150502,1281467300664.3,29253153300548,30861088336242,5201147112150.1,6783588257514.9,4920258068683,9119104816453.3,6491865003088,5468145476049.5,5741050094140.9,3133107102247,3570991493378.7,3657488391328.8,2339809326665.9,1684188040141.3,1193594569196,187587258923.27,54441460566.553
1,3,434.22408026756,434.22408026756,1279604120115.5,29210620397793,30816216813917,5193584706677.6,6773724963785.4,4913104024756.8,9105845588111.4,6482425754232.5,5460194692284.9,5732702453166.7,3128551459111.5,3565799120848.5,3652170224910.8,2336407121473.5,1681739139243.3,1191859016426.1,187314496524.35,54362299660.272
1,3,437.8127090301,437.8127090301,1277744186375.2,29168161612384,30771423482358,5186035479001.2,6763878857145,4905962446921.4,9092609464082.4,6473002953217.1,5452257762655.8,5724369357722.3,3124003753984.7,3560615795710.2,3646861325022.3,2333010844371.4,1679294505370.3,1190126487725,187042209393.07,54283276685.841
1,3,441.40133779264,441.40133779264,1275925357521,29126641159185,30727620052865,5178653083397.2,6754250340584.8,4898978690905.4,9079665842714.3,6463788383322.7,5444496227617.7,5716220409982.8,3119556544754.6,3555547011360.6,3641669740222.3,2329689617421.9,1676903892414.6,1188432244002.8,186775939192.39,54205999940.921
1,3,444.98996655518,444.98996655518,1274106528666.8,29085120705985,30683816623372,5171270687793.2,6744621824024.6,4891994934889.5,9066722221346.2,6454573813428.4,5436734692579.6,5708071462243.3,3115109335524.5,3550478227010.9,3636478155422.4,2326368390472.3,1674513279458.9,1186738000280.7,186509668991.71,54128723196
1,3,448.57859531773,448.57859531773,1272325854077.3,29044471224024,30640932025545,5164043146363.6,6735195275315.2,4885157669533.3,9054050101738,6445552524496.2,5429135959513.5,5700093441293.8,3110755407186.7,3545515760088.5,3631395462974.8,2323116825256.4,1672172808779.5,1185079292684.2,186248983704.78,54053067301.761
1,3,452.16722408027,452.16722408027,1270551213468.9,29003959483520,30598192738158,5156840094651.7,6725800667208.3,4878343571230.3,9041420919309.1,6436561802361.5,5421562973085,5692142451897.4,3106416230938.8,3540570106944.6,3626329991522.3,2319876276832.1,1669840267948.8,1183426205018.1,185989181655.02,53977667740.138
1,3,455.75585284281,455.75585284281,1268805353171.5,28964104728068,30556146535972,5149753851195.8,6716558405746.5,4871639972507.9,9028996534013.6,6427716874652.7,5414112790258.3,5684320394256,3102147417352.2,3535704650227.8,3621346658960.3,2316688275173.1,1667545550089.5,1181799922695.7,185733592373.01,53903490806.341
1,3,459.34448160535,459.34448160535,1267074739984.7,28924598027356,30514467513511,5142729489919.9,6707396853841,4864994913782.2,9016680645270.4,6418949185293.3,5406727665800.1,5676566641530.1,3097915880196.2,3530881679632.4,3616406841589.6,2313528111515.5,1665270869922.6,1180187841193.9,185480234913.14,53829961591.1
1,3,462.93311036789,462.93311036789,1265363601474.2,28885535890341,30473257488455,5135784170643.2,6698338392193.3,4858424628183.6,9004503339297.6,6410280152493.2,5399425640217.9,5668900134643.7,3093731956348.7,3526112976790,3611522606366.2,2310403505407.5,1663021783915.8,1178593898389.7,185229728156.25,53757259706.305
1,3,466.52173913043,466.52173913043,1263676856801.1,28847030610560,30432634926116,5128937858796.7,6689409060648.4,4851948002857.1,8992499621089.4,6401734696177.6,5392227703679.9,5661342911257.7,3089607672583,3521412249337.9,3606707992933.8,2307323438426.1,1660804756966.5,1177022675985.4,184982792169.05,53685594129.575
1,3,470.11036789298,470.11036789298,1262000348641.9,28808759009092,30392258887394,5122133094595.6,6680533917521,4845510681331.4,8980568747593.8,6393241097722.3,5385073447314.4,5653831547963.1,3085508416377,3516740047261.7,3601922595757.7,2304262061959.7,1658601183377.9,1175460988053.1,184737354634.48,53614363433.029
1,3,473.69899665552,473.69899665552,1260357317024.4,28771251607410,30352689056539,5115464203943.1,6671835987145.9,4839201895294.5,8968876098660,6384917090382.2,5378062038515.5,5646470161239.5,3081491007971,3512161131917.6,3597232744703.9,2301261809212.4,1656441606406.9,1173930480769.6,184496817499.78,53544554928.126
1,3,477.28762541806,477.28762541806,1258715349088.8,28733768487209,30313144841674,5108799630455.4,6663143687418.8,4832897193263.4,8957191018930.8,6376598471527.6,5371055168461.7,5639113539784.4,3077476200153.8,3507585180614.7,3592545929475.7,2298263498573.1,1654283427358.9,1172400964203.1,184256436067.84,53474791611.168
1,3,480.8762541806,480.8762541806,1257115879712.2,28697255514110,30274624093129,5102307545819.4,6654676355723.3,4826755664416.8,8945808360703.5,6368495145295.6,5364229640328.4,5631947310814.1,3073565296776.6,3503127655207.2,3587980408225.9,2295342783306.1,1652181101199.1,1170911030938.7,184022275614.85,53406833742.351
1,3,484.46488294314,484.46488294314,1255516410335.7,28660742541012,30236103344584,5095815461183.5,6646209024027.9,4820614135570.1,8934425702476.1,6360391819063.5,5357404112195.1,5624781081843.8,3069654393399.4,3498670129799.7,3583414886976.2,2292422068039.2,1650078775039.4,1169421097674.3,183788115161.86,53338875873.534
1,3,488.05351170569,488.05351170569,1253952308978.9,28625036936158,30198434330364,5089466922612.1,6637928911779.6,4814608400225.5,8923294720738.3,6352467660198.4,5350729498121.9,5617773298974.6,3065829959753,3494311158665.5,3578950306993.1,2289565928088,1648022930063.3,1167964105946.7,183559131855.29,53272420512.391
1,3,491.64214046823,491.64214046823,1252396254066.1,28589515012591,30160959090989,5083151041661.1,6629691393117.6,4808633558745.4,8912220996963.9,6344584263021.3,5344089217933.9,5610801563576.8,3062025198507,3489974609240.1,3574508691774.6,2286724479421.9,1645977659845.1,1166514608623.1,183331326381.65,53206306981.07
1,3,495.23076923077,495.23076923077,1250866372290.1,28554590564074,30124114165149,5076941389986.8,6621592423699.6,4802759209446,8901333523087.6,6336833456583.9,5337560619943.9,5603947083785.8,3058284427907.1,3485710993812.3,3570141777228.4,2283930819102.4,1643966787513.2,1165089489265.1,183107352185.3,53141305361.599
1,3,498.81939799331,498.81939799331,1249353585759,28520056362335,30087680934868,5070801123022,6613583949099.6,4796950497614.9,8890567700186.2,6329169253108,5331104968293.2,5597169190661.6,3054585453434.8,3481495015951,3565823654169.9,2281168372217.3,1641978382503.4,1163680292618,182885880425.84,53077029998.421
1,3,502.40802675585,502.40802675585,1247857840182.4,28485911169438,30051658096264,5064730021064.4,6605665682823.7,4791207215471.4,8879923143211.9,6321591378505.8,5324722031966.3,5590467641834.3,3050928142942.7,3477326525037.5,3561554168208.2,2278437039944.7,1640012373678.5,1162286968281.4,182666903184.88,53013478592.904
1,3,505.99665551839,505.99665551839,1246388179536.9,28452361440181,30016263452433,5058764791371.2,6597885500239.8,4785564087863.6,8869464210425,6314145649242.8,5318450402444.3,5583882954754.1,3047334608340.9,3473230723347.9,3557359132026.6,2275753335433.9,1638080647143.3,1160917940009.2,182451744353.44,52951035363.904
1,3,509.58528428094,509.58528428094,1244926488114.5,28418993631388,29981060728791,5052831906785.5,6590147503707,4779951558548.8,8859061987842.5,6306740291767.5,5312212778358.8,5577333970254.5,3043760557948.4,3469157128939.9,3553186841032.4,2273084181752.7,1636159394276.4,1159556334507.5,182237752098.13,52888930697.493
1,3,513.17391304348,513.17391304348,1243499814480.6,28386425204455,29946701327084,5047041150751.5,6582594878095.6,4774473482059.8,8848908957173.3,6299512333106.7,5306124578523.9,5570941867474.5,3040272123671.2,3465181116176.7,3549114495309.2,2270478966283.3,1634284164051.5,1158227345611.7,182028885927.98,52828313718.53
1,3,516.76254180602,516.76254180602,1242073140846.8,28353856777522,29912341925376,5041250394717.5,6575042252484.2,4768995405570.8,8838755926504.1,6292284374446,5300036378688.9,5564549764694.6,3036783689394,3461205103413.4,3545042149586.1,2267873750813.8,1632408933826.7,1156898356716,181820019757.83,52767696739.568
1,3,520.35117056856,520.35117056856,1240688274335.8,28322242718072,29878989349684,5035629323235.4,6567710937635.6,4763677849701.6,8828900401176.2,6285268208942.5,5294126573833.7,5558344959608.9,3033397470313.7,3457345591613.8,3541089127047.9,2265344870248.9,1630588649294.9,1155608308181.8,181617273517.2,52708855882.906
1,3,523.9397993311,523.9397993311,1239304452154.3,28290652498438,29845661924204,5030012490422.7,6560385151063.7,4758364303589.5,8819052307442.7,6278257333968.9,5288221225231.9,5552144833163.7,3030013804538.4,3453488989973.4,3537139085167,2262817896507,1628769737290.1,1154319232366.3,181414680150.58,52650059393.249
1,3,527.52842809365,527.52842809365,1237953347715.3,28259809151510,29813122419263,5024528449018.2,6553232557358.3,4753176377305.8,8809437034792.5,6271412203623.9,5282455484343.9,5546091281876,3026710130453.9,3449723559806.5,3533282423027.9,2260350660564.4,1626993824281.5,1153060630142,181216876057.25,52592652845.264
1,3,531.11705685619,531.11705685619,1236612245164,28229194125255,29780823783408,5019085002246.7,6546132909103,4748026853287.2,8799892936072.6,6264617741785.9,5276732421849.1,5540082538944.7,3023430910009.7,3445986000964.8,3529454307286.6,2257901686601.7,1625231056163.1,1151811343763.2,181020536055.57,52535671205.584
1,3,534.70568561873,534.70568561873,1235294827760.9,28199119777777,29749095541754,5013737686299.1,6539158639247.5,4742968268429.9,8790517382054.1,6257943266357.3,5271110424699.7,5534179905521.6,3020209597565.8,3442314443276.8,3525693791224.6,2255495958186.7,1623499416033,1150584117969.6,180827663130.19,52479695779.009
1,3,538.29431438127,538.29431438127,1233996315687.4,28169476996546,29717822585002,5008467101343.4,6532284445606.8,4737982270613.6,8781276359308.5,6251364563292.1,5265569097244.8,5528361968010.7,3017034506907.2,3438695567276.1,3521987232782.5,2253124748083.7,1621792622058.7,1149374500790.1,180637557602.33,52424523505.123
1,3,541.88294314381,541.88294314381,1232712511219.4,28140169959087,29686903827552,5003256211077.7,6525488108683.5,4733052743676.1,8772139998509.7,6244860368750.5,5260090528945.9,5522609921883.7,3013895375616.2,3435117676285.4,3518322652086.7,2250780392466,1620105157876.3,1148178582761.5,180449605055.92,52369976068.018
1,3,545.47157190635,545.47157190635,1231456462983.7,28111496538173,29656653515971,4998157976790.6,6518838703165.3,4728229788731.9,8763201156016.1,6238496786893.4,5254730399893.9,5516982226152.5,3010824106939.9,3431617132315.3,3514737291905.8,2248486716704.8,1618454172928.8,1147008517807.1,180265715621.87,52316607824.555
1,3,549.0602006689,549.0602006689,1230206198448.1,28082955147205,29626542492213,4993083217270.8,6512219914590.6,4723429040811.2,8754303471568,6232162505366.7,5249394950724.3,5511380441958,3007766979162.1,3428132705615.2,3511168439420,2246203601439.3,1616810789398.8,1145843840026.2,180082672844.97,52263485297.371
1,3,552.64882943144,552.64882943144,1228992491143.8,28055248282422,29597311869754,4988156835513.6,6505794647576.2,4718768657581,8745665936182,6226013423437.9,5244215496529.8,5505942437697.9,3004799232243.6,3424750151893.2,3507703927685.4,2243987236260.1,1615215452407,1144713213136.7,179904981562.87,52211915877.457
1,3,556.23745819398,556.23745819398,1227778783839.4,28027541417639,29568081247294,4983230453756.4,6499369380561.9,4714108274350.9,8737028400795.9,6219864341509.1,5239036042335.3,5500504433437.8,3001831485325.1,3421367598171.3,3504239415950.9,2241770871080.9,1613620115415.3,1143582586247.2,179727290280.76,52160346457.542
1,3,559.82608695652,559.82608695652,1226604209398,28000727873288,29539793049260,4978462902745.8,6493151268398.3,4709598144279.7,8728669341731,6213913506130.6,5234023572540.5,5495241747871.4,2998959416568.1,3418094094579.2,3500886595621.2,2239625958339.6,1612076209697.6,1142488409049.2,179555327494.34,52110439557.387
1,3,563.41471571906,563.41471571906,1225432723875.3,27973984842414,29511579240686,4973707888903.3,6486949507824.2,4705099874312.1,8720332263954.4,6207978319172.6,5229024283515.2,5489992900935,2996094900084.3,3414829198765.2,3497542591556.3,2237486685634.8,1610536363663.3,1141397108976.1,179383816881.79,52060663886.796
1,3,567.00334448161,567.00334448161,1224291431625.2,27947931059850,29484092566714,4969075422108.7,6480907579130.3,4700717533316.2,8712210046735.7,6202196090813.9,5224153832749.1,5484879322641.9,2993304204792.6,3411648441375,3494284763971.5,2235402542783,1609036199991.7,1140333932071.2,179216726153.93,52012170951.78
1,3,570.59197324415,570.59197324415,1223162051793,27922149212496,29456892775567,4964491304881.2,6474928710316.8,4696380930799.3,8704172600346.9,6196474210559.6,5219334213676.9,5479819113078.8,2990542634826.6,3408500879858.8,3491060936353,2233340150798,1607551692552.4,1139281850847.6,179051379242.14,51964184105.736
1,3,574.18060200669,574.18060200669,1222053975877.3,27896853689483,29430206042554,4959993655522.5,6469062617173.2,4692126126538.4,8696286757254.2,6190860256435.3,5214605501763.3,5474854347399.3,2987833152113.3,3405412685503.5,3487897914147,2231316658026.3,1606095184681.7,1138249613093.3,178889150961.49,51917102347.042
1,3,577.76923076923,577.76923076923,1220966588664.9,27872030446763,29404017551607,4955579977018,6463306042969.6,4687950758367.6,8688548139465.4,6185351111755.7,5209965071796.1,5469982269379.6,2985174252479.9,3402382143907.1,3484793941417.9,2229330941138.5,1604665867809.5,1137236645769.6,178729951252.3,51870899538.632
1,3,581.35785953177,581.35785953177,1219891664559.1,27847491710555,29378129206182,4951216883307.4,6457615443955,4683823243209.8,8680898211566.7,6179905105206.9,5205377823526.1,5465166027398.3,2982545824768.2,3399386333055.1,3481725540641.2,2227367980692.1,1603252930930.7,1136235287034.8,178572575966.82,51825226213.693
1,3,584.94648829431,584.94648829431,1218846160629.5,27823624575097,29352949378659,4946973199115.2,6452080584737.5,4679808688979.2,8673457643363,6174608141348.5,5200916114975.4,5460481590924.8,2979989328504.9,3396472506948.3,3478741110349.9,2225458738675.7,1601878660357.8,1135261331317.9,178419507381.77,51780802777.528
1,3,588.53511705686,588.53511705686,1217804325141.9,27799841182451,29327857897199,4942744404259.5,6446565144931.8,4675808220004.8,8666043180517.8,6169329761835.8,5196470060173.2,5455813589497.8,2977441801476.4,3393568903619.1,3475767150447.8,2223556194892.6,1600509211154.4,1134290792536.4,178266975807.91,51736535192.401
1,3,592.1237458194,592.1237458194,1216800598310.6,27776927730266,29303684175869,4938670283410.1,6441251438642.2,4671954072056.2,8658899906410.7,6164244440972.1,5192186620270.8,5451316319283.9,2974987449013.7,3390771496960.2,3472901959464.8,2221723233965.6,1599189847496.2,1133355749700.7,178120022835.22,51693886625.314
1,3,595.71237458194,595.71237458194,1215796871479.3,27754014278081,29279510454540,4934596162560.8,6435937732352.5,4668099924107.7,8651756632303.6,6159159120108.3,5187903180368.5,5446819049070,2972533096550.9,3387974090301.3,3470036768481.9,2219890273038.6,1597870483837.9,1132420706864.9,177973069862.54,51651238058.226
1,3,599.30100334448,599.30100334448,1214829736600.5,27731936145052,29256217971731,4930670560625,6430817731846.2,4664386274547.9,8644873755422.4,6154259175514.6,5183775884500.6,5442485715987,2970168210822.5,3385278654428.2,3467276018386.8,2218124126269.9,1596599212846,1131519747610.4,177831473521.04,51610144089.254
1,3,602.88963210702,602.88963210702,1213867683775.5,27709974024880,29233047879263,4926765585659.3,6425724634064.2,4660692138032,8638027043670.9,6149384976805.3,5179670274613.7,5438175151225,2967815750633.7,3382597380713.4,3464529773508.6,2216367258949.9,1595334621178.4,1130623522035.8,177690621132.4,51569266029.811
1,3,606.47826086957,606.47826086957,1212933414972.5,27688646156870,29210546905203,4922973380099,6420778615785.4,4657104681005.6,8631378049841.2,6144651533115.7,5175683223830.1,5433989062914.9,2965531222076.1,3379993532944.3,3461862830070.5,2214661123242.5,1594106545978.1,1129753175906.3,177553835999.06,51529568366.826
1,3,610.06688963211,610.06688963211,1212012936665.8,27667633097571,29188378045583,4919237147215.1,6415905599872.7,4653570173948.3,8624827192569.1,6139987952658.6,5171755019417.9,5429864758030.2,2963280411131.8,3377428115256.6,3459235247608.1,2212980167983.2,1592896595591,1128895674943.3,177419069632.81,51490456589.246
1,3,613.65551839465,613.65551839465,1211111477755.1,27647054211726,29166667226464,4915578109866.9,6411133266250,4650108693629.6,8618411681817.5,6135420725130.8,5167907973907.7,5425825662882.5,2961076102455.1,3374915699052.2,3456661950416.9,2211333940692.6,1591711642294.1,1128055889575.8,177287087478.61,51452152843.929
1,3,617.24414715719,617.24414715719,1210232477897.8,27626988019596,29145497284460,4912010228865.6,6406479823307.7,4646733446933.7,8612155995002.1,6130967275957.9,5164156764885.6,5421887187651,2958926705980.4,3372465869648.6,3454152755987.3,2209728721923.4,1590556206810.7,1127237023668.7,177158393061.15,51414803263.495
1,3,620.83277591973,620.83277591973,1209363773822.4,27607156859828,29124575296273,4908484136608.9,6401880883362.1,4643397732284.6,8605973576176.2,6126565986134.3,5160449490190.3,5417994839519,2956802482820.9,3370044731853.4,3451672948212.8,2208142302748.4,1589414303237.1,1126427747917.5,177031205848.66,51377891103.013
1,3,624.42140468227,624.42140468227,1208526159197.8,27588035410803,29104402036840,4905084230893.8,6397446522293.9,4640181389784.7,8600012399560.2,6122322198240.3,5156874880901.2,5414241778154.4,2954754273756.1,3367710232096.3,3449281877260.2,2206612651389.8,1588313261022.6,1125647430887.3,176908569837.32,51342299788.887
1,3,628.01003344482,628.01003344482,1207690155995.8,27568950747366,29084267585361,4901690865653.6,6393020691644.4,4636971234558.1,8594062690337.9,6118086573968.3,5153307147901.2,5410495936269.7,2952710004641.8,3365380222957.8,3446895405713.3,2205085942418.6,1587214336731.1,1124868614842.5,176786169723.29,51306776936.735
1,3,631.59866220736,631.59866220736,1206893837202.3,27550772000432,29065088855085,4898458572302.6,6388804939108.5,4633913452939.5,8588395387933.9,6114051994732.7,5149908756866,5406927888084,2950762764455.9,3363160804014.5,3444622203454.9,2203631695446.8,1586167570404.8,1124126763476.2,176669579038.31,51272940093.528
1,3,635.1872909699,635.1872909699,1206097518408.8,27532593253498,29045910124808,4895226278951.6,6384589186572.6,4630855671320.9,8582728085530,6110017415497.1,5146510365830.7,5403359839898.4,2948815524270,3360941385071.2,3442349001196.5,2202177448475,1585120804078.6,1123384912109.9,176552988353.32,51239103250.321
1,3,638.77591973244,638.77591973244,1205335373778.9,27515194631783,29027554403893,4892132690928.1,6380554340550.8,4627929104587.3,8577303974726.7,6106155964083.3,5143257801771.5,5399944896972.8,2946951839625.4,3358817199751.1,3440173339517,2200785601308.5,1584118952976,1122674892454.9,176441400392.85,51206718294.501
1,3,642.36454849498,642.36454849498,1204580265232.1,27497956629240,29009368131522,4889067660800.7,6376556741183.8,4625029553550.4,8571929934390.1,6102330157777.5,5140035261877.4,5396561476730.5,2945105358144.5,3356712621983.1,3438017760366.2,2199406601573.3,1583126349422.4,1121971426598,176330842438.14,51174632266.272
1,3,645.95317725753,645.95317725753,1203850635570.3,27481300256010,28991795460043,4886106043483.6,6372694018084.2,4622227830847,8566737207586.9,6098633428414.8,5136921444698.3,5393292205531.2,2943321172189.6,3354679046395.8,3435934903410.1,2198074124568.5,1582167232829.1,1121291693172.5,176224014311.69,51143628706.262
1,3,649.54180602007,649.54180602007,1203136654765,27465001113235,28974599655616,4883207941199.8,6368914134534,4619486193251.5,8561655841601.4,6095015976719.1,5133874403838.9,5390093043443.5,2941575247475.2,3352689079582.7,3433896711641.9,2196770221323.2,1581228683565.9,1120626535950.7,176119477005.53,51113289986.565
1,3,653.13043478261,653.13043478261,1202439493467.8,27449085925131,28957808912519,4880378105665.2,6365223287959.4,4616809135864.6,8556694167592.3,6091483733679.9,5130899135085.8,5386969235563.2,2939870446447.1,3350745984112.1,3431906526745,2195497029653.9,1580312240441.8,1119977045501.4,176017401915.63,51083665849.491
1,3,656.71906354515,656.71906354515,1201766561045.8,27433723832265,28941601669268,4877646609900,6361660701126.8,4614225107703.3,8551904912534.9,6088074235603.8,5128027255646.7,5383953977093.1,2938224885003.1,3348870407852,3429985496812.8,2194268078692.1,1579427641702.3,1119350123386.1,175918873702.94,51055071084.565
1,3,660.30769230769,660.30769230769,1201101822760.4,27418548795292,28925591765668,4874948372658,6358141491756.4,4611672542034.9,8547173969526.8,6084706249730.5,5125190342258.6,5380975429891.6,2936599358341,3347017666521,3428087854981.2,2193054089854.3,1578553812671.1,1118730833838,175821545037.57,51026824451.344
1,3,663.89632107023,663.89632107023,1200469862930.1,27404122025475,28910371266654,4872383177258,6354795802342,4609245833668.6,8542676288302.7,6081504322340.3,5122493301221.4,5378143736318.3,2935053975475,3345256270227.3,3426283771001.3,2191899952998.4,1577723064982,1118142076337.7,175729014840.99,50999970426.059
1,3,667.48494983278,667.48494983278,1199837903099.8,27389695255658,28895150767639,4869817981858,6351450112927.7,4606819125302.4,8538178607078.6,6078302394950.2,5119796260184.2,5375312042744.9,2933508592609.1,3343494873933.5,3424479687021.3,2190745816142.5,1576892317293,1117553318837.3,175636484644.41,50973116400.774
1,3,671.07357859532,671.07357859532,1199246443916.1,27376193035809,28880905648364,4867417171525.6,6348318822954.9,4604547924946.2,8533969142208.8,6075305648673.8,5117272045339.9,5372661801389.7,2932062235265,3341846343376.7,3422791202957.1,2189665632291.4,1576114800826.4,1117002286667.2,175549883424.67,50947983078.792
1,3,674.66220735786,674.66220735786,1198655384204.3,27362699935115,28866670149594,4865017982579.5,6345189647677.5,4602278258419,8529762520115.8,6072310926169.2,5114749535139.9,5370013349760,2930616854643.8,3340198926053.4,3421103859094.6,2188586177864.2,1575337809397.7,1116451626595,175463340684.46,50922866728.698
1,3,678.2508361204,678.2508361204,1198096192364.2,27349934314989,28853202126489,4862748139722.5,6342229172247.4,4600130953131.1,8525782680591.4,6069477649961.6,5112363012702.8,5367507673406.6,2929249392141.3,3338640317059.6,3419507474896.3,2187564913224.2,1574602702825.5,1115930650585.4,175381463140.06,50899104308.83
1,3,681.83946488294,681.83946488294,1197545964017,27337373313704,28839949971665,4860514678107.8,6339316147111.7,4598018064453.2,8521866628318.7,6066689783838.6,5110014739615,5365042155530,2927903845709,3337106687231.2,3417936674970.5,2186560015656.2,1573879377228.8,1115418023827.7,175300897777.73,50875722709.625
1,3,685.42809364548,685.42809364548,1197019001413.2,27325343424529,28827258129930,4858375648594.4,6336526285248.2,4595994508477.5,8518116144069.7,6064019785475.6,5107765747650.9,5362680874210.1,2926615185334.6,3335637894182.5,3416432282487.8,2185597601044.2,1573186630752.3,1114927068683.4,175223738361.16,50853329581.978
1,3,689.01672240803,689.01672240803,1196509538836.5,27313713027273,28814987744506,4856307649020.8,6333829064337,4594038146775.5,8514490196780,6061438444886.7,5105591432964.3,5360397997545.4,2925369313516.4,3334217870064.2,3414977840357,2184667141262.9,1572516885278.9,1114452414493.9,175149140828.95,50831679962.887
1,3,692.60535117057,692.60535117057,1196014768712.4,27302418030649,28803071200677,4854299283983.9,6331209621922.9,4592138199337.9,8510968806922.3,6058931538664.8,5103479815130.9,5358180947160.7,2924159365693.7,3332838790847.8,3413565335032.4,2183763509820.6,1571866450794.1,1113991446135.2,175076694185.03,50810654573.006
1,3,696.19397993311,696.19397993311,1195546009969.1,27291716824166,28791781094700,4852396495372.8,6328727877832.1,4590338127185.9,8507632524563.8,6056556410349.9,5101479195219.7,5356080435006.1,2923013017376.6,3331532200103,3412227074237.3,2182907375018.7,1571250204302.7,1113554707043.5,175008055453.61,50790734312.681
1,3,699.78260869565,699.78260869565,1195083396938.8,27281155912377,28780638996797,4850518651231.7,6326278667625.9,4588561652496,8504339977442.4,6054212417131.4,5099504800723.2,5354007457289.8,2921881695697.7,3330242736188.8,3410906355164.1,2182062462220.8,1570642035387.1,1113123692585.7,174940316415.47,50771075160.65
1,3,703.37123745819,703.37123745819,1194655283843.9,27271382567128,28770327765720,4848780836833.7,6324012091546.4,4586917645906.6,8501292945017.8,6052043205720.2,5097677626755.8,5352089048515.1,2920834728439,3329049416458.3,3409684109332.4,2181280545924,1570079211225.5,1112724814269.5,174877627948.38,50752881781.489
1,3,706.95986622074,706.95986622074,1194227170749,27261609221878,28760016534643,4847043022435.8,6321745515466.9,4585273639317.1,8498245912593.3,6049873994309,5095850452788.3,5350170639740.4,2919787761180.3,3327856096727.8,3408461863500.7,2180498629627.3,1569516387063.9,1112325935953.3,174814939481.28,50734688402.327
1,3,710.54849498328,710.54849498328,1193837271664.3,27252708228407,28750625617314,4845460312684.1,6319681235001.2,4583776361693,8495470825903.9,6047898381096.7,5094186348556.2,5348423439912.5,2918834229477.4,3326769271712.6,3407348692279.1,2179786491854.8,1569003789312.3,1111962653419.6,174757845306.92,50718118595.04
1,3,714.13712374582,714.13712374582,1193449749393.7,27243861492994,28741291941156,4843887250046.2,6317629536807.3,4582288210236.8,8492712653546.2,6045934809199.2,5092532386846,5346686888844.8,2917886509228,3325689070397.4,3406242305220.2,2179078694128.8,1568494315515.5,1111601584852.9,174701099083.31,50701649769.786
1,3,717.72575250836,717.72575250836,1193091889248.8,27235691887646,28732672625597,4842434581885.6,6315734863496.7,4580913952054.9,8490165569568.7,6044121511017.4,5091005002280.1,5345083232991.1,2917011315249.2,3324691532084.8,3405220583715.5,2178425059677.2,1568023828312.1,1111268146333.4,174648695242.86,50686441188.289
1,3,721.3143812709,721.3143812709,1192744906350.2,27227770589197,28724315269555,4841026062967.3,6313897771976.9,4579581459092.3,8487695892729.9,6042363318940.3,5089524034170.6,5343528310460.6,2916162717007.6,3323724306698.5,3404229909482.6,2177791287162.6,1567567637682.7,1110944839887.1,174597883775.5,50671694744.325
1,3,724.90301003344,724.90301003344,1192419057234.6,27220331735064,28716466884185,4839703323223.9,6312172558217.7,4578330113279.6,8485376613136.5,6040712194676.5,5088133250281,5342068073528.5,2915365792506.4,3322815977303,3403299558018.4,2177196105068.1,1567139224357.9,1110641219408.1,174550166188.53,50657846203.979
1,3,728.49163879599,728.49163879599,1192112566004.8,27213334784864,28709084700064,4838459154527.3,6310549820995.4,4577153095723.3,8483195092725.5,6039159141187.9,5086825072322.1,5340694565649.2,2914616199538.4,3321961594796.7,3402424460327.7,2176636270593.8,1566736254177.2,1110355630660.9,174505282499.41,50644820115.321
1,3,732.08026755853,732.08026755853,1191818701422.8,27206626076658,28702006605654,4837266235454.6,6308993926233,4576024560318.8,8481103428545.1,6037670056382.3,5085570775913.3,5339377628564.5,2913897479447.8,3321142400166.8,3401585403031.2,2176099492354.8,1566349879835.1,1110081803498.1,174462247280.83,50632330488.428
1,3,735.66889632107,735.66889632107,1191552657987.1,27200552471511,28695598532650,4836186238141,6307585309978.9,4575002848915,8479209750669.1,6036321918098.4,5084435200364.1,5338185337733.8,2913246783654,3320400737362.4,3400825755970.1,2175613515476.5,1566000072225.5,1109833891428.9,174423284922.29,50621022883.986
1,3,739.25752508361,739.25752508361,1191290752809.6,27194573334861,28689290122159,4835123037403.1,6306198600699.2,4573997027068.5,8477345522300.9,6034994744915,5083317283958.2,5337011587463.8,2912606206174.4,3319670607073.1,3400077920820.1,2175135095064.1,1565655703743.5,1109589834103.9,174384928381.55,50609891099.625
1,3,742.84615384615,742.84615384615,1191065116607.7,27189422149383,28683855184796,4834207047057.5,6305003890929.7,4573130466223.1,8475739398541.5,6033851316366.6,5082354137754,5336000332409.6,2912054308735.1,3319041551317.9,3399433608917.1,2174722901859.1,1565359005461,1109379560951.4,174351881415.73,50600300256.918
1,3,746.4347826087,746.4347826087,1190839480405.8,27184270963904,28678420247432,4833291056711.9,6303809181160.2,4572263905377.8,8474133274782.1,6032707887818.2,5081390991549.8,5334989077355.4,2911502411295.8,3318412495562.7,3398789297014.1,2174310708654.1,1565062307178.6,1109169287798.9,174318834449.9,50590709414.21
1,3,750.02341137124,750.02341137124,1190649881049.7,27179942429285,28673853189681,4832521334044.4,6302805241382.6,4571535713750.4,8472783602970.6,6031747027394.9,5080581624481.9,5334139277437.8,2911038626439.7,3317883867508.1,3398247845651.1,2173964318606.6,1564812973827.9,1108992582459.6,174291063054.38,50582649644.708
1,3,753.61204013378,753.61204013378,1190464615204.9,27175712820273,28669390496397,4831769200392.8,6301824242123.8,4570824161331.4,8471464770080.3,6030808121197.4,5079790749699.5,5333308892862.1,2910585437319,3317367316109.5,3397718763498.3,2173625841536.1,1564569336216.4,1108819913725,174263926058.01,50574773990.187
1,3,757.20066889632,757.20066889632,1190306895195,27172112030027,28665591195626,4831128871343.4,6300989064444,4570218376254.6,8470341965284.6,6030008767435.3,5079117421585,5332601922610.9,2910199600410.6,3316927530364.4,3397268306479.3,2173337663386.4,1564361903592.7,1108672903667.7,174240821618.76,50568068662.586
1,3,760.78929765886,760.78929765886,1190161966001,27168803229661,28662099938938,4830540458385.2,6300221598524.4,4569661703887.8,8469310185475.9,6029274214377.5,5078498675870.8,5331952259386.5,2909845038275.6,3316523390492.5,3396854358776.8,2173072841371.4,1564171282633.6,1108537808131.1,174219589683.85,50561906772.356
1,3,764.3779264214,764.3779264214,1190036107383.1,27165929775776,28659067967562,4830029450974.4,6299555089207.1,4569178257436,8468414122130.5,6028636278105.5,5077961311593.9,5331388039786,2909537106118.3,3316172397669.3,3396494845363.8,2172842842599,1564005727304,1108420476739.9,174201149588.9,50556555128.799
1,3,767.96655518395,767.96655518395,1189931484539.9,27163541095908,28656547426953,4829604637433.7,6299000998709.6,4568776350682.8,8467669183964.2,6028105928110.9,5077514568484.2,5330918964743.8,2909281098123.8,3315880586002.7,3396195946496.5,2172651620763.6,1563868083457.6,1108322926365.6,174185818308.5,50552105724.15
1,3,771.55518394649,771.55518394649,1189837470697.1,27161394601367,28654282390777,4829222885336.1,6298503071430.7,4568415180324.5,8466999746527.2,6027629327211.7,5077113098778.7,5330497422621.8,2909051030524.5,3315618339933.7,3395927329192.9,2172479770947.5,1563744383531,1108235258138.4,174172040122.77,50548107057.563
1,3,775.14381270903,775.14381270903,1189773127594.7,27159925439052,28652731937061,4828961565402.7,6298162218729,4568167939548,8466541465883.9,6027303049186.6,5076838247543.9,5330208818275.3,2908893511769.6,3315438781500.8,3395743401904.3,2172362099859.5,1563659681285.8,1108175227823.1,174162605557.25,50545368993.422
1,3,778.73244147157,778.73244147157,1189710943252.9,27158505558210,28651233476067,4828709008088,6297832794768.5,4567928988294.9,8466098548979.4,6026987708569.2,5076572608921.7,5329929886162.6,2908741271420.4,3315265239052.8,3395565636239.9,2172248370538,1563577816312,1108117208302.4,174153487011.73,50542722644.334
1,3,782.32107023411,782.32107023411,1189686856498.1,27157955391711,28650652577295,4828611092565.5,6297705064057.7,4567836329696.9,8465926769757.3,6026865390195.2,5076469553538.6,5329821648634.9,2908682183830.7,3315197866089.4,3395496610285.2,2172204205107.5,1563546023213.9,1108094675077.2,174149945554.78,50541694873.062
1,3,785.90969899666,785.90969899666,1189662769743.2,27157405225212,28650071678522,4828513177043,6297577333347,4567743671099,8465754990535.2,6026743071821.1,5076366498155.5,5329713411107.3,2908623096240.9,3315130493126,3395427584330.5,2172160039677.1,1563514230115.8,1108072141852,174146404097.82,50540667101.79
1,3,789.4983277592,789.4983277592,1189672638128.8,27157630217132,28650308599224,4828553093352.7,6297629371018.9,4567781402050.3,8465824870172.6,6026792786501.7,5076408342812.4,5329757296300.7,2908647024468.5,3315157735361.1,3395455464178.4,2172177867857.8,1563527059968.9,1108081233316.6,174147832840.23,50541081775.267
1,3,793.08695652174,793.08695652174,1189688788892.2,27157998628813,28650696832831,4828618511299,6297714669425.1,4567843257667.4,8465939461516.3,6026874330726.8,5076476996865.3,5329829327229.9,2908686312277.3,3315202483294,3395501273531.4,2172207166092.3,1563548145957.5,1108096175979.2,174150181168.59,50541763329.777
1,3,796.67558528428,796.67558528428,1189730447942.3,27158949354590,28651699409994,4828787467188.8,6297935005359.5,4568003056732.6,8466235567114.8,6027085084820.6,5076654475482.6,5330015598860,2908787941938.9,3315318286144.7,3395619861747,2172283024960.7,1563602747086.1,1108134871520.2,174156262577.2,50543528284.762
1,3,800.26421404682,800.26421404682,1189786825618.7,27160236083474,28653056471697,4829016165872,6298233259773.7,4568219370491.6,8466636408892.7,6027370394755.6,5076894747345,5330267788919.2,2908925543692.4,3315475088643.7,3395780444350.3,2172385749944.5,1563676686903.6,1108187272793.2,174164498023.58,50545918376.469
1,3,803.85284280936,803.85284280936,1189860275314.3,27161912487633,28654824564504,4829314134565.8,6298621851946.5,4568501202673.9,8467158656182.7,6027742116355,5077207790356.8,5330596367418.7,2909104833715,3315679415268,3395989713741.8,2172519626477.9,1563773051879.4,1108255568040.3,174175231480.69,50549033413.184
1,3,807.44147157191,807.44147157191,1189956883760.7,27164117499015,28657150234415,4829706070289,6299132990236.3,4568871912735,8467845594010.6,6028231058196.2,5077619549807,5331028569329.5,2909340675234.7,3315948209918.7,3396265028349.7,2172695761104.8,1563899837314.2,1108345423981.8,174189353570.84,50553131861.455
1,3,811.03010033445,811.03010033445,1190062131660.2,27166519625276,28659683698694,4830133020937.7,6299689784637.7,4569275730655.1,8468593864930.7,6028763647052.2,5078068063069.6,5331499357741.3,2909597582467.1,3316241034818.9,3396564974826.7,2172887661273.2,1564037974124.5,1108443326253,174204740354.7,50557597313.212
1,3,814.61872909699,814.61872909699,1190198999523.2,27169643182065,28662977679892,4830688124450,6300413678107.6,4569800721671.5,8469566611878.4,6029455981783.7,5078651093434.2,5332111370803.4,2909931589146.3,3316621809221.5,3396955072704.2,2173137262529.4,1564217656397,1108570677685.2,174224755853.85,50563405979.242
1,3,818.20735785953,818.20735785953,1190336062441.3,27172771184361,28666276340519,4831244016269.6,6301138599089.1,4570326457610,8470540738408.2,6030149298236.7,5079234950668.8,5332724252766.2,2910266070705.9,3317003126188.2,3397345727408.7,2173387220420.6,1564397595546.6,1108698211243.1,174244799982,50569222952.268
1,3,821.79598662207,821.79598662207,1190513256736.1,27176813821813,28670537764521,4831962097376,6302074924131.7,4571005456594,8471798705303,6031044597735,5079988931221.4,5333515905617.2,2910698255914.3,3317496072303.8,3397850945783.9,2173710553712.2,1564630385558.6,1108863216033.5,174270734346.59,50576749037.482
1,3,825.38461538462,825.38461538462,1190690451030.9,27180856459265,28674799188523,4832680178482.4,6303011249174.3,4571684455577.9,8473056672197.9,6031939897233.3,5080742911774,5334307558468.2,2911130441122.7,3317989018419.5,3398356164159,2174033887003.8,1564863175570.6,1109028220823.9,174296668711.18,50584275122.696
1,3,828.97324414716,828.97324414716,1190899781197.7,27185629946937,28679827741590,4833527432367.5,6304115864419.6,4572485432765.3,8474540594139,6032996113738,5081632621901.7,5335242276816.8,2911641019281.4,3318571790622.4,3398953741799.1,2174416425620.4,1565138627574.5,1109223479301.2,174327359249.83,50593181127.806
1,3,832.5618729097,832.5618729097,1191117393945.5,27190591801248,28685054011670,4834407978767.8,6305263854160.6,4573317848164.6,8476082752899.8,6034093804398,5082557314469.2,5336213868338.6,2912171802149.7,3319177714269.6,3399575123775.3,2174814223599,1565425075122.7,1109426535252,174359275627.23,50602442788.376
1,3,836.15050167224,836.15050167224,1191358656644,27196089989211,28690841297278,4835382954226.6,6306534877733.1,4574239479838.4,8477790620555.6,6035309922309.8,5083582368989.8,5337292035538.8,2912761247688.2,3319851063725.4,3400265895990.9,2175256498150.5,1565743560678.3,1109652302976.4,174394761884.42,50612740391.428
1,3,839.73913043478,839.73913043478,1191616674450.4,27201968149562,28697026041464,4836424829151.4,6307893066186.1,4575224317915,8479615886783,6036609941512.5,5084678526210.7,5338445707632,2913392253540.3,3320572181851.8,3401005828603.1,2175730282695,1566084743967.3,1109894161145.3,174432777268.3,50623771921.09
1,3,843.32775919732,843.32775919732,1191889647687.6,27208185489505,28703566194635,4837526585417.9,6309329511041.6,4576266086875.2,8481547940079.2,6037987052840.3,5085840749597.6,5339670469163.3,2914062548737.5,3321338315865.8,3401791797857.5,2176233425437.3,1566446999695.2,1110150919755.1,174473131773.17,50635483132.078
1,3,846.91638795987,846.91638795987,1192187486768.8,27214966770859,28710697273235,4838727904185.2,6310896069934.2,4577402512718.4,8483657544300.8,6039492342404.1,5087112818764.4,5341013428484.5,2914798168881.3,3322179296137.8,3402654310540.8,2176785380973.7,1566844291791,1110432452779.1,174517375448.34,50648324424.166
1,3,850.50501672241,850.50501672241,1192491538426.2,27221891389779,28717982839114,4839955422729.3,6312497289700.2,4578564428644.6,8485816164903.5,6041033762623,5088416425391.4,5342390746892.8,2915552646874.3,3323041298689,3403537694576.7,2177350379817.9,1567250824111.9,1110720462063.9,174562631293.78,50661461158.815
1,3,854.09364548495,854.09364548495,1192826846420.5,27229537159973,28726045652020,4841314756001.3,6314272893150.4,4579854588731.2,8488221393749.4,6042756961201.7,5089878701374.7,5343940930656.4,2916402001334.5,3324009067256.2,3404526085295.7,2177981001361.6,1567703845292.7,1111041054319.3,174612979508.85,50676084306.154
1,3,857.68227424749,857.68227424749,1193162154414.8,27237182930166,28734108464925,4842674089273.3,6316048496600.6,4581144748817.7,8490626622595.3,6044480159780.4,5091340977358,5345491114419.9,2917251355794.7,3324976835823.3,3405514476014.7,2178611622905.2,1568156866473.5,1111361646574.7,174663327723.91,50690707453.492
1,3,861.27090301003,861.27090301003,1193527097192.9,27245572583951,28743069775659,4844189037414.7,6318036609494.9,4582595021213.6,8493352935659.6,6046446232780.9,5093018087494.8,5347272008458.2,2918222085895,3326068207659.4,3406614565409,2179307599503.7,1568654212224.5,1111712393434.8,174718317121.95,50706706485.691
1,3,864.85953177258,864.85953177258,1193893402343.7,27253996435613,28752072392207,4845711139495.5,6320034491890.6,4584052654305.5,8496094009633.7,6048423471224,5094705074004.7,5349063508727.9,2919198395886.2,3327165261795,3407719789823.8,2180006580610.1,1569153595668.2,1112064526564.7,174773519884.82,50722768770.182
1,3,868.44816053512,868.44816053512,1194272695326.9,27262895344961,28761863690316,4847375649987.6,6322236746719.9,4585669070347.8,8499163370361.4,6050649424097.9,5096606815421.5,5351065605033.6,2920272187248.1,3328337378844,3408870085908.3,2180722331313,1569659947447,1112419327531.3,174828965626.2,50738953043.758
1,3,872.03678929766,872.03678929766,1194656403657.4,27271955755058,28771923108836,4849088573684.4,6324508480060.6,4587339466287.7,8502344335548.5,6052959930001.5,5098581564978.4,5353139295628.2,2921379118404.8,3329535014302.6,3410035704570.7,2181443783012.9,1570168668183,1112775035456.4,174884493970.61,50755178788.778
1,3,875.6254180602,875.6254180602,1195038801528.2,27281303721160,28782787678511,4850952365529.4,6327002530877.8,4589183735747.8,8505872007795.3,6055516780870.5,5100747115205.1,5355352763169.2,2922524433195.8,3330714835143.6,3411134615976.2,2182105581410.4,1570627696069,1113092672964.1,174933818459.38,50769667481.891
1,3,879.21404682274,879.21404682274,1195420067400.2,27290900083306,28794347752214,4852946479990.6,6329688623524.2,4591178200277.5,8509699171827.4,6058286428945.2,5103077482477.2,5357686972547,2923702904459.4,3331879267398,3412175904455.2,2182715850214,1571043798378.8,1113377424561.6,174977783946.22,50782655678.368
1,3,882.80267558528,882.80267558528,1195798863233,27300797273852,28806787705346,4855103896368.4,6332606281834.7,4593346428737.3,8513825916284.5,6061231107152.8,5105500418714.3,5360002232840.4,2924817839112.5,3332903330325,3413028236121,2183191652659.1,1571358456413.4,1113588604547.5,175010059059.51,50792285919.111
1,3,886.39130434783,886.39130434783,1196172570276,27311314232848,28821040391285,4857597748320.7,6336001013096.3,4595872646673.6,8518569858105.2,6064536383475.5,5108114066080.9,5362278454118.1,2925801875264.6,3333638203533.4,3413491277842.5,2183390426716.8,1571464118352,1113648211864.2,175018249596.04,50794998079.586
1,3,889.97993311037,889.97993311037,1196556327900.1,27322195066633,28835896263769,4860196868794.8,6339529008866.8,4598488459516,8523416237106.8,6067858734292.6,5110681701473.6,5364407781663.7,2926672479640.3,3334217086111.2,3413786025566.4,2183481989846,1571493951902.9,1113655099231.3,175018237101.65,50795302973.304
1,3,893.56856187291,893.56856187291,1197015924347,27335821595944,28855303610135,4863590315553.8,6344062580666.9,4601780330002.9,8529035577900.1,6071309924381.6,5112902143615.2,5365428690943,2926687160137,3333618907817.1,3412810874715.7,2182764569843.2,1570951606035.8,1113264176873.3,174956326872.12,50777443317.675
1,3,897.15719063545,897.15719063545,1197475520793.9,27349448125255,28874710956501,4866983762312.8,6348596152467.1,4605072200489.8,8534654918693.5,6074761114470.5,5115122585756.7,5366449600222.3,2926701840633.6,3333020729523,3411835723865,2182047149840.5,1570409260168.7,1112873254515.4,174894416642.59,50759583662.046
1,3,900.74581939799,900.74581939799,1198400378806.4,27372256097633,28901979456803,4871579857161.5,6354270400222.2,4608870082274.9,8539531052568.4,6076503986719,5114830754795.2,5363436562627.6,2924250664740.2,3329792846890.1,3408598102090.7,2180115174226.9,1569113577060.3,1112010721259.6,174763312105.54,50720160652.981
1,3,904.33444816054,904.33444816054,1199372795785.5,27396002595728,28930051523066,4876298886515.4,6360061247700.2,4612719688458.2,8544331215944.9,6078072234977.3,5114282119658.4,5360011175595.8,2921547429380.9,3326296156278.9,3405129210882,2178059046923.3,1567740887933.4,1111099980009.3,174625134536.88,50678533441.202
1,3,907.92307692308,907.92307692308,1201592169946,27438666392786,28964591737957,4881587102051.6,6365356622221.1,4615426376895.5,8543869760012.1,6074051977074.3,5107612785420.3,5348824953806.6,2914814783774.6,3319682172616.6,3400202201650.3,2175848237173.4,1566627320616.2,1110554097913.6,174558610623.69,50653450568.561
1,3,911.51170568562,911.51170568562,1204352333184.8,27489534375859,29001937104610,4887122166217.2,6370437116577.9,4617637396801.8,8541126408358.4,6067608056882.9,5098288983751.7,5334272959128.4,2906334635458.6,3311716259585,3394642825635.3,2173570343662.5,1565626131050.9,1110166450478.2,174523161967.03,50635542760.185
1,3,915.10033444816,915.10033444816,1209419317302.2,27568907317031,29035167345237,4890812026464.2,6370851179389.8,4615215295269.1,8525963257807.7,6050528460322.4,5078965410753.2,5309033563338.9,2893310953992.9,3302491650945.5,3391885724291.9,2174839119231.6,1567995176128,1112563010208.5,174956661096.84,50744558018.757
1,3,918.6889632107,918.6889632107,1216909047375.6,27678217680997,29064075661683,4892563955434.3,6366364307648.1,4607927243227.4,8497756174012.2,6022278710869.1,5049139546149.7,5272569690582.2,2875515412403.7,3291945093245.4,3392071720824.2,2179832795268.5,1573903820844.2,1117883692359.3,175882674129.08,50986874631.582
1,3,922.27759197324,922.27759197324,1227099119637.4,27812776565191,29068914739760,4888735302962.5,6352232200991.4,4592601033140.4,8452646803617.9,5981517230225.1,5008965139239.5,5226874579048.9,2855205821569.9,3285153263542.5,3402895152218.2,2194553707015.9,1588196037272,1129827190790.8,177904456143.37,51530194031.738
1,3,925.86622073579,925.86622073579,1244302766729,28012913207166,29011238998377,4870412255778.8,6313048611187.1,4556397386414,8363637274065.1,5908259141065.4,4941912555127.2,5157203252868.5,2828366512918,3288113555584.6,3441347098886.4,2234539081850.2,1624262830193.2,1158972071242.4,182772269221.67,52855305303.296
1,3,929.45484949833,929.45484949833,1262372046785.3,28215214571043,28932346986086,4847953170124.3,6268061581544.1,4515965147232.5,8267237366564.5,5830234877461.6,4871533800486.1,5085334031038.4,2801895701961.6,3295854879114.5,3489391931857.5,2282822815417.2,1667383445768.5,1193677535399.8,188559326831.47,54439039262.263
1,3,933.04347826087,933.04347826087,1292262815461.1,28447078389650,28563715655509,4769010408707.1,6143820063221.4,4417785271789.1,8069911001362.4,5687121506529.3,4755731305469.1,4983449318270.6,2780457267877.9,3368888204710.9,3668441706731.1,2444432816944.9,1806834362551.1,1304320931302.9,206900017690.02,59554645597.181
1,3,936.63210702341,936.63210702341,1322153584136.9,28678942208257,28195084324933,4690067647289.9,6019578544898.7,4319605396345.7,7872584636160.2,5544008135597.1,4639928810452.1,4881564605502.9,2759018833794.2,3441921530307.2,3847491481604.8,2606042818472.6,1946285279333.8,1414964327206,225240708548.56,64670251932.099
1,3,940.22073578595,940.22073578595,1342749105886.7,28486553835550,27159471816830,4502618091460.7,5775642373627.1,4143200799731,7560078934945.1,5343021781873.9,4504367280295.4,4780484507739.9,2775262468412.2,3693950472099.1,4394265156857.5,3099189553475.2,2378109973317.2,1763423185845.7,283969629527.78,79208214578.906
1,3,943.80936454849,943.80936454849,1361812204554.1,28224222850674,26013900169380,4297280004247.2,5511973230172.4,3953900002585.3,7228584660910.6,5132494434201.1,4365548257166.5,4679537059557.6,2797718404041,3975488798214.2,5001662137483.5,3646993743745.8,2858135681050.6,2151088523599.5,349356991814.65,95299555680.153
1,3,947.39799331104,947.39799331104,1269622625057.6,26087403748034,24061636953260,4019190378096.6,5163039564103.5,3717778786479.2,6845580308350.9,4949918056414.8,4301966168534.2,4604507354784.3,2787386412439.6,4560908848754,6399617517612,4960808604121.6,4079861337961.9,3280904986558.1,585845012444.72,175122331124.02
1,3,950.98662207358,950.98662207358,1117188426513.8,22935527530122,21672540871224,3701704947541.9,4767934167448.5,3456303769004.5,6434682649229.3,4782477453880,4279125754905.6,4543512409479.5,2759299376933.3,5310884387085.8,8225669464931.2,6689427150739.7,5703226143009.8,4812604914719,914986029395.99,289456419434.07
1,3,954.57525083612,954.57525083612,869962307351.59,18165383899524,18594107893387,3294777230779.5,4267020381153.7,3127628371590.4,5920862629478.9,4566335783369.1,4236454060514.8,4441653251156.1,2682473519613.6,6237178673235.1,10633308351465,9016833543814,7931323861021,6992125087516.1,1396486449782.4,469672183744.29
1,3,958.16387959866,958.16387959866,549131788106.23,12121366448305,14716342156976,2742296094249.2,3604398001118.4,2687686788274,5217975163344.5,4202478158376.4,4063337884748.5,4226898310114.2,2567344919445.8,7268867093020.3,13490429816056,11843812915392,10679080841524,9730621643387.1,2010611986313.3,706437488796.04
1,3,961.7525083612,961.7525083612,345876462035.81,8063326551964.5,11152754445709,2139567004360,2894951008309.2,2197130968333.8,4388915345389.4,3642596456593.4,3640709134787.5,3857056897200.9,2489531372388.5,7982325039656.5,15573816818278,13963282703657,12752806444656,11765077682188,2463300653461.5,873166033143.55
1,3,965.34113712375,965.34113712375,217427468478.13,5348395934777.8,8200961033130.1,1603581542242.3,2227470496468.7,1721192332937.6,3542857164124.9,3016799821919.4,3100385850716,3374031609991.5,2359007237720.1,8411359370029.6,16986495774241,15443612641451,14218463686581,13204337012523,2783397127854.5,988743160466.65
1,3,968.92976588629,968.92976588629,137061529641.12,3550762253641.9,5910097649268.8,1171118634205.9,1660827423185.5,1303645830513.8,2762480394766.1,2407981989376.8,2536079637117.5,2843216352117.7,2181207463676.2,8583447118814.1,17809431189337,16359456837602,15147693960690,14128811508547,2990828016499.9,1062997731195
1,3,972.51839464883,972.51839464883,88055839882.586,2390413440378.2,4235479964573.8,847069040903.18,1219497941400.3,968860805800.01,2105065380165.7,1872734792361.7,2014597196328.2,2327541687143.3,1980040604771.1,8539997029973.2,18116914733520,16777033265936,15602087125493,14599543032553,3099674279735.2,1101815457035.9
1,3,976.10702341137,976.10702341137,56347499348.649,1602999359237.6,2998443023555.1,604155722526.06,880514741368.78,706602153609.72,1570041530524.6,1423116696650.8,1561211321578.1,1861667549797.2,1778266461939.1,8357787733079.4,18066247434971,16841890769350,15717849543175,14745784398603,3138019111073,1115468499018.1
1,3,979.69565217391,979.69565217391,35930549283.394,1071118017085.1,2100222003166.6,425764138273.79,626790609919.05,507188873679.4,1149459604457.4,1059703114533.5,1183784188106.8,1460296306478.6,1587418137801.1,8078825830755.8,17742918349926,16632384240730,15567732300360,14635864357233,3120518997606.5,1109235767333.1
1,3,983.28428093645,983.28428093645,22839791275.179,713354347936.31,1457470084956.4,296962641486.34,440818996262.44,359166033610.24,828140631968.46,775154975763.87,880472712914.66,1127351848080,1413926031970.8,7736640012276.7,17219990587511,16216770401222,15215573152729,14329879997727,3060048168475.6,1087720394311.9
1,3,986.872909699,986.872909699,14477715306.55,473636464137.87,1003224939817.9,205278544289.62,306834244693.1,251431915648.5,588429726297.92,558236709666.52,643819151949.2,859661960607.89,1260389507089.8,7356754327699.9,16557500748541,15652387719276,14715516196942,13879067282727,2967609695762.8,1054843003780.4
1,3,990.46153846154,990.46153846154,9153926311.5517,313583810252.26,685621308162,140795787852,211675723601.39,174285385802.17,413133061967.38,396584616003.88,463765128604.23,649983368470.3,1126805350906.8,6957773556816.1,15803085057936,14985830666958,14112045574726,13325807856019,2852347646670,1013856755194.9
1,3,994.05016722408,994.05016722408,5774538594.9707,207070424794.46,465604335062.96,95907869663.464,144900893089.73,119785918512.69,287075722434.28,278422333097.94,329702539718.62,489282454950.02,1011607511388.4,6552693620619.1,14993331874205,14253796935613,13440611986218,12704138144454,2721649198169.2,967387850134.49
1,3,997.63879598662,997.63879598662,3635120893.6128,136400913584.96,314414703801.86,64936039936.34,98520342438.457,81722239644.766,197703217730.92,193459698062.22,231722383446.14,368297358393.58,912459265831.37,6150191899196.4,14155473828923,13484326086195,12728638048937,12040605294869,2581314727314.5,917497596131.28
1,3,1001.2274247492,1001.2274247492,2283967224.1377,89644293200.186,211253603552.52,43730001338.053,66586782947.391,55394517819.36,135097712925.51,133221045034.83,161249869967.9,278484307626.78,826799314796.72,5755763509544.9,13309141404419,12698198599756,11996710501472,11355313367699,2435768718356.7,865757990591
1,3,1004.8160535117,1004.8160535117,1449536058.1403,59360496888.883,142539738907.97,29562112600.551,45147987282.294,37649073071.537,92431054089.236,91728836543.374,112072994539.43,213466376386.38,752670372550.89,5373406886183.5,12468888698463,11910894132460,11260203013602,10663303139990,2288326486344.4,813346866648.39
1,3,1008.4046822742,1008.4046822742,930191568.8818,39647195809.521,96746503622.967,20096781965.042,30768758832.411,25709108663.466,63465930032.246,63317188393.971,78030420288.972,166525611159.38,687664508092.44,5005095447732.7,11645097991589,11134120787799,10531048013739,9976452373420.3,2141644460651.1,761207767283.11
1,3,1011.9933110368,1011.9933110368,594632098.50944,26386953034.037,65351266892.146,13594776825.604,20860752386.253,17461433194.439,43318325665.842,43421064668.768,53980338570.632,131780509603.7,629358860000.75,4650381160647.2,10841951801476,10373523733224,9815395166834.6,9301138971202.9,1997196298508.1,709863889372.82
1,3,1015.5819397993,1015.5819397993,378831358.6384,17505012425.706,43949588846.745,9154619706.2138,14075903423.408,11801020281.521,29405055762.902,29598949227.236,37135955475.763,105995285772.16,576427564909.41,4309146120728.7,10062097327067,9632561842178.7,9116975806155.9,8641212963559.9,1855868481693.2,659629985611.23
1,3,1019.1705685619,1019.1705685619,240615563.28167,11578423066.697,29436740025.334,6138876206.6647,9456194139.3885,7939297640.3088,19860586858.734,20066551228.117,25430380130.648,86721560248.974,527816817981.09,3980956147222.9,9306763977540.2,8913128994674.5,8437940408816.5,7998959790112.6,1718199247525,610697108498.9
1,3,1022.7591973244,1022.7591973244,152410921.81474,7637534278.108,19642587429.699,4100749536.4851,6327104598.4497,5319002736.986,13352656842.886,13536244254.119,17352451199.919,72135973246.45,482698472888.7,3665179660319.7,8576167181494.8,8215976524231.6,7779274437620.4,7375504322617.8,1584467044545.6,563164036589.82
1,3,1026.347826087,1026.347826087,96302565.738853,5025326003.4269,13061987783.698,2729581094.4727,4217773809.1911,3549868815.9951,8939605216.2966,9089568530.3367,11811806994.672,60900057462.899,440426034247.57,3361068507439.8,7869811670471.6,7541037272806,7141120626444.8,6771126298015.5,1454760041488.3,517061967219.24
1,3,1029.9364548495,1029.9364548495,60713850.473274,3298845847.0245,8658371686.0202,1810950310.0919,2802065177.3093,2360814422.7919,5962061596.84,6078266493.8446,8031070338.3079,52043726634.362,400495515702.27,3067811392760.9,7186715289750.6,6887669770881,6523024259427.6,6185502087922.8,1329029737495,472373559759.64
1,3,1033.525083612,1033.525083612,38198920.994176,2160802182.1806,5722434342.3377,1197843863.4198,1855675292.1348,1564936231.4289,3962200583.1705,4049107515.8421,5461926326.947,44871540504.993,362512311982.94,2784568135119.3,6525571235847.9,6254838906502.5,5924116404855.9,5617886539040.4,1207131525363.5,429047343234.46
1,3,1037.1137123746,1037.1137123746,23988410.265111,1412469953.565,3771622630.1889,790070365.28945,1225318830.2403,1034227573.4515,2624532876.3709,2687886142.1914,3721309309.355,38889430243.2,326164250444.37,2510490880664.2,5884863567920.5,5641247182274.3,5343248270348.7,5067247168131.4,1088854796547.9,387008408209.74
1,3,1040.7023411371,1040.7023411371,15324419.242948,936158952.27151,2517363566.6427,527656823.44023,819104758.99915,691860294.73854,1759077190.3416,1804785139.8908,2576912042.1859,33801081318.967,291306799369,2245419159588.6,5264505444197.3,5046907022044.6,4780480903590.8,4533676864931.2,974226420566.53,346266265669.75
1,3,1044.2909698997,1044.2909698997,9822571.2905334,621980711.49888,1683221436.7172,353011126.84112,548453495.74412,463551957.95282,1180611400.9309,1213246392.7981,1797900400.6767,29290530773.264,257626132703.46,1987893164960.7,4661367246104.5,4468915563907.8,4233115023807.7,4014651510276.4,862711118801.55,306630607773.8
1,3,1047.8795986622,1047.8795986622,6272261.8501883,411678750.95764,1120710018.3265,235159738.37318,365635706.98314,309217355.36546,788774516.58824,811789505.16916,1258053995.5373,25179933256.565,224911029731.3,1736811697479.7,4073027577170,3905004198813.5,3699028455113.1,3508176905048,753884082788.84,267950355677.72
1,3,1051.4682274247,1051.4682274247,3991306.9836922,271371900.74486,742689131.36395,155910397.93696,242581805.29125,205258959.06738,524326129.45244,540360201.58853,882421787.83638,21361577090.108,193018740168.36,1491386446139.4,3497730692198.1,3353518059579.6,3176666294183.5,3012785530718.7,647431766308.79,230113824252.42
1,3,1055.0568561873,1055.0568561873,2531254.5900206,177949205.7462,489126965.72128,102718889.40041,159910429.62919,135366182.47646,346204579.11151,357223355.56262,618714284.45078,17757270563.009,161822012628.99,1250850277127.5,2933735216123.3,2812799894187.7,2664459301344.8,2526984696506.4,543034412992.39,193006626448.13
1,3,1058.6454849498,1058.6454849498,1599306.927328,115717420.56443,318839271.2822,66971500.57691,104295670.75413,88313565.047106,226077512.66238,233512102.95017,430626725.75421,14310027285.939,131206974987.96,1014465149685.4,2379333217678.1,2281201594248,2160824727453.8,2049246311118.8,440365815085.91,156510540820.31
1,3,1062.2341137124,1062.2341137124,1005320.1018053,74039300.792214,203586754.73034,42756408.274982,66581329.525702,56382055.630431,144419269.85707,149288039.61025,292989673.93508,10978066366.572,101073571036.04,781541763607.16,1832887539993.6,1757099299433.7,1664149750562.6,1577962662220.4,339091722148.91,120499804978.11
1,3,1065.8227424749,1065.8227424749,626267.16872051,45682424.828584,123879464.73101,25990027.18604,40440066.624861,34235647.208623,87707620.79675,90714032.074002,188270117.35524,7730423143.441,71338930160.926,551483542716.45,1292920257649.3,1238928786066.1,1172733123876.5,1111325179510.1,238871393431.62,84832630501.631
1,3,1069.4113712375,1069.4113712375,382628.80612473,25667430.311697,65987020.582726,13796379.930786,21423570.277014,18124448.568752,46424070.934242,48028924.884546,104047699.58397,4543434675.8409,41941945204.922,323872987727.18,758328287866.03,725293055496.73,684613349510.58,647030907726.86,139377585784.5,49334112943.665
1,3,1073,1073,222798.23569264,10459896.821309,19774816.645244,4064274.4648532,6289986.1166706,5316954.0568604,13617310.988379,14086107.984004,31175770.514428,1397272490.6692,12843748456.153,98623932234.955,228864209182,215247816595.57,197141131938.78,181648326122.62,40366543216.113,13764648766.095
