x,y,z,id,group1,group2,group3,group4,group5,group6,group7,group8,group9
1,3,0,0,102071.91419388,251489.17193902,121488.16747898,818097.86540548,356373310.4102,14884755951.373,522306733501.82,98304977308.479,8934575292.1046
1,3,3.5886287625418,3.5886287625418,250737.4143024,863789.42186702,424632.98618388,2712704.8679581,1156415465.0249,48695736498.437,1738502361893.8,348975812642.28,33625173397.841
1,3,7.1772575250836,7.1772575250836,442455.59825274,1625198.2064405,802018.83997866,4757731.1111312,1961197070.6938,82740634053.555,2960697015592.8,598536126020.62,58020270599.228
1,3,10.765886287625,10.765886287625,679704.11749773,2545361.4931205,1258380.2224664,6962446.1467577,2770791025.1177,117018800660.43,4188965840876.9,847120959385.74,82142590678.805
1,3,14.354515050167,14.354515050167,1085560.1477288,4086929.6883054,2021739.2356089,9777808.4596026,3591917537.5529,151716839950.71,5431229899123.5,1098353488733.8,106504872375.23
1,3,17.943143812709,17.943143812709,1670027.7576687,6293681.5480669,3113566.1612945,13239258.616622,4421403502.7461,186728326860.06,6684649054725.2,1351837104915.6,131085057667.95
1,3,21.531772575251,21.531772575251,2439670.3374939,9189951.4871938,4545845.4347415,17369401.550733,5259092035.7304,222047070754.74,7949009558332.7,1607529284125.6,155879079124.93
1,3,25.120401337793,25.120401337793,3788877.2197792,14242769.113432,7042483.5613736,23576570.719349,6115977322.4302,258080357020.48,9238911641791.2,1868386158529,181173873813.86
1,3,28.709030100334,28.709030100334,5783249.9658512,21686233.041605,10718029.807556,32069868.058741,6987909695.3573,294648878949.33,10547942460904,2133111261609.9,206843757839.59
1,3,32.297658862876,32.297658862876,8439494.0211913,31578643.776003,15600896.093397,42901186.231185,7874080052.474,331716352156.87,11874802514088,2401441795171.8,232863248318.62
1,3,35.886287625418,35.886287625418,13013087.167222,48535930.020476,23963952.966206,60445840.8628,8791715129.0781,369820081974.82,13238666976155,2677255259025.4,259608331448.41
1,3,39.47491638796,39.47491638796,19886584.062052,73911347.432962,36468535.320648,85942798.891052,9736296445.3074,408715146048.34,14630751002679,2958775007469.8,286906727003.87
1,3,43.063545150502,43.063545150502,29099625.018161,107827864.29513,53173053.401745,119492679.9478,10705857809.816,448314133182.88,16047924025944,3245367938539,314697044100.68
1,3,46.652173913043,46.652173913043,44629945.311382,164689030.51401,81149020.974843,174592532.29565,11729886547.025,489274063610.36,17513521368225,3541752206122,343436767459.89
1,3,50.240802675585,50.240802675585,68333807.92697,250973809.44557,123554188.58208,257161949.41932,12808023809.248,531323281400.02,19017737599506,3845944444511.2,372933562719.07
1,3,53.829431438127,53.829431438127,100288824.73469,366839104.34649,180453752.53988,367275171.70702,13936495184.708,574300299673.79,20554791174763,4156775449094.5,403074054274.01
1,3,57.418060200669,57.418060200669,153032194.31219,556776012.19182,273604448.50733,546090505.71185,15175853247.01,618976640829.56,22151740524429,4479714371616.5,434388497627.67
1,3,61.006688963211,61.006688963211,234763921.46727,848787526.00802,416593423.83872,818888414.81224,16545756410.01,665098554518.73,23799162449295,4812853823221.8,466691890128.4
1,3,64.595317725753,64.595317725753,345554410.05815,1242471903.747,609160833.19776,1184933855.2244,18039057685.334,712404274013.33,25487699426570,5154301503255.2,499800740986.8
1,3,68.183946488294,68.183946488294,524681358.73792,1873518014.7472,917300673.57561,1767688015.3698,19802572978.744,761783912060.98,27247552422836,5510156442799.7,534306231960.02
1,3,71.772575250836,71.772575250836,806433117.16955,2855428170.3085,1395721600.437,2667640063.014,21932872057.265,813060992104.72,29071077039961,5878865954649.7,570057620077.97
1,3,75.361204013378,75.361204013378,1190392882.1174,4183427902.239,2041768377.7889,3878587637.1909,24413240630.621,865841916530.31,30944285150004,6257601760162.5,606780667527.46
1,3,78.94983277592,78.94983277592,1798744223.1005,6264643197.4974,3051956374.5754,5762619234.061,27632150624.98,921163659186.36,32899502717351,6652876688308.7,645106252850.49
1,3,82.538461538462,82.538461538462,2769807369.5379,9537638902.6311,4635664491.164,8697030678.6198,31961253863.539,979027083328.11,34931892954236,7063687913235.3,684936472383.6
1,3,86.127090301003,86.127090301003,4099939237.4314,13973528204.475,6777216645.0263,12646656017.764,37346192087.528,1038863671961.2,37021664803199,7486036047142.9,725883594706.96
1,3,89.715719063545,89.715719063545,6166023613.8925,20768009344.974,10047543714.931,18640857456.923,44831607422.664,1101945505785.3,39201065795898,7926375103901.4,768571646306.25
1,3,93.304347826087,93.304347826087,9512099210.6079,31546452698.455,15211817672.392,28020021881.232,55713064591.704,1168662712898.5,41467349594329,8384065559757.3,812936370993.81
1,3,96.892976588629,96.892976588629,14118228236.67,46162699493.462,22191268037.355,40610599642.108,69772761582.599,1238193865353.1,43793817871783,8853722427742.9,858455987624.61
1,3,100.48160535117,100.48160535117,21135069325.609,68028385249.011,32589012481.3,59211620929.649,89730702955.924,1312263086669.3,46207410023235,9340618684037.1,905637144280.68
1,3,104.07023411371,104.07023411371,32662541773.978,102916463010.13,49065400113.809,88288154103.502,119736116327.86,1392133860937.2,48700507413874,9842950532314.6,954297976133.27
1,3,107.65886287625,107.65886287625,48607240065.343,150144303476.32,71253029496.82,127044555186.84,158870011521.38,1476528010382.9,51239401521923,10353963956725,1003785278494.2
1,3,111.2474916388,111.2474916388,72437853889.414,219058465446.65,103435884478.23,182600822362.67,213709458459.04,1568034565871.2,53833392331396,10875125526967,1054230331537.8
1,3,114.83612040134,114.83612040134,112142838982.31,329145774473.28,154290452733.75,268568810363.89,296129217617.66,1669718095062.1,56443848772405,11397897910741,1104786387403.6
1,3,118.42474916388,118.42474916388,167317713542.16,477349660804.25,222172647203.05,381497657698.83,402370920108.71,1779191360385.1,59034880630519,11915278693704,1154781366805.9
1,3,122.01337792642,122.01337792642,248251305748.96,687770401555.39,317679503263.23,537651667677.61,546374707080.79,1900309600402.8,61571471995357,12419345323321,1203425187215.5
1,3,125.60200668896,125.60200668896,384983571293.59,1021615786305.4,466457090811.32,772932856576.66,756296170812.6,2038484338350,63907852217732,12879013605854,1247662881068.5
1,3,129.19063545151,129.19063545151,575844463055.82,1465513797028.9,661361108849.87,1073326685144.6,1018055771840.5,2188240746658.1,66030499866968,13292469966930,1287343135082.9
1,3,132.77926421405,132.77926421405,850711337903.12,2075738204406.8,925287466626.42,1469391896473.6,1354672410821.6,2353677661572.3,67812424246705,13632754799453,1319819526726.8
1,3,136.36789297659,136.36789297659,1321487363931.5,3021997248204.3,1320926919394.4,2031399348992.2,1810207113320.1,2536482403738.5,68825993107993,13811253737936,1336447899761.9
1,3,139.95652173913,139.95652173913,1981494275211.4,4246503061860.8,1818394166638.2,2708786569891.8,2340404922259,2724174333312.6,69171380831771,13850794786596,1339504396384.1
1,3,143.54515050167,143.54515050167,2914997865356.2,5857551783393.6,2454478398604.1,3537804721558.3,2964970496654.5,2914924616132,68575965603003,13695331592384,1323530174960.8
1,3,147.13377926421,147.13377926421,4535603175266.9,8203065820896.5,3315650449121.3,4559105427688,3674595497854.3,3078159987670.4,66071282385152,13147047788812,1269164106262.5
1,3,150.72240802676,150.72240802676,6817211361053.9,11034641853580,4289118096800.6,5636617313398.8,4374009581417.8,3220032078341.8,62130142652212,12286737304777,1183195425445.9
1,3,154.3110367893,154.3110367893,9987578664490.6,14467078259308,5388669998376.5,6758945285616.2,5037705730861.2,3334399892714.2,56353230017018,11022625141833,1056008679880.6
1,3,157.89966555184,157.89966555184,15565365477506,18448214277407,6408440945611.7,7640462538986.7,5354709040233.9,4194552232197.4,46943304985865,8453737185205,780512545984.13
1,3,161.48829431438,161.48829431438,20350031467681,21909115982938,7265157012661.5,8357361761675.9,5566310557780.9,5000502970886.2,38475036572510,6227211673289.1,545821489679.71
1,3,165.07692307692,165.07692307692,23641698769169,24550666413153,7904149042788.3,8879328582545.3,5682984471115.5,5614189888690.4,31899641984525,4686388469478.3,391738975563.49
1,3,168.66555183946,168.66555183946,26399355834009,26959947840482,8511337256986.2,9392237211957.2,5822253454603.9,6082849905566.5,26142019640348,3390202805361.1,263994132086.94
1,3,172.25418060201,172.25418060201,27085680599582,28468298433947,8995164032296.6,9870010701158.2,6049164762905,5988975941745.2,23556392785755,3042923365890.6,238408506055.02
1,3,175.84280936455,175.84280936455,27772005365155,29976649027412,9478990807606.9,10347784190359,6276076071206.1,5895101977923.8,20970765931163,2695643926420,212822880023.1
1,3,179.43143812709,179.43143812709,27782655306424,30645971922196,9743357565856.1,10662595595807,6455378491607.2,5866012477423.9,19984417118627,2554943180021.4,201383032645.8
1,3,183.02006688963,183.02006688963,27790052978111,31311256270381,10006667982930,10976622605256,6634451753051.3,5837234808195.4,19005766215121,2415236772283.7,190011274065.05
1,3,186.60869565217,186.60869565217,27704088957197,31639110409816,10153532840824,11173928183181,6757773836712.9,5840798880117.4,18525366838916,2346097771821.9,184448246958.4
1,3,190.19732441472,190.19732441472,27592622978200,31874794722418,10268590330122,11339351037353,6865867359716.1,5853197171987.7,18181065997458,2296234418708.7,180471888028.45
1,3,193.78595317726,193.78595317726,27493036878679,32007552095694,10340282575170,11450941699474,6942749551954.3,5868055941988.7,17975288881402,2266019081973.5,178053006448.38
1,3,197.3745819398,197.3745819398,27402206641894,32064448922224,10380013205891,11522856261749,6996627964695.8,5884728165469.2,17871608316698,2250284980906,176782037009.5
1,3,200.96321070234,200.96321070234,27324299644763,32098893851121,10408151249679,11577336873560,7038827849821.5,5899038611440,17797007169026,2238831781568.7,175855749183.24
1,3,204.55183946488,204.55183946488,27268784920901,32094436071358,10416202660283,11601609442082,7060792191171.7,5909256773369.7,17772792323095,2234796158933.6,175526695879.21
1,3,208.14046822742,208.14046822742,27216899429543,32087528880386,10422527389896,11622664120206,7080291392534.1,5918489530235.5,17751699364077,2231260336997.1,175238173996.9
1,3,211.72909698997,211.72909698997,27184622362178,32067387736097,10419523013994,11626332819550,7086471659371.2,5922398230214.8,17747473685459,2230424894272.9,175168639821.04
1,3,215.31772575251,215.31772575251,27152345294813,32047246591808,10416518638092,11630001518895,7092651926208.3,5926306930194.1,17743248006841,2229589451548.6,175099105645.18
1,3,218.90635451505,218.90635451505,27130982303017,32025839493830,10410736054513,11626504465586,7092453320453.5,5926529971446.3,17740463893893,2229163979090.1,175064661375.75
1,3,222.49498327759,222.49498327759,27110237178306,32004360727746,10404796191185,11622601745056,7091893594290.9,5926544360375.8,17737761390787,2228761715847.1,175032203614.29
1,3,226.08361204013,226.08361204013,27092925205320,31984073095351,10398603361443,11617040802443,7089508688440.1,5925120551020.4,17733278000278,2228185549695.5,174986735243.07
1,3,229.67224080268,229.67224080268,27076840487219,31964211259646,10392320103346,11610887092217,7086471332343,5923182626352.9,17728157992766,2227547218160.2,174936615945.91
1,3,233.26086956522,233.26086956522,27061508114853,31945057631431,10386148060707,11604497704952,7083034532574.6,5920794816709.2,17721866500024,2226766928531.8,174875427893.01
1,3,236.84949832776,236.84949832776,27046851252800,31926539883026,10380075875335,11597896709825,7079239083442.4,5918003067856.8,17714523163273,2225859178679.4,174804301512.16
1,3,240.4381270903,240.4381270903,27032241326049,31908213725915,10374059753699,11591296121352,7075386601815.9,5915102535095.5,17706743326530,2224895228683.8,174728749253.52
1,3,244.02675585284,244.02675585284,27017732455707,31890300084058,10368164342904,11584696408443,7071411323514.2,5911967779677.6,17698023661565,2223810274148.4,174643667636.51
1,3,247.61538461538,247.61538461538,27003194852046,31872394880510,10362274384902,11578099560306,7067432026230.7,5908817806206.4,17689222976104,2222714594227.1,174557737619.59
1,3,251.20401337793,251.20401337793,26988418422469,31854559814592,10356429749478,11571526523612,7063419323928.6,5905541343150.1,17679748863584,2221529766923.7,174464755862.91
1,3,254.79264214047,254.79264214047,26973641992892,31836724748673,10350585114055,11564953486917,7059406621626.6,5902264880093.8,17670274751063,2220344939620.2,174371774106.23
1,3,258.38127090301,258.38127090301,26958541301221,31818712888122,10344703748063,11558350009438,7055366877595.6,5898919729923.5,17660420954160,2219109552742.3,174274788379.7
1,3,261.96989966555,261.96989966555,26943403630285,31800680865685,10338818193270,11551743060452,7051324049691.2,5895566746586.9,17650523857563,2217868399985.6,174177346035.31
1,3,265.55852842809,265.55852842809,26928018649440,31782430970646,10332871049370,11545077312291,7047246904250.5,5892171227113.3,17640436446706,2216602260972.3,174077928570.26
1,3,269.14715719064,269.14715719064,26912521451168,31764082215425,10326895959276,11538384883871,7043154187150.3,5888756406771.8,17630262680326,2215324784388.8,173977614889.77
1,3,272.73578595318,272.73578595318,26896861080485,31745561208415,10320867881166,11531637649251,7039029672355.9,5885311916818.2,17619982674163,2214033650898.2,173876224916.76
1,3,276.32441471572,276.32441471572,26881022601179,31726852182309,10314781964709,11524830591667,7034870449220.9,5881835041403.3,17609586703413,2212727610396.7,173773660131.33
1,3,279.91304347826,279.91304347826,26865096301042,31708043203008,10308664220621,11517989191110,7030690875239.5,5878340772436.7,17599135461118,2211414565592.5,173670544527.91
1,3,283.5016722408,283.5016722408,26848930571339,31688961717173,10302459703546,11511054159884,7026455817903.5,5874799082710.2,17588533529724,2210082424668.1,173565927206.65
1,3,287.09030100334,287.09030100334,26832746121440,31669858317961,10296248109457,11504111331653,7022216068759.8,5871253473627.6,17577919703671,2208748785826.3,173461192204.72
1,3,290.67892976589,290.67892976589,26816260945629,31650402896777,10289922828449,11497043250376,7017900949246.3,5867644903029.1,17567114798850,2207391084064.6,173354566751.16
1,3,294.26755852843,294.26755852843,26799775769819,31630947475593,10283597547441,11489975169099,7013585829732.7,5864036332430.6,17556309894030,2206033382303,173247941297.59
1,3,297.85618729097,297.85618729097,26783022597180,31611175694846,10277169567968,11482792892288,7009201417730.3,5860370079422.8,17545332297060,2204653977337.6,173139611340.96
1,3,301.44481605351,301.44481605351,26766221701739,31591347579236,10270723300746,11475590280420,7004804666657.5,5856693554777.6,17534323948408,2203270707633.5,173030977859.59
1,3,305.03344481605,305.03344481605,26749220105542,31571282198753,10264199893576,11468301586181,7000355480134.1,5852973330123.3,17523185081322,2201871041986.6,172921056788.39
1,3,308.6220735786,308.6220735786,26732105167007,31551082826970,10257632922931,11460964278389,6995876681582,5849228426632.3,17511972506171,2200462117010,172810408572.74
1,3,312.21070234114,312.21070234114,26714855751506,31530724540473,10251014272098,11453569233742,6991362659917.5,5845454123958.7,17500672076937,2199042155331.2,172698893633.49
1,3,315.79933110368,315.79933110368,26697427587052,31510155021974,10244326927127,11446097444339,6986801819123.2,5841640743417.3,17489254870636,2197607523489.9,172586226631.25
1,3,319.38795986622,319.38795986622,26679930761295,31489504410516,10237613212005,11438596187083,6982222992062.8,5837812336103.9,17477792721549,2196167245134,172473116196.35
1,3,322.97658862876,322.97658862876,26662189890648,31468565567969,10230805768680,11430990191376,6977580235888.6,5833930518694.2,17466170830993,2194706897205.6,172358429655.67
1,3,326.5652173913,326.5652173913,26644445955600,31447623107525,10223997148992,11423382881136,6972936677270.1,5830048030554.6,17454546933261,2193246297082,172243723309.37
1,3,330.15384615385,330.15384615385,26626392824416,31426315603523,10217069834995,11415642935293,6968212152556.6,5826097866229.3,17442720512879,2191760250624.8,172127018587.85
1,3,333.74247491639,333.74247491639,26608339693231,31405008099522,10210142520997,11407902989451,6963487627843.1,5822147701903.9,17430894092498,2190274204167.6,172010313866.32
1,3,337.33110367893,337.33110367893,26590037091875,31383406120502,10203119464510,11400056061450,6958697796895.5,5818142939880.7,17418904240712,2188767622288.2,171891996428.57
1,3,340.91973244147,340.91973244147,26571672144772,31361730548453,10196072480764,11392182397256,6953891645094.9,5814124533203.1,17406873545354,2187255908347.4,171773275952.65
1,3,344.50836120401,344.50836120401,26553123404993,31339838044216,10188954968351,11384229927842,6949037388389.8,5810065906771.6,17394722442655,2185729064775.1,171653367292.49
1,3,348.09698996656,348.09698996656,26534447102264,31317794976251,10181788504884,11376222762958,6944149744045,5805979365459.9,17382487770165,2184191720346.6,171532633962.4
1,3,351.6856187291,351.6856187291,26515652497176,31295612278782,10174576645925,11368164876493,6939231138329.5,5801866937356.2,17370175596125,2182644637499.4,171411135838.59
1,3,355.27424749164,355.27424749164,26496665314669,31273202286696,10167290890326,11360024423364,6934262132428.2,5797712369673.5,17357737261895,2181081702055.7,171288392752.27
1,3,358.86287625418,358.86287625418,26477625122637,31250729729173,10159984793936,11351861243145,6929279253622.6,5793546202839.5,17345264200972,2179514403038.6,171165306978.44
1,3,362.45150501672,362.45150501672,26458327548752,31227953392135,10152579935095,11343587714071,6924229016473.4,5789323717615.7,17332622528453,2177925917176.3,171040557323.5
1,3,366.04013377926,366.04013377926,26439029974867,31205177055096,10145175076254,11335314184998,6919178779324.3,5785101232391.8,17319980855933,2176337431314,170915807668.56
1,3,369.62876254181,369.62876254181,26419434586230,31182049217162,10137655940307,11326912972746,6914050603048,5780813582297.6,17307144086074,2174724430540.1,170789132767.08
1,3,373.21739130435,373.21739130435,26399827119573,31158907123941,10130132169798,11318506582241,6908919265913.1,5776523289410.7,17294299403949,2173110435552.3,170662379786.29
1,3,376.80602006689,376.80602006689,26379987221805,31135490699777,10122519211061,11310000540764,6903727100890.3,5772182138445.2,17281302457795,2171477307864.6,170534124243.95
1,3,380.39464882943,380.39464882943,26360070369850,31111983449069,10114876723544,11301461506461,6898514796736.4,5767824149191.3,17268255099480,2169837845649.1,170405371227.74
1,3,383.98327759197,383.98327759197,26339986262020,31088278791510,10107170056722,11292850763938,6893258721233.2,5763429562836.6,17255098173200,2168184615698.9,170275536980.51
1,3,387.57190635452,387.57190635452,26319760540530,31064406991802,10099409050008,11284179306876,6887965585023.4,5759003990130.2,17241848476961,2166519728763.5,170144787267.21
1,3,391.16053511706,391.16053511706,26299432524700,31040414457256,10091608790965,11275463992768,6882645678075.8,5754556034497.2,17228531768578,2164846421434.9,170013376269.35
1,3,394.7491638796,394.7491638796,26278898457485,31016178726655,10083729465995,11266660337457,6877271846859,5750062992958.5,17215080077702,2163156152917.2,169880633246.74
1,3,398.33779264214,398.33779264214,26258326838694,30991898675085,10075835731752,11257840582509,6871888188278.1,5745561734794.3,17201603787115,2161462793329.6,169747647470.99
1,3,401.92642140468,401.92642140468,26237484957566,30967299641215,10067838292566,11248904956913,6866433801205,5741001340780.2,17187950450023,2159747187011.6,169612914577.42
1,3,405.51505016722,405.51505016722,26216643076439,30942700607344,10059840853380,11239969331317,6860979414131.9,5736440946766.1,17174297112931,2158031580693.6,169478181683.86
1,3,409.10367892977,409.10367892977,26195520888607,30917770736054,10051735855005,11230913528677,6855451669901.5,5731819219087.6,17160460149327,2156292900836.5,169341636740.14
1,3,412.69230769231,412.69230769231,26174371733393,30892809035990,10043620508717,11221846164200,6849916868221.4,5727191590700,17146605519624,2154552001150.4,169204917465.06
1,3,416.28093645485,416.28093645485,26153007109348,30867593024656,10035422482803,11212686420882,6844325677657.2,5722516815763.1,17132609738136,2152793365075.7,169066805285.95
1,3,419.86956521739,419.86956521739,26131551227781,30842269304862,10027189439585,11203487552348,6838710604707,5717822072846.4,17118554174629,2151027217107.7,168928103170.14
1,3,423.45819397993,423.45819397993,26109944489368,30816767533360,10018898509634,11194224006341,6833056052039.1,5713094321075.6,17104399786105,2149248651309.4,168788425836.3
1,3,427.04682274247,427.04682274247,26088182437085,30791082449664,10010547982702,11184893871981,6827360853236.1,5708332585213.1,17090143652806,2147457300799.2,168647744471.88
1,3,430.63545150502,430.63545150502,26066333909093,30765295301340,10002164273345,11175526662536,6821643023464.3,5703551927676.5,17075830870017,2145658832013.1,168506504082.98
1,3,434.22408026756,434.22408026756,26044266249681,30739249518927,9993696478961.7,11166065503981,6815867846301.8,5698723322186.8,17061374536131,2143842325353.3,168363847113.31
1,3,437.8127090301,437.8127090301,26022176259843,30713177380597,9985220115955.8,11156594771610,6810086825195.4,5693889830595.9,17046903573775,2142023980557.1,168221045788.02
1,3,441.40133779264,441.40133779264,25999803564828,30686771574004,9976635273420,11147002833884,6804231819238.5,5688994480529.8,17032247413690,2140182364791.4,168076416907.63
1,3,444.98996655518,444.98996655518,25977430869813,30660365767411,9968050430884.2,11137410896157,6798376813281.6,5684099130463.7,17017591253606,2138340749025.6,167931788027.24
1,3,448.57859531773,448.57859531773,25954795292627,30633649689041,9959364715294.2,11127706251873,6792453010217.2,5679146259375.9,17002762881671,2136477494027.1,167785459738.07
1,3,452.16722408027,452.16722408027,25932118141423,30606884542131,9950663046936.9,11117983783388,6786518327099,5674184291513.1,16987907274955,2134610816849.6,167638862692.55
1,3,455.75585284281,455.75585284281,25909242353990,30579884950956,9941885157953.5,11108176152770,6780531660240.8,5669178860226.6,16972921543348,2132727788864.8,167490981557.82
1,3,459.34448160535,459.34448160535,25886261333902,30552761156898,9933066889131.6,11098323405321,6774517453658.4,5664150403072.7,16957866874730,2130836098619,167342420143.77
1,3,462.93311036789,462.93311036789,25863145680634,30525478459413,9924196958910.9,11088412936029,6768468013139.3,5659092486947.3,16942724009070,2128933325998,167192988389.91
1,3,466.52173913043,466.52173913043,25839861386830,30497996720658,9915262317999.9,11078430164782,6762374438848.8,5653997670729.6,16927470668440,2127016671674.9,167042466454.77
1,3,470.11036789298,470.11036789298,25816506215043,30470431326794,9906300479815.9,11068417005726,6756262315564.3,5648887345762.7,16912170896255,2125094183007.8,166891486327.07
1,3,473.69899665552,473.69899665552,25792919250502,30442592355057,9897249698204.5,11058304469214,6750089531377.4,5643726302427.2,16896719278643,2123152614245.2,166739007769.08
1,3,477.28762541806,477.28762541806,25769324910408,30414744678180,9888196086448.5,11048188770551,6743914816984.8,5638563645253.4,16881262829370,2121210438361.5,166586481531.63
1,3,480.8762541806,480.8762541806,25745435885998,30386549194443,9879029398536.1,11037946730672,6737662982765.4,5633336508461.4,16865613334944,2119244005442.3,166432050299.69
1,3,484.46488294314,484.46488294314,25721546861589,30358353710706,9869862710623.7,11027704690792,6731411148546.1,5628109371669.5,16849963840518,2117277572523,166277619067.75
1,3,488.05351170569,488.05351170569,25697412265192,30329868385846,9860601791905.4,11017357365810,6725095047343,5622828501476.4,16834153473975,2115290925262.1,166121600328.98
1,3,491.64214046823,491.64214046823,25673221799644,30301317120333,9851319435094,11006986087813,6718764325002.3,5617535406601,16818306508026,2113299679113,165965220422.55
1,3,495.23076923077,495.23076923077,25648849370654,30272551088935,9841967255332.6,10996536795877,6712385982244.1,5612202496460.7,16802340339387,2111293454582.6,165807664208.58
1,3,498.81939799331,498.81939799331,25624358090430,30243644781061,9832569470016.5,10986036548359,6705976535736.1,5606843580583.7,16786296312324,2109277446773.3,165649339677.62
1,3,502.40802675585,502.40802675585,25599748195555,30214598475972,9823126169938.3,10975485446705,6699536047401,5601458710743.6,16770174581842,2107251675162.2,165490248359.28
1,3,505.99665551839,505.99665551839,25574956734852,30185337874339,9813613199500.3,10964856501603,6693048042718.3,5596034112651.2,16753933909176,2105210957903.8,165329983304.13
1,3,509.58528428094,509.58528428094,25550109743696,30156011731818,9804078920939,10954203748703,6686545505539.8,5590597363989.8,16737656858993,2103165669638.4,165169359270.93
1,3,513.17391304348,513.17391304348,25525018744605,30126397594234,9794451011750,10943446381287,6679979110710.2,5585107224169.1,16721219961329,2101100295781.7,165007157842.15
1,3,516.76254180602,516.76254180602,25499927745514,30096783456649,9784823102561,10932689013872,6673412715880.6,5579617084348.4,16704783063665,2099034921925,164844956413.36
1,3,520.35117056856,520.35117056856,25474545142151,30066825147401,9775083299056.7,10921806625721,6666770007257.8,5574063138830.9,16688155138495,2096945544559.6,164680869900.48
1,3,523.9397993311,523.9397993311,25449155254601,30036858240847,9765340700465.8,10910921114590,6660125392339.4,5568507599466.2,16671522441515,2094855567593.8,164516736298.76
1,3,527.52842809365,527.52842809365,25423536960508,30006621753007,9755510457783.1,10899937677763,6653421002686.3,5562902082654.2,16654740117347,2092746789264.8,164351126156.64
1,3,531.11705685619,531.11705685619,25397848842020,29976302853560,9745653422103.7,10888924304831,6646698339761.9,5557281287623.9,16637912051811,2090632263316.6,164185064632.77
1,3,534.70568561873,534.70568561873,25371995243115,29945788642686,9735732888353.3,10877839984816,6639932370094.3,5551624283977.1,16620975581510,2088504115797.7,164017933356.7
1,3,538.29431438127,538.29431438127,25346009558830,29915118535514,9725761670860.1,10866699035307,6633131833268.8,5545938378850.4,16603952583238,2086365095630.4,163849948211.44
1,3,541.88294314381,541.88294314381,25319921043936,29884327060550,9715750995251.9,10855513998818,6626304385350.8,5540229973453.4,16586862221539,2084217610930.1,163681298315.17
1,3,545.47157190635,545.47157190635,25293638466845,29853306539964,9705665854184.1,10844245761265,6619426150747,5534479105486,16569644731399,2082054151940.8,163511393899.05
1,3,549.0602006689,549.0602006689,25267315427692,29822238263240,9695565187026.1,10832960176242,6612537327090.2,5528719384048.2,16552400734907,2079887362302.8,163341227914.81
1,3,552.64882943144,552.64882943144,25240736638608,29790868132665,9685366383579.5,10821564942478,6605581572844.8,5522903702178.4,16534989198800,2077699520520.8,163169408628.03
1,3,556.23745819398,556.23745819398,25214157849525,29759498002089,9675167580133,10810169708713,6598625818599.4,5517088020308.6,16517577662694,2075511678738.7,162997589341.24
1,3,559.82608695652,559.82608695652,25187305157139,29727804591775,9664863674585.3,10798657043229,6591598382964.4,5511212405878.3,16499986694842,2073301290509.9,162823999398.81
1,3,563.41471571906,563.41471571906,25160430844432,29696085663654,9654551472894,10787135108373,6584565289220.6,5505332060723.1,16482381563699,2071089122596.7,162650269691.2
1,3,567.00334448161,567.00334448161,25133345115780,29664117207795,9644158146762,10775522532300,6577476867254.8,5499405455834.6,16464637935810,2068859551913,162475173279.82
1,3,570.59197324415,570.59197324415,25106175975331,29632050303559,9633732813889.5,10763874194748,6570366616157.8,5493460599685.7,16446839665580,2066623115160.9,162299537650.75
1,3,574.18060200669,574.18060200669,25078857618272,29599807283567,9623250223687.8,10752161882964,6563217314607.7,5487483093589.7,16428943644864,2064374395598.5,162122937407.27
1,3,577.76923076923,577.76923076923,25051394353673,29567393233683,9612712029631.1,10740387444390,6556030090301.4,5481473880410,16410952696496,2062113747928,161945400405.46
1,3,581.35785953177,581.35785953177,25023843778943,29534876134321,9602140332960.7,10728575572982,6548820016653.5,5475445562975.5,16392904552011,2059845913295.2,161767298984.99
1,3,584.94648829431,584.94648829431,24996087101550,29502115778292,9591489550647.6,10716675338328,6541556005276.9,5469372148394.5,16374721391443,2057561113253.6,161587865208.37
1,3,588.53511705686,588.53511705686,24968304722744,29469325087667,9580828906195.1,10704764084598,6534285267756.5,5463293110108,16356521394096,2055274197591.1,161408265284.24
1,3,592.1237458194,592.1237458194,24940255351477,29436219273962,9570065811469.5,10692738362065,6526944657437.8,5457155651418.5,16338146492244,2052965304351.2,161226939379.87
1,3,595.71237458194,595.71237458194,24912205980211,29403113460258,9559302716744,10680712639532,6519604047119,5451018192728.9,16319771590392,2050656411111.3,161045613475.51
1,3,599.30100334448,599.30100334448,24883900246247,29369705069510,9548441250613.7,10668577005560,6512196345859.3,5444824639537.6,16301228747540,2048326415291.2,160862630307.66
1,3,602.88963210702,602.88963210702,24855558907487,29336254655512,9537566122223.4,10656426106597,6504779326710,5438623295691.4,16282662580291,2045993488650.5,160679416971.66
1,3,606.47826086957,606.47826086957,24827022938952,29302574525975,9526616310574.7,10644191763220,6497311372332.3,5432379365078.8,16263968912772,2043644540998.4,160494945446.53
1,3,610.06688963211,610.06688963211,24798390366650,29268780377982,9515629430167.4,10631916002518,6489818136442.8,5426114296682.6,16245211960966,2041287641376.7,160309849423.89
1,3,613.65551839465,613.65551839465,24769624593083,29234829016623,9504591437821.4,10619583133892,6482290041358.3,5419820082635.3,16226367750168,2038919777250.2,160123892318.24
1,3,617.24414715719,617.24414715719,24740701528804,29200692009864,9493493089943.3,10607182829376,6474720782794,5413491451946.4,16207420499587,2036538965688.4,159936918402.73
1,3,620.83277591973,620.83277591973,24711706382543,29166469926952,9482367082793.8,10594751620857,6467132660144.9,5407147049062.1,16188426028724,2034152220674.8,159749478511.35
1,3,624.42140468227,624.42140468227,24682493575375,29131990945547,9471157554881.8,10582227093683,6459487574941.4,5400755019985.3,16169288970080,2031747558833,159560631545.36
1,3,628.01003344482,628.01003344482,24653269491549,29097498654646,9459943699893.8,10569697731820,6451839538600,5394360523472.2,16150144524194,2029341968749.3,159371711681.1
1,3,631.59866220736,631.59866220736,24623767698110,29062678591576,9448623282264.4,10557049306361,6444118824757.8,5387905261554.3,16130818153114,2026913518905.2,159180996555.52
1,3,635.1872909699,635.1872909699,24594265904671,29027858528505,9437302864634.9,10544400880902,6436398110915.7,5381449999636.5,16111491782033,2024485069061.1,158990281429.95
1,3,638.77591973244,638.77591973244,24564525098990,28992756366600,9425890733311.1,10531649982737,6428614846802.7,5374942439655.5,16092008836086,2022036944845.2,158798021203.37
1,3,642.36454849498,642.36454849498,24534735083326,28957596123659,9414459719149.7,10518877986573,6420818704279.3,5368424112080.6,16072493653101,2019584769893.2,158605442857.54
1,3,645.95317725753,645.95317725753,24504766990193,28922225701350,9402960373171.3,10506029642529,6412975958316.2,5361866819532.6,16052861813112,2017117936437.4,158411713325.33
1,3,649.54180602007,649.54180602007,24474689523798,28886726189140,9391419058527.5,10493134406440,6405104589023.1,5355285595118.3,16033158323649,2014642099886.6,158217276746.85
1,3,653.13043478261,653.13043478261,24444494594121,28851088038625,9379832670918.3,10480188809838,6397202479215.4,5348678668667.3,16013377885008,2012156594308,158022080823.95
1,3,656.71906354515,656.71906354515,24414130455976,28815250176550,9368181354701,10467170667798,6389256087013.6,5342034717861.3,15993486599366,2009657160280.2,157825791048.54
1,3,660.30769230769,660.30769230769,24383709143434,28779344833283,9356508099543.6,10454128013143,6381294732088.3,5335378256774.3,15973557859268,2007153019922.9,157629131667.72
1,3,663.89632107023,663.89632107023,24353059119980,28743169549524,9344747083513.6,10440987302312,6373273522782.4,5328671751648.7,15953479292615,2004630053151,157430993779.11
1,3,667.48494983278,667.48494983278,24322409096526,28706994265766,9332986067483.6,10427846591481,6365252313476.5,5321965246523.1,15933400725963,2002107086379.2,157232855890.49
1,3,671.07357859532,671.07357859532,24291476766078,28670485783683,9321116724705,10414584845998,6357157223519,5315196970042.6,15913137222413,1999560881412.5,157032893020.7
1,3,674.66220735786,674.66220735786,24260541651140,28633974015151,9309246313462.4,10401321906709,6349061404851.3,5308428084290.1,15892871894767,1997014447239.5,156832912150.5
1,3,678.2508361204,678.2508361204,24229384654614,28597200366592,9297290761901.9,10387963839219,6340907519065.8,5301610648823.4,15872461214417,1994449748812.5,156631496921.04
1,3,681.83946488294,681.83946488294,24198165249337,28560353058900,9285311262879.6,10374579014971,6332737300711.7,5294779557753.2,15852009650636,1991879913189.2,156429678248.61
1,3,685.42809364548,685.42809364548,24166784056010,28523314797746,9273269682611.3,10361124826674,6324524741912,5287913065984.6,15831452100911,1989296759931.3,156226813693.21
1,3,689.01672240803,689.01672240803,24135281168946,28486132905213,9261181406070.1,10347618464125,6316280335475.2,5281019946517.9,15810814830678,1986703589414.9,156023162445.53
1,3,692.60535117057,692.60535117057,24103676250846,28448830588567,9249053978213.8,10334068357387,6308009227188.1,5274104501727.6,15790110720788,1984102020179.7,155818851615.48
1,3,696.19397993311,696.19397993311,24071890697956,28411315074198,9236857237235.2,10320440806345,6299690846194.9,5267149532392.9,15769288278594,1981485581931.4,155613373066.98
1,3,699.78260869565,699.78260869565,24040062529836,28373749262375,9224644143954.3,10306794984699,6291361312658.7,5260185238456.1,15748437919528,1978865635796.2,155407619031.18
1,3,703.37123745819,703.37123745819,24007995134349,28335901097802,9212339254427.8,10293046598112,6282969172551.9,5253168599384.5,15727430844665,1976225997580.7,155200318503.65
1,3,706.95986622074,706.95986622074,23975927738862,28298052933228,9200034364901.2,10279298211525,6274577032445,5246151960313,15706423769803,1973586359365.1,154993017976.12
1,3,710.54849498328,710.54849498328,23943595786031,28259892519767,9187627959541.8,10265436400201,6266115656850.5,5239077433691.8,15685243385737,1970924944029.1,154784007210.99
1,3,714.13712374582,714.13712374582,23911247378406,28221712685220,9175215240156.2,10251567534147,6257649974985,5231999306612.6,15664052222280,1968262174211.8,154574890073.43
1,3,717.72575250836,717.72575250836,23878693970899,28183290895634,9162723858307.9,10237610777678,6249130644014.2,5224876323701.3,15642726765192,1965582529764.8,154364447708.95
1,3,721.3143812709,721.3143812709,23846065388935,28144780379954,9150203630550.9,10223621791364,6240591639654.7,5217736891937.5,15621352061975,1962896697308.9,154153519377.3
1,3,724.90301003344,724.90301003344,23813291016885,28106097792742,9137627460293.5,10209570299896,6232014481583.7,5210565559981.5,15599881852922,1960198864092.9,153941648581.67
1,3,728.49163879599,728.49163879599,23780383105666,28067257593376,9125000048451.9,10195461555659,6223402375903.9,5203365008445,15578324163504,1957490038555.1,153728914518.46
1,3,732.08026755853,732.08026755853,23747388261881,28028314790226,9112339278903.8,10181315540500,6214767519715.1,5196145435274.8,15556709525275,1954774057129.2,153515618476.93
1,3,735.66889632107,735.66889632107,23714201873701,27989145913223,9099605010067.2,10167087403803,6206082535792.8,5188883950453.6,15534969407882,1952042308651.5,153301084190.64
1,3,739.25752508361,739.25752508361,23680987053665,27949943479017,9086859831387.1,10152847077420,6197390111172.2,5181616244480.6,15513210664984,1949308219790.6,153086366105.42
1,3,742.84615384615,742.84615384615,23647523048046,27910446939076,9074019035459,10138499916851,6188632473967,5174294014406.3,15491288682398,1946553619086.7,152870037149.44
1,3,746.4347826087,746.4347826087,23614059042426,27870950399135,9061178239531,10124152756283,6179874836761.7,5166971784332.1,15469366699812,1943799018382.8,152653708193.45
1,3,750.02341137124,750.02341137124,23580347993811,27831162282469,9048242648553.1,10109699680083,6171052547581.5,5159595498795,15447282880448,1941024082116.7,152435782210.68
1,3,753.61204013378,753.61204013378,23546607237722,27791339103047,9035295658258.3,10095233867292,6162222483856.4,5152212712967.4,15425179599850,1938246700453.8,152217664181.85
1,3,757.20066889632,757.20066889632,23512678086605,27751293566988,9022276377098.8,10080687282814,6153343116102.3,5144788704012.4,15402952901383,1935453810751.6,151998328249.51
1,3,760.78929765886,760.78929765886,23478661454890,27711144780371,9009223527919.3,10066103192274,6144440854188.1,5137345553236.6,15380668894244,1932653719943.6,151778426787.75
1,3,764.3779264214,764.3779264214,23444514713257,27670842428168,8996120752468.8,10051463317885,6135504540862.4,5129873932101,15358299650610,1929842918783.8,151557684202.78
1,3,767.96655518395,767.96655518395,23410223089533,27630369075145,8982962382313.8,10036761326167,6126530310061.3,5122370608192.2,15335835493064,1927020191260.8,151336004996.76
1,3,771.55518394649,771.55518394649,23375859273106,27589810512736,8969776309074.1,10022028380526,6117537184188.8,5114851486387.1,15313324040504,1924191520937.8,151113859081.27
1,3,775.14381270903,775.14381270903,23341293551612,27549013640830,8956512757185.4,10007208864448,6108491213493.2,5107288181788.5,15290680315536,1921346230078.6,150890407895.23
1,3,778.73244147157,778.73244147157,23306713180181,27508199476321,8943243582995.8,9992383066092.4,6099441407863.3,5099721671057,15268026993228,1918499733294.9,150666862003.82
1,3,782.32107023411,782.32107023411,23271874268162,27467080133742,8929875187020.7,9977446398747,6090323923707.1,5092098578820.3,15245204298067,1915631954479.4,150441644761.7
1,3,785.90969899666,785.90969899666,23237035356142,27425960791163,8916506791045.5,9962509731401.6,6081206439550.9,5084475486583.6,15222381602905,1912764175663.8,150216427519.57
1,3,789.4983277592,789.4983277592,23201966683967,27384570197296,8903050198538.7,9947474509723.3,6072028794214.6,5076802106637.7,15199408413339,1909877487576,149989725275.33
1,3,793.08695652174,793.08695652174,23166855501583,27343129416534,8889577287915.3,9932421053528.8,6062840017860.8,5069119422463.2,15176407379308,1906987300895.9,149762748276.1
1,3,796.67558528428,796.67558528428,23131572253206,27301485429637,8876038299362.3,9917293758345.7,6053606172210.4,5061399081898.9,15153293709162,1904082962665.4,149534659923.55
1,3,800.26421404682,800.26421404682,23096189720425,27259724190054,8862461182950.4,9902123857067.9,6044346320966.6,5053657013088.6,15130115046455,1901170458798.9,149305930305.12
1,3,803.85284280936,803.85284280936,23060692405579,27217827326015,8848839961796.5,9886904681793.2,6035056407899,5045889848817,15106861376866,1898248531948.4,149076460687.58
1,3,807.44147157191,807.44147157191,23025039385117,27175746482980,8835158911121.3,9871618664734.3,6025725714986.7,5038088641733.4,15083505957994,1895313822512.9,148845987237.11
1,3,811.03010033445,811.03010033445,22989328454839,27133597190563,8821455606196.9,9856307810890.5,6016379890351.2,5030274819987.8,15060112854294,1892374378925.2,148615142007.66
1,3,814.61872909699,814.61872909699,22953405577553,27091197376863,8807670851841.7,9840906055665.8,6006978684371.5,5022414829215,15036581826021,1889417608578.7,148382936085.88
1,3,818.20735785953,818.20735785953,22917481394803,27048796022162,8793885597176.2,9825503743891.6,5997577140509.1,5014554557059.5,15013049955310,1886460732359.3,148150721849.18
1,3,821.79598662207,821.79598662207,22881288621037,27006077616174,8779997406785.5,9809986925563.1,5988106079394,5006636392176.7,14989344758076,1883482073454.7,147916796872.51
1,3,825.38461538462,825.38461538462,22845095847271,26963359210185,8766109216394.8,9794470107234.7,5978635018278.9,4998718227293.8,14965639560842,1880503414550.2,147682871895.83
1,3,828.97324414716,828.97324414716,22808687181540,26920387924955,8752139313723.9,9778863158824.6,5969109656144.5,4990754696041.1,14941796833663,1877507439307.9,147447586539.09
1,3,832.5618729097,832.5618729097,22772222872612,26877351463563,8738148350831.4,9763232980619.9,5959570298665.9,4982779472227.6,14917918660024,1874507001016.5,147211950563.01
1,3,836.15050167224,836.15050167224,22735596808792,26834130397999,8724098509725.8,9747539090984.9,5949993092447.5,4974771955904.9,14893938352482,1871493628213.2,146975297523.03
1,3,839.73913043478,839.73913043478,22698856147665,26790778547265,8710006955602.3,9731800064177.8,5940389071808.7,4966741561543.7,14869885686881,1868471091790.4,146737923931.22
1,3,843.32775919732,843.32775919732,22662008070045,26747312395045,8695880088149.5,9716024274816.4,5930763623507.6,4958691356966.9,14845763027097,1865439571689.1,146499842508.23
1,3,846.91638795987,846.91638795987,22624981394982,26703656197952,8681694506525.1,9700187361710.4,5921102548221.9,4950608214674.5,14821523990563,1862393114756.4,146260584200.43
1,3,850.50501672241,850.50501672241,22587905156451,26659955429301,8667496171880.2,9684338078608.3,5911434214438.6,4942516396696.4,14797247133506,1859341703773.5,146020934414.38
1,3,854.09364548495,854.09364548495,22550579557208,26616030414927,8653233675012.3,9668426560332,5901729362142.5,4934380930134.6,14772779996133,1856265368273.5,145779315046.71
1,3,857.68227424749,857.68227424749,22513253957966,26572105400553,8638971178144.4,9652515042055.6,5892024509846.3,4926245463572.9,14748312858761,1853189032773.5,145537695679.04
1,3,861.27090301003,861.27090301003,22475642661380,26528014234731,8624671874692.2,9636571124249.9,5882292794109.2,4918049228007.5,14723519224685,1850069304356.1,145292640823.33
1,3,864.85953177258,864.85953177258,22438018230693,26483915430581,8610370879164.7,9620625716970.5,5872559843403.7,4909850198764.5,14698710580877,1846947581076,145047428031.08
1,3,868.44816053512,868.44816053512,22400226569131,26439848480037,8596094847224.3,9604690531315.4,5862801764544.8,4901565891327.6,14673454714624,1843766715155.6,144797537584.48
1,3,872.03678929766,872.03678929766,22362378055714,26395792358454,8581827301912.2,9588758820606.6,5853035143111.5,4893252592691.1,14648046810501,1840565743086.3,144546056921.16
1,3,875.6254180602,875.6254180602,22324584372570,26351979703357,8567630529337.1,9572823768297.3,5843190752977.8,4884793758960.9,14622057812148,1837289985425.3,144288687068.27
1,3,879.21404682274,879.21404682274,22286838052799,26308377358983,8553494891523.2,9556885829453.5,5833279184843.9,4876209209402.7,14595566854161,1833949626627,144026230027.67
1,3,882.80267558528,882.80267558528,22249452262161,26265111842821,8539410931207.9,9540831158776.8,5823172601079,4867405817186.3,14568507075670,1830540356353.3,143758400008.68
1,3,886.39130434783,886.39130434783,22212809235775,26222540262133,8525433437180.9,9524535996487.8,5812664244957.7,4858151564031,14540275409811,1826989114250.4,143479500547.85
1,3,889.97993311037,889.97993311037,22176590716453,26180113725469,8511423590110.6,9508034054421.8,5801928919428,4848718727035.6,14511823242386,1823416366759.9,143198992576.12
1,3,893.56856187291,893.56856187291,22143575406533,26138781649709,8497169616189.6,9489971811050.9,5789480947384,4837938347244.9,14481707232942,1819681345739.2,142906347239.31
1,3,897.15719063545,897.15719063545,22110560096613,26097449573950,8482915642268.6,9471909567679.9,5777032975339.9,4827157967454.2,14451591223499,1815946324718.5,142613701902.49
1,3,900.74581939799,900.74581939799,22085699101642,26055139265883,8466571675757,9448474056424.4,5759807441530.9,4813621024338,14422571501799,1812520486710.2,142347504799.95
1,3,904.33444816054,904.33444816054,22061671639507,26012728963059,8450014070520,9424489290541.6,5742093546083.6,4799802305737.1,14393663842465,1809126253342.4,142084011231.91
1,3,907.92307692308,907.92307692308,22050272952357,25961740153497,8427424733948.3,9389278836059,5715788143135,4782557439600.2,14375673172516,1807478637117,141962150478.08
1,3,911.51170568562,911.51170568562,22044351200328,25907030957364,8402219514106.9,9349199946732.9,5685756715354.4,4763826697929.2,14362417058585,1806588505983,141901714029.92
1,3,915.10033444816,915.10033444816,22051829598333,25828919825356,8364943725176.5,9290986944071.2,5643592847173.6,4742662158644.4,14379452603921,1810156076758.5,142200160818.77
1,3,918.6889632107,918.6889632107,22073381546477,25726230735856,8314990782716.4,9213728531273.3,5588686844922,4718941515684.7,14428302060630,1818405363124.8,142875525867.34
1,3,922.27759197324,922.27759197324,22099346762463,25584720278732,8248692842881.4,9116205111653.8,5522058898592.8,4696195851619.7,14529360538482,1834056812594,144137681682.71
1,3,925.86622073579,925.86622073579,22136774519893,25342379427593,8139942186249.1,8966047569448.7,5424985650815.9,4675982491595.8,14766021044159,1868933834676.4,146923903955.25
1,3,929.45484949833,929.45484949833,22167842680566,25077161287664,8023302085608,8807999967474.6,5324167185456,4658017204362.1,15036405291444,1908581057715.8,150102559263.04
1,3,933.04347826087,933.04347826087,22112061213547,24499520192396,7798920047723,8542202019149.7,5172202277161.6,4670752650564.5,15767336726564,2013372376025.2,158640463639.49
1,3,936.63210702341,936.63210702341,22056279746529,23921879097128,7574538009837.9,8276404070824.7,5020237368867.2,4683488096766.9,16498268161684,2118163694334.7,167178368015.93
1,3,940.22073578595,940.22073578595,21545566646865,22779712825481,7202701323229.1,7901859129779.9,4837548419125.5,4744826368751.4,18299316157248,2361063940400.8,185185130541.73
1,3,943.80936454849,943.80936454849,20959853093706,21544478406446,6806555125628.4,7509386058033.5,4649794275239.3,4814177347950,20276784567591,2626732953179.1,204752937858.3
1,3,947.39799331104,947.39799331104,19060974712507,19735593790412,6332719085002.2,7096702173417.8,4520087501107.7,4559476023882.6,24241107544020,3481511594038.4,287789424736.28
1,3,950.98662207358,950.98662207358,16451002305372,17616070921394,5816813090877.9,6673073898590.2,4421814052764.7,4129296609005.4,29281335374265,4655299949599.7,405194939710.69
1,3,954.57525083612,954.57525083612,12826250376689,15008196339954,5186347888024.7,6154649204550.5,4292434338558,3509772474200.9,35605718066062,6311868178213.9,579378010822.45
1,3,958.16387959866,958.16387959866,8488793535117,11862325489272,4372614182631.2,5444331957479,4029651190458.8,2870367655124.8,42745452209542,8252520786892.7,787655204165.92
1,3,961.7525083612,961.7525083612,5608162039231.4,9012922993624.2,3497007213902.5,4579742177964.9,3549009135956.1,2705290032222.5,47736374705418,9392227722097.7,904319973053.13
1,3,965.34113712375,965.34113712375,3699002699268.4,6659095336826.7,2691119751198.4,3696875696104.8,2982665261177.2,2581355538025.5,50956685485229,10094111417753,974444451130.14
1,3,968.92976588629,968.92976588629,2445068439737.8,4827922196170.6,2014677142251.9,2888222939903.1,2417210059605.3,2434224555067.4,52679049564164,10476197080404,1012547068654
1,3,972.51839464883,972.51839464883,1641160655109,3482222188477.4,1488509463083.4,2210514727237.7,1911096718965.1,2270869670729.4,53135672673423,10597072324931,1025036223279.4
1,3,976.10702341137,976.10702341137,1098171621309.1,2482316466035.1,1082764952556.9,1659167552208,1479888805730,2106492784625.5,52732483459016,10540450170858,1020181142622.7
1,3,979.69565217391,979.69565217391,732800803153.31,1751503531625,777151764597.59,1224441190966,1126193469562.9,1948812232679,51682176285902,10349278626282,1002165844175.1
1,3,983.28428093645,983.28428093645,487770663457.38,1224823450124,551392922178.4,890382026986.66,844811843312.82,1801894799236,50160575660124,10059205076676,974457210257.92
1,3,986.872909699,986.872909699,323936933429.91,849802915370.55,387317743937.01,639162916431.19,626540569358.5,1667227983756.7,48308725270153,9699048942593,939860843327.9
1,3,990.46153846154,990.46153846154,214688045942.84,585530076025.93,269703333469.29,453669274385.19,460759740961.11,1544681209474.2,46236686534165,9291499718792.6,900590033672.25
1,3,994.05016722408,994.05016722408,142015007870.89,400970056661.45,186377039830.99,318831974491.93,337049200108.44,1433243788904.3,44028132645484,8853959852030.5,858346157534.38
1,3,997.63879598662,997.63879598662,93779221961.845,273088178831.88,127934481153.44,222126504036.16,246073643051.29,1331528568849.7,41745076431575,8399437410808.1,814403829127.18
1,3,1001.2274247492,1001.2274247492,61827850203.89,185087708686.93,87299890361.783,153570097031.54,179959506424.49,1238081938425.9,39432297102318,7937404844340.6,769693290857.25
1,3,1004.8160535117,1004.8160535117,41091411851.004,125945690861.28,59740628140.369,106256126851.77,133092424633.42,1151873956183,37122705600894,7474820963765.1,724897918067.04
1,3,1008.4046822742,1008.4046822742,27556580735.387,86186845618.443,41075140225.893,73744624007.066,99951515680.26,1071612025874.3,34840534586770,7016901538324.8,680532268954.06
1,3,1011.9933110368,1011.9933110368,18424633945.038,58709648837.173,28099400493.576,50881572002.495,75925681937.108,995918308909.09,32596808032056,6566152795140.9,636846907123
1,3,1015.5819397993,1015.5819397993,12285792033.205,39824199650.898,19133680853.14,34918452096.534,58518611027.826,924068640536.14,30398391610818,6124113983421.4,593995232897.5
1,3,1019.1705685619,1019.1705685619,8172418090.2932,26909288516.311,12973255359.996,23846257671.162,45872168636.44,855476369777.23,28248931438156,5691636949199.3,552062965441.8
1,3,1022.7591973244,1022.7591973244,5424225710.1769,18118083102.264,8761977959.5891,16212709974.134,36620759163.834,789667015345.1,26149738327320,5269072653867.2,511086446741.53
1,3,1026.347826087,1026.347826087,3592923895.623,12159131847.563,5896563202.9305,10978732770.02,29772488894.168,726255355574.1,24100455436471,4856412699959.6,471066549044.6
1,3,1029.9364548495,1029.9364548495,2375488295.8211,8135536337.5943,3955182401.6645,7407857905.7135,24614512086.885,664925712800.42,22099554852058,4453395091704,431979081097.16
1,3,1033.525083612,1033.525083612,1567878284.3198,5428283089.208,2644946471.821,4982536071.7958,20639336685.319,605415649541.54,20144701428132,4059582069813.2,393782455930.92
1,3,1037.1137123746,1037.1137123746,1033172540.4062,3612549755.2945,1763776446.5606,3341851054.3048,17488621028.309,547502914711.58,18233015425151,3674416535678.7,356423255803.94
1,3,1040.7023411371,1040.7023411371,690177089.94207,2433338473.3516,1190033036.0926,2267343757.5477,14945798792.096,491107393868.25,16364588372584,3297931136838,319905027662.99
1,3,1044.2909698997,1044.2909698997,462258102.00045,1641905311.6536,804172224.95762,1541052640.8105,12786734823.927,435951626460.05,14532968378723,2928840047156.3,284103430474.8
1,3,1047.8795986622,1047.8795986622,308547759.26347,1103377550.0748,541139151.59963,1043499824.718,10886624648.952,381837856898.96,12733106820104,2566133735526.8,248920747113.62
1,3,1051.4682274247,1051.4682274247,205170254.21119,738060997.08239,362400476.48243,703575972.7081,9170391224.4893,328627972447.23,10961318893343,2209074026090,214285472373.18
1,3,1055.0568561873,1055.0568561873,135742407.02178,490588415.52598,241116258.00558,471500183.75496,7584453486.7035,276191746914.76,9213895422722.8,1856914851460.4,180125165597.09
1,3,1058.6454849498,1058.6454849498,89066466.324158,322633586.68329,158661770.06632,312566039.06924,6090596724.9511,224406133664.35,7487125042075.5,1508900371638.3,146365700459.98
1,3,1062.2341137124,1062.2341137124,57498219.478717,207664512.23053,102115079.93223,202592890.88304,4661543172.8324,173157903033.7,5777331158793.6,1164237857517.6,112925667086.14
1,3,1065.8227424749,1065.8227424749,35800832.536993,127182580.32456,62453373.145906,124639153.03089,3277779132.0919,122355119758.22,4081012423754.7,821956611548.99,79688525447.31
1,3,1069.4113712375,1069.4113712375,20341414.782899,68019231.936343,33260054.136787,66630608.838053,1925177540.7274,71957179230.613,2395444202299.8,480299445834.36,46385407297.393
1,3,1073,1073,8524630.8447534,20363010.343389,9793831.1089068,19636717.976909,592869024.92008,22038089845.345,720518132362.14,134881629761.7,12244514758.717
