x,y,z,id,group1,group2,group3,group4,group5,group6,group7,group8,group9,group10,group11,group12
1,3,0,0,80475.705020608,92391.040721602,50166.656317442,77323.595724755,85271.184219487,92888.086960462,6289055.5113508,646754387.77115,42811875173.047,164775950365.4,140186813026.07,20019363274.915
1,3,3.5886287625418,3.5886287625418,197657.77730386,313350.79654401,174798.83287936,270709.66370019,298872.64620164,324425.48883478,20427873.290627,2105623861.4254,140828402064.14,551285060798.16,492114407118.73,69758459933.677
1,3,7.1772575250836,7.1772575250836,348743.54581648,587361.64785963,329783.63443802,511919.27288029,565622.52329175,610966.78702487,34734507.916095,3576100537.4453,239681080439.92,940466000004.9,844524715261.88,119658219411.55
1,3,10.765886287625,10.765886287625,535683.34502811,917967.60493603,517094.66181572,804003.2869783,888890.45397611,955989.19966,49215720.920931,5058364728.6606,339375083090.86,1332361835895.7,1197543276193.7,169731079583.32
1,3,14.354515050167,14.354515050167,855372.30673665,1473604.170187,831253.11167902,1293882.1350788,1431240.7578856,1527388.6838568,64252300.767611,6568935520.7485,440833323332.3,1730828428230.8,1555890330606.8,220545397087.09
1,3,17.943143812709,17.943143812709,1315650.5709578,2271115.7986634,1281843.8742839,1996193.1689995,2208631.4962795,2341427.1003522,79791815.076568,8099998802.1431,543609484016.55,2134426978586.2,1918793742544,271999820432.64
1,3,21.531772575251,21.531772575251,1921676.8013846,3319514.2832905,1873963.1730591,2918869.0280856,3229826.2659716,3407127.3115604,95841127.10199,9651116653.0793,647676993075.02,2543058674618.2,2286172302481.7,324083531070
1,3,25.120401337793,25.120401337793,2983762.8036169,5154869.2839462,2910196.4905306,4533011.6767108,5015850.8084229,5261972.2285374,113323892.21013,11248382620.408,754739587719.37,2963432771225.8,2664087625032.6,377657597010.28
1,3,28.709030100334,28.709030100334,4553382.1791449,7866342.3024816,4440893.9254736,6916933.8805324,7653133.6167633,7994768.0195237,132242496.88741,12880580550.637,864050183382.62,3392628409038.8,3049930346397.4,432354841334.51
1,3,32.297658862876,32.297658862876,6643636.2098884,11476486.151661,6478768.7706139,10090375.241184,11163429.991815,11627844.555601,152603614.8854,14545486473.954,975457745874.17,3830052855978.9,3443168062068.7,488099897597.56
1,3,35.886287625418,35.886287625418,10241766.677019,17688871.319991,9985131.7173934,15549373.09207,17200387.161204,17865619.826726,176894594.77952,16279616700.671,1091232655178.7,4284614989109.6,3851809156965.4,546028084990.99
1,3,39.47491638796,39.47491638796,15648090.618172,27020135.644192,15251173.17985,23746088.291687,26262506.937967,27220297.164986,205619648.00091,18068585619.567,1210355681103.3,4752311431980.5,4272254790800.1,605629367304.57
1,3,43.063545150502,43.063545150502,22893589.132508,39522942.470703,22306438.243507,34726004.069965,38399431.012547,39742308.86144,238789806.19842,19907003587.753,1332459809228.5,5231700959601.3,4703209301047.7,666720077469.48
1,3,46.652173913043,46.652173913043,35104275.843939,60583769.715396,34188808.755681,53212070.854316,58825648.424438,60799241.990214,283613396.55632,21845104680.582,1460344737550.6,5733756169428,5154531889012.6,730697389462.35
1,3,50.240802675585,50.240802675585,53737198.711305,92703340.456167,52306498.272839,81387436.296065,89943647.831335,92855368.607718,343042566.77607,23869826499.934,1592872996631,6254001654934,5622196945217.6,796990434689.02
1,3,53.829431438127,53.829431438127,78852557.696061,135979617.49143,76713507.079566,119332468.271,131837605.17254,135992358.92497,417075572.67357,25971066385.177,1729359137373.5,6789745798337.8,6103784683737,865256182872.61
1,3,57.418060200669,57.418060200669,120297170.51662,207338465.50838,116946787.06698,181848443.36706,200816592.1502,206962424.10981,527380582.1384,28224510634.211,1873107253938.8,7353899085554.6,6610885801816.1,937136276632.2
1,3,61.006688963211,61.006688963211,184505342.32048,317780551.47614,179191825.71533,278498214.47767,307370685.40771,316489987.83419,687289878.46546,30630755863.679,2023035873517.6,7942175689256.7,7139637609681.9,1012082252050.2
1,3,64.595317725753,64.595317725753,271529171.74204,467355512.71286,263467928.57956,409286927.2457,451474159.25717,464514990.98562,896510670.65023,33172793301.901,2178020275204.8,8550160191214.3,7686070927491.5,1089531468268.9
1,3,68.183946488294,68.183946488294,412199245.10549,708836671.71838,399462293.50956,620150874.7894,683568082.25583,702661683.06008,1220589489.1961,35987652521.335,2341843774500.8,9192516715582.6,8263321278414.4,1171341672089.5
1,3,71.772575250836,71.772575250836,633408923.49226,1087903914.3232,612794623.11669,950511827.20872,1046661652.8203,1074651554.8427,1713962546.9182,39129942352.163,2513680207047.8,9865844235404.3,8868292595240.2,1257070481839
1,3,75.361204013378,75.361204013378,934818480.54318,1603706545.111,902927722.95962,1399371361.3037,1539448933.9661,1578926813.192,2374053210.5232,42570720836.208,2691819300000.7,10563436502512,9494958570467.8,1345863876055.1
1,3,78.94983277592,78.94983277592,1412277201.5088,2419128078.8679,1361232504.1971,2107375893.38,2315445291.2358,2371627253.0687,3396438159.7296,46612376206.484,2880487875302.4,11301327233493,10157595008492,1439733060989.8
1,3,82.538461538462,82.538461538462,2174220938.6387,3716332272.2027,2089432699.567,3229793313.9046,3542486898.5764,3621742357.5748,4989241744.4181,51501103237.302,3079340477533.6,12077575678851,10854315673124,1538398057861.7
1,3,86.127090301003,86.127090301003,3217743363.2751,5488598946.4041,3083368106.2323,4759118382.049,5211025588.7939,5318160953.7638,7135963016.6638,57176831985.095,3285899655191.5,12882513535982,11576445031117,1640630653903.7
1,3,89.715719063545,89.715719063545,4838321551.9932,8231792620.8544,4619825615.4508,7117528446.5845,7777079619.2629,7919740422.3904,10402152112.849,64389740014.182,3504759402560.5,13732594080939,12338390522517,1748439075090.1
1,3,93.304347826087,93.304347826087,7462233145.5316,12648731776.962,7088328939.6248,10891368260.916,11864515248.977,12044575947.445,15533471051.426,74022869184.204,3736260576671,14627146120752,13139072104831,1861628793441.4
1,3,96.892976588629,96.892976588629,11073662779.493,18701258912.708,10465008218.667,16037142247.396,17417914777.245,17628520736.851,22437600762.805,85895907602.492,3976922466700,15552826094666,13966580078237,1978519884845.7
1,3,100.48160535117,100.48160535117,16574187897.224,27869602164.975,15568854888.783,23783964713.791,25740902916.229,25959321854.325,32663496557.223,101896635698.25,4231480089635.5,16524073410886,14832912187502,2100727816477.7
1,3,104.07023411371,104.07023411371,25608303292.374,42779077326.815,23835599210.23,36240970526.429,39017403461.505,39142698431.025,48666673474.285,124819804362.67,4500869093787.8,17538347186013,15734355384435,2227606129457.9
1,3,107.65886287625,107.65886287625,38102130885.834,63233506465.873,35139905330.284,53175918176.47,56951670038.751,56840349202.225,69974823720.445,153958806075.13,4780274489361.1,18578300474149,16655715799644,2357038508688.7
1,3,111.2474916388,111.2474916388,56771872837.083,93522869182.672,51817300534.669,77993157254.583,83040642001.003,82399408120.84,100460474435.57,193726312503.54,5073813098047,19650413873645,17600603277188,2489351091473.8
1,3,114.83612040134,114.83612040134,87870036040.982,143078964666.62,78900293719.193,117769223282.12,124273981143.87,122257920744.55,147233277485.53,251705290541.97,5381391320486.3,20737974638895,18550404503680,2621617315093.1
1,3,118.42474916388,118.42474916388,131077309964.73,210919281579.13,115745190071.03,171305986728.48,179159231261.1,174765859341.81,208107588559.62,325033966213.76,5696436433005.7,21821713189717,19489396508698,2751750109016.7
1,3,122.01337792642,122.01337792642,194445671544.37,308898182064.29,168608680823.16,247246569024.57,256086752172.28,247535271137.94,291359098818.01,422427528028.86,6020042868343.9,22887328408714,20400673404629,2877029655311.1
1,3,125.60200668896,125.60200668896,301474048082.24,468980759080.52,253738213412.41,366652193853.99,374191022343.33,356866901801.09,413458377487.6,559729787228.22,6343650947560.9,23868732834049,21218171676147,2987585783099.2
1,3,129.19063545151,129.19063545151,450845954787.37,686198984726.54,367820827447.9,523579559474.65,526550433900.83,495636722650.04,565744883383.97,726814105858.03,6659289203369.5,24757051635775,21939006927059,3083421376018.8
1,3,132.77926421405,132.77926421405,665929230162.65,990653282588.25,525753141511.34,736594388759.78,729443948214.66,677307532415.32,761416485219.5,935991937663.4,6958875139777.8,25495638915181,22507194354160,3156208855846.4
1,3,136.36789297659,136.36789297659,1034211284911.9,1479455812333,771853205377.35,1054492811319.8,1020684898823.7,929632076529.7,1023895806105.5,1205053595606.4,7202450313675.6,25894481281228,22745458332021,3180232375437.1
1,3,139.95652173913,139.95652173913,1550433952455.9,2126761733850,1089240004168.8,1450696563623.1,1373440319186.7,1228113743754.6,1326727740019.2,1507053497252.1,7388196236618.2,26000865000730,22706341541227,3163550840089
1,3,143.54515050167,143.54515050167,2280464115679.2,2996563914063,1504983505675,1952326114687.9,1807077886089.7,1585865376447.1,1679736379351.6,1848269315901.1,7489105293227,25696584812912,22280236617983,3090192958470.5
1,3,147.13377926421,147.13377926421,3547479326506.7,4310773493747,2092173429302.1,2610832494202.4,2344502642604,2007041212875,2071272862190.7,2207803730944,7399589042902.6,24582884938819,21093288156747,2904444756667.5
1,3,150.72240802676,150.72240802676,5330951773580.7,5930065537872.8,2773643540600.6,3339598065570.5,2916557762995.1,2436187465447.3,2449399593070.7,2550790009827.6,7181445659728.6,22880267984387,19323544728905,2630362729371.5
1,3,154.3110367893,154.3110367893,7808801519582.1,7930307086505.6,3564999546461.5,4143561617425.7,3519595425013.8,2863377769812.7,2797437535196,2863362680684.1,6803391058100.8,20431149842154,16805829980503,2242237761088.6
1,3,157.89966555184,157.89966555184,12166978811851,10275212691826,4354690917974.3,4913157699877.7,4021995833677.7,3132947236845.7,2942372437278.5,3110581940113.7,6633482551831.1,16390827654155,12680684248796,1597118884886.3
1,3,161.48829431438,161.48829431438,15841438694023,12284630261649,5023284033126.1,5568184426509.8,4438925173075.7,3338887561554.5,3032916467527.6,3302607781869.3,6466980171777.3,12828165542724,9152419218212.8,1058878323234.5
1,3,165.07692307692,165.07692307692,18259117541504,13767090799274,5521237345909.4,6066861825796.9,4750857186547.2,3479500574046,3078231038214.2,3426887887359.9,6272972881602.8,10186606585374,6716024777813,711362976631.91
1,3,168.66555183946,168.66555183946,20264021114884,15102408985124,5985125239156.1,6538416682175.6,5054569251577.2,3627211099598.4,3139463614699.7,3544964177963.4,6058830114025.8,7913959629045.5,4647143744887.4,422046610443.01
1,3,172.25418060201,172.25418060201,20667841602381,15866987726477,6316879328719.4,6904767938869.1,5326397574430.4,3802451636822.5,3262439351313.1,3638976955786.4,5766585351687.9,7072257794848.4,4003782934369.3,358473909154.53
1,3,175.84280936455,175.84280936455,21071662089877,16631566467831,6648633418282.7,7271119195562.6,5598225897283.5,3977692174046.6,3385415087926.5,3732989733609.3,5474340589349.9,6230555960651.2,3360422123851.2,294901207866.05
1,3,179.43143812709,179.43143812709,21085693727436,16943849452134,6816410646540.6,7489107624162.9,5778818263446.9,4108436312053.7,3493201074868.5,3824956493228,5398469577644.9,5971365384452.6,3173453531199,276840072039.13
1,3,183.02006688963,183.02006688963,21097849168968,17253955371848,6983398594305.7,7706381928312,5958971477645.3,4238966272648.1,3600913948000.4,3916913404614.2,5323640051788.3,5714978647583.1,2988681720896.5,258997999990.67
1,3,186.60869565217,186.60869565217,21102012289155,17423158175455,7080375827227.3,7843402437151.7,6079763085273.6,4331103303422.7,3681620875628.3,3994043252512,5321631900063.6,5622364616203.4,2915658346245.4,251826584016.39
1,3,190.19732441472,190.19732441472,21103992288639,17553872973320,7158229474600.8,7958501439782.1,6184339935431.6,4412753218339.4,3754951067990.6,4067123054389.2,5339515071846.3,5574485470774.8,2873159310245,247569881950.48
1,3,193.78595317726,193.78595317726,21133835827422,17656618068447,7216429268424.3,8044434439545.2,6263526303303.7,4475621531011.1,3812625553427.6,4127668837115.8,5370680677501.8,5564982677939.6,2856995110691.3,245803083053.36
1,3,197.3745819398,197.3745819398,21184215713049,17738748570778,7260143524392.2,8108871133886.2,6323999048863,4524647183788.1,3858761266849.9,4178976634608.1,5411635874709.5,5583764521847,2860240553593,245871424858.64
1,3,200.96321070234,200.96321070234,21247304843680,17819262602996,7300584860713.5,8166286831450.8,6377126362535,4567527300076.7,3899138633336.5,4224567242073.9,5452332749420.8,5608311200988,2868022758901.1,246381470837.41
1,3,204.55183946488,204.55183946488,21332415456135,17896975755446,7335355164610.1,8211537152326.9,6417526146385.4,4599758961634.7,3929538433701.2,4260251596554.7,5492582025225.9,5642846688612.8,2883665874188,247656863650.35
1,3,208.14046822742,208.14046822742,21420010544806,17975402011679,7370013707694.8,8255962986406.9,6456795368190.3,4630896789764.8,3958784815918.5,4294574849227,5532002940917.3,5677413789134.4,2899566484362.3,248962327060.94
1,3,211.72909698997,211.72909698997,21521029039945,18057681104923,7404068416942.5,8295934190848,6489956262705.2,4656124732096,3981799381337.4,4321544188548.1,5566948299775.2,5712151691356.8,2916858316764.3,250430259265.66
1,3,215.31772575251,215.31772575251,21622047535085,18139960198167,7438123126190.3,8335905395289.1,6523117157220,4681352674427.1,4004813946756.4,4348513527869.1,5601893658633.1,5746889593579.2,2934150149166.2,251898191470.39
1,3,218.90635451505,218.90635451505,21727386391207,18225367900337,7472880573539.4,8375130110326.6,6554371152880.8,4704312004082.7,4025073196639.1,4371614837278,5632819056740.6,5778897821764.2,2950478663679.6,253298252765.36
1,3,222.49498327759,222.49498327759,21832969831384,18310952719155,7507677804261.9,8414312565144.4,6585517195281.4,4727142903154,4045176462740,4394497169976.1,5663516877036.6,5810751517782.6,2966752642890.1,254694471755.87
1,3,226.08361204013,226.08361204013,21938175021539,18397090172622,7542711807991.6,8453479719262,6616305871751.1,4749435752600.4,4064523126354.9,4416110427557.1,5692346999822.4,5840775997055.5,2982149401123.7,256017705996.12
1,3,229.67224080268,229.67224080268,22043244997984,18483425177386,7577830451391.6,8492641403810.9,6646966799982.6,4771536264485.5,4083599325926.6,4437270026587,5720509473440.1,5870146582948,2997232577606.3,257314850247.2
1,3,233.26086956522,233.26086956522,22147114890763,18569267085738,7612810903131.1,8531655296869.1,6677463503169,4793460624679.3,4102448551956,4458027367865.2,5747926551574.1,5898658984176.5,3011865635291,258573153174.08
1,3,236.84949832776,236.84949832776,22249907261795,18654666256535,7647667276421.7,8570536492057.8,6707812753254.8,4815226823168.5,4121093984754.2,4478423533095.1,5774674359832.6,5926400845261.3,3026094543825,259796581556.14
1,3,240.4381270903,240.4381270903,22351846362856,18739513082844,7682325182872.8,8609220649636.4,6738013368232.8,4836882469452,4139633900026.5,4498669512113.9,5801143085361.2,5953806858428.7,3040142113811.3,261004171834.65
1,3,244.02675585284,244.02675585284,22451948288170,18823170656120,7716555770330.7,8647480565496.5,6767893956929.7,4858300085758.6,4157946625492.3,4518592125171,5827010917806.4,5980489757376,3053799243733.2,262177661089.16
1,3,247.61538461538,247.61538461538,22551761359588,18906608399749,7750700957263.9,8685650961285.5,6797707730236.1,4879670958863.9,4176219449619.9,4538468151865.9,5852805283317.8,6007088074165.5,3067411106735.3,263347202416.36
1,3,251.20401337793,251.20401337793,22649173531984,18988218960852,7784136311163.7,8723077283148.7,6826966146633.6,4900653311307.4,4194160621358.8,4557956961515.1,5877989005549,6032983360032.3,3080646719647.6,264483929317.38
1,3,254.79264214047,254.79264214047,22746585704380,19069829521954,7817571665063.4,8760503605011.8,6856224563031.1,4921635663750.8,4212101793097.7,4577445771164.2,5903172727780.2,6058878645899.1,3093882332559.8,265620656218.39
1,3,258.38127090301,258.38127090301,22841642511673,19149521354540,7850235579323.5,8797091085619.8,6884843983141.6,4942169019856.8,4229665074792.3,4596522159223.6,5927784524273.7,6084154644137.5,3106793712465,266729297410.52
1,3,261.96989966555,261.96989966555,22936430710112,19228994372868,7882811517619.1,8833582903696.7,6913390531297.1,4962651171845.4,4247185261422.3,4615551514196.5,5952331097623.5,6109360018021.5,3119668116422.8,267834735672.44
1,3,265.55852842809,265.55852842809,23029441152246,19306983030359,7914782135588.9,8869403906816.7,6941418353389.2,4982765123295,4264393894137.3,4634245091658,5976437252638.1,6134105488158.2,3132305489180.4,268919752238.23
1,3,269.14715719064,269.14715719064,23121644933450,19384298155776,7946478088097.4,8904920526139,6969210802361.5,5002712002920.6,4281461158561.7,4652786309317.3,6000343566841.1,6158642275933.7,3144835308497,269995502413.4
1,3,272.73578595318,272.73578595318,23212616995070,19460578361763,7977749970290.2,8939963351538.2,6996634016517.1,5022395060460.1,4298303877373.8,4671085144992.2,6023937345590.6,6182857316606,3157200467496,271057102664.05
1,3,276.32441471572,276.32441471572,23302244589937,19535728915529,8008558964300.5,8974489013627.7,7023654197432.9,5041790146591.3,4314901496478.3,4689119411910.2,6047189980518.8,6206721158605.8,3169385893765.9,272103257757.13
1,3,279.91304347826,279.91304347826,23391178089747,19610296166861,8039128689122.5,9008746611960,7050464798582.3,5061035010187.1,4331370819976.6,4707014748439.6,6070263996078.8,6230401823278.4,3181477785289,273141382084.42
1,3,283.5016722408,283.5016722408,23478219249483,19683273136633,8069046084456.1,9042273376979,7076704013742.4,5079870315868.5,4347490365855.2,4724531313301.8,6092851034264.3,6253583084023.9,3193314669161.4,274157611802.62
1,3,287.09030100334,287.09030100334,23565107775673,19756121965848,8098910920809.7,9075741222328.6,7102897116778.4,5098672529497.8,4363581606954.7,4742017162623.1,6115398550117.2,6276723826868.2,3205130871658.5,275172066170.21
1,3,290.67892976589,290.67892976589,23649544358521,19826912313199,8127931436602.9,9108262567417.1,7128349463154.1,5116943144149.5,4379218153024.4,4759009589838.3,6137311169363.3,6299213680044,3216614843386.2,276158000862.76
1,3,294.26755852843,294.26755852843,23733980941369,19897702660550,8156951952396,9140783912505.6,7153801809529.7,5135213758801.2,4394854699094.1,4776002017053.5,6159223788609.3,6321703533219.8,3228098815113.9,277143935555.31
1,3,297.85618729097,297.85618729097,23816189315096,19966623828462,8185205983922,9172446055169.3,7178581597725.6,5153001557277.7,4410078059656.1,4792545619155.3,6180558246782.5,6343600396700.2,3239280076193.5,278103884117.18
1,3,301.44481605351,301.44481605351,23898000906577,20035212147358,8213323525858.2,9203955197710.7,7203241621962.8,5170703379584.2,4425227843338.9,4809009297952.3,6201789750503.6,6365391665162.2,3250407432902.2,279059205269.9
1,3,305.03344481605,305.03344481605,23978121863813,20102382816213,8240859839791.9,9234812898418.5,7227391741184.8,5188039140449,4440064321426.7,4825132521549.4,6222582388289.2,6386732636188.2,3261304885887.1,279994789431.33
1,3,308.6220735786,308.6220735786,24057288064119,20168752891324,8268067915098.2,9265302708432.3,7251253900223.2,5205168174341.6,4454723865509.3,4841063478863.6,6243127184003.1,6407819309397.1,3272072504654.9,280919227462.68
1,3,312.21070234114,312.21070234114,24135310067169,20234163674290,8294882719225.3,9295351783046.7,7274771104821.4,5222049574350,4469171465545.4,4856764104264.1,6263374975650.8,6428601178044.7,3282684487955.7,281830303922.38
1,3,315.79933110368,315.79933110368,24211811184757,20298299350653,8321174780952.6,9324815025054,7297829790409.5,5238601815402.2,4483337346133.6,4872158568766.8,6283227984699.6,6448977895549.4,3293089598081.3,282723619965.35
1,3,319.38795986622,319.38795986622,24287722981202,20361940964506,8347264303264.8,9354051293937,7320710836428.9,5255026537860.7,4497394089417,4887434426919.2,6302928038671,6469197627121.5,3303414546629.1,283610053893.51
1,3,322.97658862876,322.97658862876,24361540136201,20423826517467,8372633933784.9,9382480825577.9,7342960492911.4,5270998017236.1,4511062922772.4,4902288719037.3,6322084439918.5,6488859378982.6,3313454574526.3,284472026518.83
1,3,326.5652173913,326.5652173913,24435330774067,20485689839693,8397994450958.9,9410900144651.7,7365202156726.4,5286963759178,4524726845812.4,4917137674882.4,6341233959319.6,6508514067448.4,3323490995595.3,285333689485.24
1,3,330.15384615385,330.15384615385,24506445850806,20545310095462,8422435437566.5,9438289022483.6,7386637365700.3,5302350597896.6,4537895321306.8,4931448204332,6359689105002.3,6527456064026.9,3333163490095.2,286164108073.58
1,3,333.74247491639,333.74247491639,24577560927546,20604930351230,8446876424174.2,9465677900315.5,7408072574674.2,5317737436615.2,4551063796801.1,4945758733781.5,6378144250685.1,6546398060605.4,3342835984595,286994526661.93
1,3,337.33110367893,337.33110367893,24646500267419,20662726563250,8470569656312.8,9492228836043,7428851989005.5,5332653525141.7,4563829389881.9,4959631436643.5,6396034760254.2,6564760522951.6,3352212546702.7,287799538375.21
1,3,340.91973244147,340.91973244147,24714895863162,20720066923693,8494076015162.3,9518570359451.9,7449467511970.1,5347451967247.5,4576494297557.5,4973394721109.6,6413784160124.8,6582978152371.1,3361515151566.6,288598200589.41
1,3,344.50836120401,344.50836120401,24781676286135,20776053187474,8517027270571.2,9544289827843.9,7469596199745.2,5361900944432.6,4588860123480.9,4986832984736.6,6431114404232.5,6600765567135.9,3370598072370.2,289378002124.84
1,3,348.09698996656,348.09698996656,24847335683988,20831099628344,8539593251467.5,9569577553382.4,7489386995198.5,5376107372360.7,4601018369036.5,5000045664740.5,6448153729530.6,6618254387568,3379528519484.9,290144713237.32
1,3,351.6856187291,351.6856187291,24911947743306,20885268019624,8561799281065.2,9594461913261.8,7508862106983.1,5390087193157,4612982678112.4,5013047588825.9,6464921259254.8,6635464241990.1,3388316515983.4,290899194446.8
1,3,355.27424749164,355.27424749164,24974854902108,20938007085858,8583419367214,9618689658019.9,7527823335977.4,5403698133593.6,4624631289452.9,5025706435805.5,6481246349025,6652219984128.9,3396872625541.1,291633767319.87
1,3,358.86287625418,358.86287625418,25037289400676,20990349890957,8604877008345.7,9642735364883.7,7546642097690.1,5417206806762.2,4636192377719.8,5038270169204.4,6497448778411.1,6668849830040,3405364447746.2,292362820891.06
1,3,362.45150501672,362.45150501672,25097428950025,21040768694171,8625545915759.2,9665897206992,7564769125357,5430218932581.7,4647328507434.3,5050372089188.3,6513055643940.3,6684868400815.4,3413544129858.7,293065076105.65
1,3,366.04013377926,366.04013377926,25157568499374,21091187497385,8646214823172.7,9689059049100.3,7582896153024,5443231058401.1,4658464637148.9,5062474009172.2,6528662509469.5,6700886971590.8,3421723811971.2,293767331320.23
1,3,369.62876254181,369.62876254181,25215034182157,21139364628771,8665964769779.4,9711191092117.4,7600217234706.7,5455664652035.3,4669105643430.1,5074037865804.5,6543575478193.7,6716193340596.2,3429539817146.5,294438363556.46
1,3,373.21739130435,373.21739130435,25272391424998,21187450848079,8685677447489.3,9733281371138,7617505630863,5468074783019,4679726569742.6,5085579901019.3,6558460305599.7,6731470825917,3437341073228.9,295108129529.81
1,3,376.80602006689,376.80602006689,25327647881437,21233775845165,8704668121996.3,9754562564166,7634160816439.9,5480030376422.9,4689958490509.2,5096699193890.3,6572799956486,6746188753094.3,3444856597965.4,295753364436.27
1,3,380.39464882943,380.39464882943,25382208801432,21279517730021,8723419752905.3,9775575881890.9,7650606356222,5491835479776.1,4700061617823.1,5107678523599.8,6586959108232.7,6760721419608.9,3452277521668.5,296390477502.74
1,3,383.98327759197,383.98327759197,25435248266089,21323984082121,8741648486260.3,9796003233921.2,7666593304830.2,5503311392589.9,4709883014961.8,5118351689858.8,6600723425808,6774848836334.5,3459491509655.1,297009824391.54
1,3,387.57190635452,387.57190635452,25486999531711,21367370455056,8759434488167.1,9815934455421.5,7682191969475.2,5514508583495,4719465874345.9,5128765630985.2,6614153441753.5,6788633132644.7,3466530287509.6,297614128858.53
1,3,391.16053511706,391.16053511706,25537814493211,21409971864696,8776898698739.7,9835505073429.8,7697508416948.8,5525503190421.7,4728875356873.1,5138991159002.7,6627340476588,6802168038065.8,3473441717037.3,298207500012.31
1,3,394.7491638796,394.7491638796,25586743458293,21450992123587,8793714725362.8,9854349328199.9,7712256394668.4,5536089732652,4737935606578.4,5148837166691.6,6640038074823.6,6815200595678.8,3480096628962.8,298778848204.68
1,3,398.33779264214,398.33779264214,25635326659687,21491722506907,8810411919114.7,9873060417334,7726900153682.6,5546601463559.2,4746931830726.5,5158613596150.1,6652645943655.2,6828141056853.2,3486704513000.1,299346158883.27
1,3,401.92642140468,401.92642140468,25681421366266,21530366627614,8826253861163.4,9890813100465.1,7740793840563.6,5556574770116.6,4755467256727.1,5167889264334.2,6664608021260.1,6840418691024.1,3492973932762.2,299884411183.58
1,3,405.51505016722,405.51505016722,25727516072846,21569010748321,8842095803212,9908565783596.3,7754687527444.5,5566548076674,4764002682727.7,5177164932518.4,6676570098865,6852696325194.9,3499243352524.4,300422663483.89
1,3,409.10367892977,409.10367892977,25771014990340,21605478654087,8857045618061.9,9925318737560.3,7767798801664.8,5575959743877.2,4772057442549.5,5185918248330.9,6687858540948.7,6864282553520.2,3505159714574.8,300930604506.32
1,3,412.69230769231,412.69230769231,25814264175542,21641737193405,8871909604301.9,9941975510884.4,7780834802548.2,5585317377613.9,4780065959066.4,5194621310347.8,6699082174784.9,6875802263973.7,3511042110109.3,301435629380.86
1,3,416.28093645485,416.28093645485,25855507017827,21676313687635,8886084045503.5,9957859571199.1,7793266059204.4,5594240907744.4,4787702957953.5,5202920634549.2,6709785140677.8,6886787571392.8,3516651619441.3,301917225990.53
1,3,419.86956521739,419.86956521739,25895900113623,21710177785250,8899966443670.1,9973416364344.9,7805441188516.2,5602980581958.9,4795182607965.5,5211048963659.1,6720267588057.9,6897546543075.4,3522145553270,302388900026.34
1,3,423.45819397993,423.45819397993,25934881089346,21742858012882,8913363520927.9,9988429300662.7,7817190682083.8,5611414722026.8,4802400773574.9,5218893130904.5,6730383574909.6,6907929387095.6,3527447422229.8,302844084600.38
1,3,427.04682274247,427.04682274247,25972408224299,21774319393419,8926260938604.5,10002882312053,7828501964616.9,5619534301026.2,4809349729297.3,5226444740801.7,6740122274258,6917924990865.4,3532551551817.3,303282292536.06
1,3,430.63545150502,430.63545150502,26009121801691,21805098716908,8938878750786.8,10017021993941,7839568027766.7,5627477854172,4816148037323.8,5233832637951.9,6749649846542.9,6927703898092.7,3537545028035.2,303711000480.82
1,3,434.22408026756,434.22408026756,26043773805681,21834149692291,8950788036273.8,10030367691732,7850012699410.4,5634975353792.9,4822564600655.5,5240805683269.8,6758642418037.4,6936933691342.3,3542258106092.5,304115635232.06
1,3,437.8127090301,437.8127090301,26078214713052,21863023691945,8962624771543.8,10043632088819,7860393743121.2,5642427179368.5,4828942074901.6,5247736249467.5,6767580207652.4,6946107257580.2,3546942472532.1,304517804987.34
1,3,441.40133779264,441.40133779264,26109983118420,21889657163087,8973543014599.9,10055867211751,7869969251532.2,5649300767462.1,4834824677841.2,5254129026218.3,6775824453793.3,6954568984839,3551263347332,304888767674.22
1,3,444.98996655518,444.98996655518,26141751523787,21916290634228,8984461257655.9,10068102334684,7879544759943.2,5656174355555.7,4840707280780.8,5260521802969.2,6784068699934.2,6963030712097.8,3555584222131.8,305259730361.09
1,3,448.57859531773,448.57859531773,26171023387283,21940831095727,8994521483066.3,10079375952054,7888367770428.7,5662507777992.6,4846127595314.2,5266412198950.7,6791665066303,6970827468680.3,3559565538004.1,305601540689.27
1,3,452.16722408027,452.16722408027,26199900430259,21965040554103,9004446015590.1,10090497510237,7897071775651.3,5668755774870.3,4851474800339.3,5272223144938.3,6799158972452.3,6978519062168.8,3563493153662.5,305938740660.41
1,3,455.75585284281,455.75585284281,26226882803450,21987661590774,9013719383510,10100889365041,7905204697047.3,5674593830592.5,4856471166615.7,5277652825381.6,6806161191322.6,6985705997794.3,3567163072119.6,306253816397.35
1,3,459.34448160535,459.34448160535,26252861426558,22009441120163,9022647780221.6,10110894640698,7913035072087.9,5680214709436.8,4861281667035.3,5282880520590,6812902926201.9,6992625577928.4,3570696468851.7,306557171251.79
1,3,462.93311036789,462.93311036789,26277550527517,22030139561421,9031132990892,10120403276410,7920476764483.5,5685556580182.1,4865853384763.5,5287848724471.2,6819310016143.6,6999201685275.4,3574054475516.4,306845468236.28
1,3,466.52173913043,466.52173913043,26300624382465,22049483839593,9039063069968.8,10129289824560,7927431595840.6,5690548967423.4,4870126005039,5292491891414.1,6825297932284,7005347561121.3,3577192789865.3,307114903843
1,3,470.11036789298,470.11036789298,26323016692510,22068256735361,9046758914010.5,10137913885930,7934180998580.9,5695393891821,4874272422616.5,5296997910622.3,6831108980103.8,7011311902902.4,3580238406121.6,307376380984.06
1,3,473.69899665552,473.69899665552,26343180141596,22085161035345,9053688737614.7,10145679534987,7940258586709.8,5699756567472,4878006118647.8,5301055414655.2,6836341614244.8,7016682572589.3,3582980871171.6,307611831500.43
1,3,477.28762541806,477.28762541806,26363272405473,22102005656245,9060594096110.4,10153417768129,7946314718469.4,5704103841095.3,4881726633206.4,5305098594041,6841555775049,7022034281617.1,3585713654198.9,307846450780.23
1,3,480.8762541806,480.8762541806,26380520521388,22116465847168,9066521970807.1,10160060620401,7951513578187.4,5707835739046.7,4884920492589.6,5308569443630.4,6846031848486.8,7026628432711.5,3588059599774.5,308047858669.37
1,3,484.46488294314,484.46488294314,26397768637303,22130926038091,9072449845503.8,10166703472672,7956712437905.4,5711567636998,4888114351972.8,5312040293219.9,6850507921924.7,7031222583805.9,3590405545350,308249266558.51
1,3,488.05351170569,488.05351170569,26412638314068,22143392232676,9077560292527.5,10172430305031,7961194397889.1,5714784922745.8,4890867792288.8,5315032528019.9,6854366764647.8,7035183221793.8,3592427995410.8,308422901190.9
1,3,491.64214046823,491.64214046823,26426966881166,22155404780719,9082484769682.5,10177948737176,7965513258734.1,5717885131023.4,4893521034533.7,5317915874984.9,6858085183552.6,7038999731618.3,3594376848234.2,308590217235
1,3,495.23076923077,495.23076923077,26439527288787,22165934968578,9086801561555.6,10182786189422,7969299167947.9,5720602770582.8,4895846864103.9,5320443414127.1,6861344745941.7,7042345280411,3596085210719.8,308736886316.19
1,3,498.81939799331,498.81939799331,26450932805446,22175496938126,9090721437737.7,10187178852868,7972736974498.6,5723070531575.8,4897958840826.2,5322738553848,6864304601629.8,7045383216317.7,3597636494547.4,308870069628.02
1,3,502.40802675585,502.40802675585,26461182193867,22184089651889,9094243972906.6,10191126250887,7975826305364.1,5725288146235.4,4899856735537.9,5324801045110.9,6866964429456.5,7048113209705,3599030531393,308989752719.24
1,3,505.99665551839,505.99665551839,26469661873601,22191198706374,9097158290214.4,10194392072182,7978382217506.7,5727122856883.4,4901426930620.2,5326507416711.3,6869164998615.9,7050371829299.3,3600183867128.3,309088770751.91
1,3,509.58528428094,509.58528428094,26477598757873,22197852700828,9099886058188.7,10197448843901,7980774522303.7,5728840125254.9,4902896615420,5328104561188.6,6871224706405.6,7052485871636.3,3601263376301.9,309181450507.97
1,3,513.17391304348,513.17391304348,26483150529249,22202507103127,9101794104459,10199587024965,7982447915435,5730041337196.8,4903924645143.5,5329221747674.4,6872665451265.8,7053964622956.6,3602018482092.5,309246279063.46
1,3,516.76254180602,516.76254180602,26488702300625,22207161505426,9103702150729.3,10201725206030,7984121308566.2,5731242549138.6,4904952674866.9,5330338934160.2,6874106196126,7055443374276.9,3602773587883,309311107618.95
1,3,520.35117056856,520.35117056856,26491396195230,22209419967862,9104627994779.3,10202762718698,7984933291508.8,5731825414923.1,4905451507194.3,5330881028145.9,6874805290786.4,7056160910857.3,3603139988925.5,309342564469.91
1,3,523.9397993311,523.9397993311,26494018700928,22211618580437,9105529303711.5,10203772736998,7985723756682.5,5732392834605.5,4905937120329,5331408756493,6875485859246.5,7056859432521.2,3603496680239.6,309373187705.67
1,3,527.52842809365,527.52842809365,26494397273991,22211935962214,9105659412588.3,10203918538651,7985837864633.3,5732474744719.5,4906007221218.5,5331484936931.5,6875584102961.6,7056960267869.5,3603548170542.9,309377608333.92
1,3,531.11705685619,531.11705685619,26494089871786,22211678247493,9105553763868.1,10203800147325,7985745208655.1,5732408233463.1,4905950299077.4,5331423078155.8,6875504328688.5,7056878389162.7,3603506360208.7,309374018765.94
1,3,534.70568561873,534.70568561873,26492153149620,22210054570505,9104888146539.1,10203054248013,7985161449479.1,5731989193552.3,4905591673360.8,5331033350300.7,6875001728234.1,7056362530229,3603242943319.9,309351403475.92
1,3,538.29431438127,538.29431438127,26488915914971,22207340591414,9103775565946.9,10201807475950,7984185694958.4,5731288767586.6,4904992229833.4,5330381919501.7,6874161630700.9,7055500271130.6,3602802641535.8,309313601979.62
1,3,541.88294314381,541.88294314381,26484664189461,22203776100117,9102314322608.7,10200169987947,7982904156524.4,5730368840725.7,4904204931492,5329526342017.9,6873058261731.5,7054367795562.1,3602224357103.2,309263954175.24
1,3,545.47157190635,545.47157190635,26478497914092,22198606519916,9100195082005.6,10197795139781,7981045541873,5729034671189.7,4903063113044.3,5328285498365.8,6871458046204.7,7052725366749.8,3601385671448,309191949986.63
1,3,549.0602006689,549.0602006689,26471931742491,22193101681275,9097938404070.5,10195266277579,7979066392045.4,5727613977876.8,4901847245203.8,5326964183323.4,6869754053246.6,7050976422883.7,3600492595217.7,309115276170.94
1,3,552.64882943144,552.64882943144,26462837933132,22185477763178,9094813021301.2,10191763933609,7976325371416.8,5725646390774.8,4900163330839.2,5325134230018.7,6867394110738,7048554225683,3599255730623.2,309009086884.13
1,3,556.23745819398,556.23745819398,26453744123772,22177853845081,9091687638531.8,10188261589639,7973584350788.3,5723678803672.8,4898479416474.6,5323304276714,6865034168229.3,7046132028482.3,3598018866028.7,308902897597.32
1,3,559.82608695652,559.82608695652,26441939016338,22167956873526,9087630430150,10183715029949,7970026101227.1,5721124585048.3,4896293446955.9,5320928727089.7,6861970614360.1,7042987658830.7,3596413233137.2,308765048222.04
1,3,563.41471571906,563.41471571906,26429919894927,22157880480456,9083499668916.9,10179086045991,7966403344404.9,5718524061170.4,4894067848146.5,5318510111290.5,6858851521534.9,7039786285119.4,3594778491838.1,308624699784.98
1,3,567.00334448161,567.00334448161,26415805188146,22146047225019,9078648691740.8,10173649978824,7962148944392.6,5715470124802,4891454206642,5315669799458.1,6855188601505.2,7036026738179.9,3592858726387.5,308459880996.45
1,3,570.59197324415,570.59197324415,26400863691596,22133520819187,9073513561420.3,10167895486004,7957645336625,5712237299607.2,4888687467232.5,5312663112172.8,6851311120535.1,7032046970236.6,3590826507845.9,308285407704.46
1,3,574.18060200669,574.18060200669,26384441452484,22119753012871,9067869525891.8,10161570707494,7952695409236.3,5708684092757.1,4885646536521.5,5309358454107.2,6847049370793.8,7027672796611,3588592890994.8,308093643641.19
1,3,577.76923076923,577.76923076923,26366581231616,22104779655170,9061731281293.9,10154692111974,7947312051021.4,5704819756216.8,4882339332591.2,5305764430046.1,6842414449175.1,7022915606930,3586163691804.2,307885088128.66
1,3,581.35785953177,581.35785953177,26347853791721,22089079252729,9055294988756.3,10147479520117,7941667299049.8,5700767783371.4,4878871544426.3,5301995894943.6,6837554474808.5,7017927427667.4,3583616540683.3,307666406017.45
1,3,584.94648829431,584.94648829431,26327079210817,22071662602073,9048155129829.1,10139478502754,7935405505867.1,5696272879775,4875024684121.3,5297815412341.8,6832163245136.1,7012393978720,3580790954442.9,307423819246.91
1,3,588.53511705686,588.53511705686,26306049166122,22054031779880,9040927472471.9,10131379097346,7929066711777.4,5691722702610.3,4871130519198.8,5293583522588.8,6826705719826.6,7006792485273,3577930622132.8,307178249400.95
1,3,592.1237458194,592.1237458194,26282365302179,22034176092291,9032787743926.2,10122257613279,7921928013763.9,5686598330336,4866744942542.5,5288817602998,6820559499508.3,7000484129214,3574709339302.2,306901690650.82
1,3,595.71237458194,595.71237458194,26258681438237,22014320404702,9024648015380.5,10113136129212,7914789315750.4,5681473958061.7,4862359365886.1,5284051683407.1,6814413279190,6994175773155,3571488056471.6,306625131900.68
1,3,599.30100334448,599.30100334448,26232448153643,21992327375657,9015632095599.2,10103032774022,7906882181223.7,5675797978933.3,4857501709138.2,5278772742172.7,6807605456426.7,6987188361743.7,3567920022549.3,306318803318.6
1,3,602.88963210702,602.88963210702,26205860794123,21970037503083,9006494486465.7,10092793052187,7898868322801.9,5670045390181.3,4852578487798.6,5273422550201.1,6800705747360.8,6980106640092,3564303830286.7,306008340169.3
1,3,606.47826086957,606.47826086957,26177337385906,21946124518065,8996691491437.7,10081807690402,7890270908200.9,5663873907243.1,4847296765464.2,5267682765926.7,6793303612672.8,6972509238958.7,3560424312770.6,305675269597.18
1,3,610.06688963211,610.06688963211,26147853027096,21921405907200,8986558234587.2,10070452232993,7881383847653.3,5657494507728.3,4841837102489.7,5261749608956.8,6785652100889.6,6964655882226.1,3556414094741.1,305330977914.55
1,3,613.65551839465,613.65551839465,26117043591033,21895576400110,8975969572029.5,10058586442122,7872097387575.5,5650828407211.5,4836132073028.7,5255549805881.4,6777656717234,6956449582368.7,3552223650735.2,304971213181.76
1,3,617.24414715719,617.24414715719,26084669437521,21868435091230,8964843143650.3,10046118023991,7862339296569.4,5643823755821.2,4830137302556.4,5249035133756.9,6769255272483.8,6947826509628.6,3547820386888.4,304593177097.96
1,3,620.83277591973,620.83277591973,26051578331743,21840692715679,8953470311335.2,10033373482455,7852365104588,5636663980647.8,4824009772947.4,5242376188845.3,6760667770809,6939012471827.6,3543319609130,304206769093.13
1,3,624.42140468227,624.42140468227,26016322295482,21811135341244,8941353430333.2,10019795150431,7841738367644.9,5629035789063.8,4817481359882.6,5235281593515.2,6751518446085.4,6929621790223,3538524375451.1,303795080985.37
1,3,628.01003344482,628.01003344482,25980954140190,21781483970306,8929198015988,10006173637450,7831077836221,5621383338784.6,4810932185569,5228164436399,6742340025254.5,6920201244963,3533713892271.4,303382083652.98
1,3,631.59866220736,631.59866220736,25942824836198,21749517753054,8916093643291.1,9991488709588,7819585050129.7,5613133471059,4803871725217.1,5220491651520.9,6732445056317.4,6910045249237.2,3528527860543.8,302936844123.17
1,3,635.1872909699,635.1872909699,25904695532205,21717551535802,8902989270594.2,9976803781725.6,7808092264038.3,5604883603333.4,4796811264865.3,5212818866642.7,6722550087380.4,6899889253511.5,3523341828816.3,302491604593.35
1,3,638.77591973244,638.77591973244,25864191257953,21683594230220,8889068662331.6,9961204169836.2,7795883623707.7,5596119873891.5,4789311027730.8,5204668164957.9,6712038787863.6,6889100668560.8,3517832773341.6,302018632309.68
1,3,642.36454849498,642.36454849498,25823198003534,21649226981525,8874980000174.3,9945416234600.2,7783527596889.5,5587250345993.2,4781720245410.3,5196419065476.9,6701400592682.5,6878181840470.2,3512257210842.4,301539950158.06
1,3,645.95317725753,645.95317725753,25780436720436,21613377482017,8860283697547.1,9928947369669,7770638657726.5,5577998277576.1,4773802074546.7,5187814184394.9,6690303574798.7,6866792086051.4,3506441175725.9,301040622564.86
1,3,649.54180602007,649.54180602007,25736589533183,21576617600040,8845214188693.9,9912060285059.7,7757422409546.3,5568511256896.1,4765682825169.3,5178990786089,6678924752957.2,6855113093758.7,3500477444920.3,300528614764.03
1,3,653.13043478261,653.13043478261,25691577341910,21538881021151,8829744288379.3,9894724516649.7,7743855010376.9,5558772169468.2,4757347850238.5,5169932953243.3,6667243599885.1,6843123794814.2,3494355259918.7,300003003098.94
1,3,656.71906354515,656.71906354515,25644886936460,21499737488659,8813697615267.2,9876742409254.5,7729781770404.2,5548669974288.8,4748702117854.2,5160537412233.4,6655126931956.8,6830687492242.3,3488004818126.6,299457794765.09
1,3,660.30769230769,660.30769230769,25597630195556,21460119161225,8797456302616.2,9858542186300.8,7715537827825.9,5538445243642.1,4739951516296.4,5151027907179.7,6642863293835.9,6818100342441.8,3481577348091,298905973278.71
1,3,663.89632107023,663.89632107023,25548107980880,21418601543394,8780436386458,9839469450291.7,7700611035051.1,5527730342575,4730781413609.7,5141062519396.5,6630011740699.9,6804909768578.9,3474841747133.6,298327697641.27
1,3,667.48494983278,667.48494983278,25498585766204,21377083925562,8763416470299.7,9820396714282.6,7685684242276.2,5517015441508,4721611310923.1,5131097131613.3,6617160187563.9,6791719194715.9,3468106146176.1,297749422003.83
1,3,671.07357859532,671.07357859532,25446271384042,21333225456440,8745436935200.4,9800248617003.5,7669915845298,5505696411617.1,4711924178419.5,5120569874155.9,6603584036637.8,6777784908357.1,3460990777769.1,297138541961.05
1,3,674.66220735786,674.66220735786,25393929461773,21289343898698,8727447935049.5,9780089913066.5,7654139147288.1,5494371422995.9,4702231946273,5110037074784.7,6590000738754.7,6763843286506.3,3453871663585.2,296527340329.82
1,3,678.2508361204,678.2508361204,25339396810311,21243625713395,8708706019651.6,9759087482658.2,7637702128168.6,5482572436010.5,4692134053483,5099063433501.9,6575848922779.9,6749318149199.2,3446454584558.4,295890557342.05
1,3,681.83946488294,681.83946488294,25284247971302,21197390938898,8689752331388,9737847736863.4,7621079380184.8,5470640127256.9,4681922060311.4,5087965796383.8,6561537199423.7,6734628886194.1,3438953696804.1,295246579072.73
1,3,685.42809364548,685.42809364548,25227504866592,21149819590172,8670250721962.4,9715993983596.9,7603976094836.8,5458362874322,4671414854562.4,5076547344124.1,6546811746777.3,6719514979824.6,3431235970246,294583984409.96
1,3,689.01672240803,689.01672240803,25169562587076,21101242897017,8650336977186.7,9693678386178.7,7586511358885.1,5445826161266.3,4660685595811.4,5064887581125,6531775095225.7,6704081665201.2,3423355141872.5,293907386868
1,3,692.60535117057,692.60535117057,25110617098212,21051825149797,8630078446986.2,9670976417801,7568744239508.8,5433072388288.6,4649770571297.4,5053025941667.5,6516478099966.1,6688381139069.9,3415337865297,293219074755.74
1,3,696.19397993311,696.19397993311,25049895536905,21000918408328,8609209511895.9,9647590421891.6,7550441783347.1,5419934334456.1,4638526668815,5040806902017,6500720194641.9,6672207544185,3407079022101.4,292510023277.83
1,3,699.78260869565,699.78260869565,24988755985533,20949661239266,8588196920968.3,9624043443412.8,7532013338263.5,5406705841984.1,4627205366494.4,5028503749960.3,6484853816364.2,6655922614858.6,3398763327371.3,291796090890.63
1,3,703.37123745819,703.37123745819,24925269980574,20896436889274,8566377895189.4,9599592763719.8,7512877634363.3,5392969657850.1,4615449567892.5,5015728419556.7,6468378507938.9,6639012691967.7,3390128487525.4,291054758744.16
1,3,706.95986622074,706.95986622074,24861783975614,20843212539282,8544558869410.5,9575142084026.8,7493741930463.1,5379233473716,4603693769290.6,5002953089153,6451903199513.6,6622102769076.8,3381493647679.4,290313426597.7
1,3,710.54849498328,710.54849498328,24795710005848,20787818534016,8521850405538.2,9549694688616.9,7473826172303.8,5364937343160.1,4591458753368.9,4989656980892.7,6434756286089.4,6604503524425.3,3372506814333.3,289541874539.75
1,3,714.13712374582,714.13712374582,24729475071265,20732289581720,8499086620883,9524185300029,7453861896757.1,5350606385363.4,4579193931351,4976328481576.8,6417567600545.6,6586861405716.8,3363498087888.4,288768442880.32
1,3,717.72575250836,717.72575250836,24661240623899,20675084310744,8475635638712.3,9497905829098.2,7433294935806.7,5335842801845.4,4566558856517.5,4962597618955,6399860019659.8,6568686703340.9,3354217404279.3,287971662717.37
1,3,721.3143812709,721.3143812709,24592272945442,20617264325532,8451932657860.4,9471343965215.5,7412506967178.6,5320920572364.9,4553788008170.4,4948719207746.1,6381962157320.7,6550316699936.2,3344836992651.3,287166320544.28
1,3,724.90301003344,724.90301003344,24521887764388,20558255957821,8427742506216.7,9444236171499.3,7391291740420.7,5305691644141.4,4540754678729.9,4934555551549.9,6363696437647.8,6531569135220.1,3335263784080.2,286344426058.21
1,3,728.49163879599,728.49163879599,24450204195201,20498159068834,8403106121333.6,9416628323095.5,7369685158551.8,5290181789442.3,4527480924800.7,4920130619848.7,6345093772138.8,6512475736127.4,3325513979526.7,285507370170.08
1,3,732.08026755853,732.08026755853,24377678270560,20437355979797,8378180233674.3,9388696054174.3,7347824677201.5,5274489678057.8,4514051190665.6,4905536180432,6326272506276.6,6493157970064.3,3315649604796.9,284660478019.07
1,3,735.66889632107,735.66889632107,24303296327236,20374996872477,8352616464987.7,9360048967607.1,7325404761968.7,5258395988203.6,4500277774804.1,4890568253212.9,6306969583486,6473345841095.5,3305532789856.6,283791912965.46
1,3,739.25752508361,739.25752508361,24228639894675,20312407643400,8326958359170.1,9331296165646.9,7302902111271.1,5242242908346.7,4486453531372.7,4875545090364.9,6287595427783.1,6453460600106.9,3295378641180.5,282920142675.94
1,3,742.84615384615,742.84615384615,24151577753423,20247801555968,8300473453514.1,9301616841235.4,7279674341331.4,5225569316107.9,4472183819375.1,4860037825355,6267596964771.9,6432934582729.8,3284897288079.2,282020280706.05
1,3,746.4347826087,746.4347826087,24074515612171,20183195468535,8273988547858.1,9271937516823.8,7256446571391.7,5208895723869.2,4457914107377.5,4844530560345.1,6247598501760.8,6412408565352.7,3274415934977.9,281120418736.17
1,3,750.02341137124,750.02341137124,23995077785612,20116597693226,8246687160895,9241343233129.7,7232502731905.3,5191708115440.2,4443204486469.3,4828545235019.5,6226983523007.6,6391249768582.5,3263611460987,280192815671.21
1,3,753.61204013378,753.61204013378,23915354277575,20049760412990,8219287590226.2,9210638923532.8,7208472783452.3,5174458695413.3,4428441965529.5,4812502421870.3,6206294406855.8,6370014878673.2,3252768130985.5,279261876677.43
1,3,757.20066889632,757.20066889632,23833826629848,19981410608253,8191267968701.9,9179239777278.2,7183899038926,5156818922320.9,4413345369949.2,4796096561195.2,6185137097349.6,6348299444253.8,3241679416875.9,278309870570.13
1,3,760.78929765886,760.78929765886,23751461235920,19912358467847,8162960428646.7,9147517985956.5,7159072784520.5,5138997890094.3,4398093647932.2,4779522120621.4,6163762383832.7,6326360870606.1,3230476759480.4,277348082019.47
1,3,764.3779264214,764.3779264214,23667855380413,19842266370948,8134226564509.3,9115318450832.7,7133872636305.6,5120908465755.9,4382612228721,4762698062021.8,6142065757354.7,6304091891419.4,3219105384504.3,276371808451.71
1,3,767.96655518395,767.96655518395,23582868226178,19771016244966,8105017973122.2,9082586930745.6,7108256143841.6,5102520177115.8,4366875033395.3,4745596044742.9,6120010669178.2,6281454993742,3207546136413.9,275379405294.72
1,3,771.55518394649,771.55518394649,23497196014184,19699191793541,8075573940586,9049591572687.8,7082433165436.2,5083983666663.9,4351010985745,4728356173379.7,6097777800680.1,6258635625280.4,3195893711769.7,274379002590.58
1,3,775.14381270903,775.14381270903,23409607865733,19625761096455,8045471437614.1,9015858325335,7056032697121.7,5065032616606.7,4334792163639.5,4710730758370.9,6075047724764,6235305931341.5,3183980695439.7,273356227139.33
1,3,778.73244147157,778.73244147157,23321881386006,19552214428312,8015321393076.5,8982071802361,7029590533962.7,5046051636671.9,4318547726635.8,4693077506760,6052281749842.3,6211939391202.6,3172048864030,272331836344.92
1,3,782.32107023411,782.32107023411,23231713650123,19476621114897,7984332339878.2,8947345076702.8,7002412544479.2,5026542457336.6,4301851240542.1,4674932997659.6,6028882232963.3,6187922593116.2,3159784986028.8,271278938140.75
1,3,785.90969899666,785.90969899666,23141545914240,19401027801483,7953343286679.9,8912618351044.7,6975234554995.6,5007033278001.4,4285154754448.4,4656788488559.3,6005482716084.4,6163905795029.8,3147521108027.6,270226039936.59
1,3,789.4983277592,789.4983277592,23049219959598,19323625135920,7921612501167.6,8877060427981.9,6947406045289.7,4987057131376.7,4268058620182.1,4638209663302.5,5981523090182,6139314111845.6,3134963672634.9,269147938795.24
1,3,793.08695652174,793.08695652174,22956494691462,19245887704141,7889744480391.3,8841348716829.8,6919457176374.8,4966994586494.8,4250888543037.1,4619550480898.8,5957459832944.9,6114616063458.4,3122351923272.9,268065174608.11
1,3,796.67558528428,796.67558528428,22862162078081,19166802739998,7857324043035.6,8805017948085.4,6891023805375.6,4946584242275.5,4233420800966,4600567807999.4,5932979401204.3,6089489846080.9,3109521538187.7,266963639873.51
1,3,800.26421404682,800.26421404682,22766902004759,19086940231461,7824584853844.1,8768329974739.6,6862310870122.6,4925973213135.9,4215781302207.7,4581398476710,5908258254134.5,6064116569406.5,3096564997334,265851274279.23
1,3,803.85284280936,803.85284280936,22670576229405,19006184242896,7791479374543.7,8731231505016.1,6833276649133.6,4905131542058,4197944403057.6,4562014619318.3,5883260482136.6,6038459400785.4,3083463498679.5,264726463794.13
1,3,807.44147157191,807.44147157191,22572804794476,18924216219525,7757877010760.2,8693576183563.9,6803806593562.1,4883976997666.3,4179839723835.9,4542339750270.1,5857887459399,6012417123476.6,3070165360038.9,263584771408.63
1,3,811.03010033445,811.03010033445,22474499628098,18841800650223,7724091157010.7,8655715207955.9,6774175566903.2,4862706892557.1,4161636138571.7,4522557404094.2,5832375889376.7,5986232687571.4,3056794640355.5,262436847999.24
1,3,814.61872909699,814.61872909699,22374241031507,18757747085359,7689633739229.7,8617101548498.4,6743955394174.2,4841013841043.2,4143070562174.7,4502381697045.5,5806357243272.1,5959527958364.9,3043158277711.6,261266119356.37
1,3,818.20735785953,818.20735785953,22273970525003,18673683529927,7655172224732.1,8578483296838.1,6713731626840.5,4819318209044.1,4124502777439.1,4482203591124.2,5780335506843,5932820059456.4,3029520296965.9,260095251807.15
1,3,821.79598662207,821.79598662207,22171249628521,18587564477531,7619867836464.4,8538920228222,6682768292095.3,4797091658338.7,4105480640851,4461531932172.1,5753677955513.7,5905460014241.1,3015549401910.3,258895805147.22
1,3,825.38461538462,825.38461538462,22068528732039,18501445425134,7584563448196.7,8499357159605.9,6651804957350.1,4774865107633.4,4086458504262.9,4440860273220.1,5727020404184.4,5878099969025.8,3001578506854.8,257696358487.29
1,3,828.97324414716,828.97324414716,21963869912958,18413699538934,7548591805001.9,8459046098765.9,6620256224259.1,4752218444732.9,4067077021265.3,4419798634547.1,5699861001579.8,5850225400842.3,2987344980538,256474366636.98
1,3,832.5618729097,832.5618729097,21858711620859,18325534358593,7512448185984.9,8418542253170.8,6588556612759.1,4729463503666,4047602921650.4,4398636483940.1,5672572253679.7,5822218221408,2973043764609.4,255246564072.52
1,3,836.15050167224,836.15050167224,21752140077716,18236181648910,7475817460138.1,8377492675434.1,6556430313000.6,4706402700545.8,4027867579148.1,4377191388213,5644919675947.5,5793837911823.4,2958552018873.1,254002402913.13
1,3,839.73913043478,839.73913043478,21644567298919,18145987618981,7438841637270.7,8336056466829.9,6524001720525.5,4683125205568.9,4007947155803.8,4355545836421.4,5617009338349.3,5765193253444.1,2943925289874.5,252746652299.38
1,3,843.32775919732,843.32775919732,21536093702785,18055036780731,7401555698330.2,8294273735365.4,6491303027369.4,4659654681201.3,3987862399699.7,4333722843728.5,5588870197895.6,5736313078427.6,2929178042234.8,251480545456.02
1,3,846.91638795987,846.91638795987,21426122350849,17962827625165,7363754140820.1,8251914853107.2,6458155247761.7,4635863213977.1,3967504413570.1,4311604826586,5560350635363,5707041318574.7,2914230412690.7,250197219691.23
1,3,850.50501672241,850.50501672241,21315753217783,17870286286580,7325817090811.4,8209405748797.2,6424891245667,4611989210109.1,3947076553933.6,4289411474544.2,5531732330895,5677666522998,2899229699840.8,248909321143.95
1,3,854.09364548495,854.09364548495,21203382792423,17776073688941,7287198359163.4,8166140856413.2,6391042512045.4,4587699952885.6,3926297150948,4266839102126.8,5502617241991.3,5647773340337.7,2883961917483.2,247598416290.74
1,3,857.68227424749,857.68227424749,21091012367063,17681861091301,7248579627515.3,8122875964029.1,6357193778423.8,4563410695662.2,3905517747962.4,4244266729709.5,5473502153087.5,5617880157677.4,2868694135125.6,246287511437.53
1,3,861.27090301003,861.27090301003,20976321235749,17585755956600,7209199409048.5,8078782042903.7,6322712806691.5,4538676779151.3,3884363823889,4221285669391.5,5443822022578.1,5587376431646.2,2853107002507.7,244948953102.05
1,3,864.85953177258,864.85953177258,20861523416752,17489563818030,7169784183447.6,8034650009601.5,6288202769657.2,4513922420727.5,3863192682301.5,4198285820840,5414115915930,5556844637665.4,2837505188693.7,243609123478.44
1,3,868.44816053512,868.44816053512,20744875591458,17391958861961,7129818951249.2,7989939832113.2,6253260306234.5,4488865171290.1,3841762932810,4174984965930.1,5383938829047.6,5525772703415.4,2821614726798.8,242244131684.56
1,3,872.03678929766,872.03678929766,20627598837491,17293873604047,7089666738649.4,7945033108560.8,6218170835012,4463704950936.6,3820245266900.8,4151581780811.7,5353601627589,5494517142923.8,2805626136019,240870585752.03
1,3,875.6254180602,875.6254180602,20508995597136,17194921616143,7049201287301.3,7899813494212.8,6182844824102.1,4438369092878.5,3798560837871.3,4127943870375.6,5322833217811.1,5462744696700,2789358807737.4,239472704102.56
1,3,879.21404682274,879.21404682274,20389246514015,17095220931307,7008465254696.4,7854323599175.9,6147314485961.6,4412881515816.7,3776732355863.1,4104103199994,5291692322542.3,5430525755297.3,2772850700995.4,238053800823.72
1,3,882.80267558528,882.80267558528,20268812061768,16995228564914,6967644885926.2,7808743000983,6111686292979.4,4387291497595.4,3754774105888.8,4080035631181.8,5260133908537.8,5397827030117.8,2756091068725.3,236613195574.22
1,3,886.39130434783,886.39130434783,20146965607993,16894635274452,6926650767289.4,7762975535611.4,6075856498873.5,4361490429491.5,3732548507183.3,4055500604880.5,5227715319964.4,5364139851563.7,2738813242074.3,235127879796.4
1,3,889.97993311037,889.97993311037,20025058344111,16794113695126,6885687440512.4,7717202836775.5,6039973742389.2,4335611526630,3710214425705.9,4030784555647.6,5195030801152.7,5330192259443.7,2721410502258.9,233632169637.52
1,3,893.56856187291,893.56856187291,19902692224477,16694133227604,6844956460339.7,7671390647707.9,6003691346882.1,4309145304854.8,3687061764127.9,4004702558928.4,5160339648501.5,5294279660722.1,2703065203280.8,232058026439.54
1,3,897.15719063545,897.15719063545,19780326104843,16594152760083,6804225480166.9,7625578458640.4,5967408951374.9,4282679083079.6,3663909102550,3978620562209.2,5125648495850.3,5258367062000.5,2684719904302.8,230483883241.55
1,3,900.74581939799,900.74581939799,19661594814680,16496794141105,6764073941021.5,7579106148565.5,5929481186688.1,4254264098331.2,3638394603634.4,3949227814042.3,5087517162701.9,5220116469431.9,2665548311329.5,228851459085.74
1,3,904.33444816054,904.33444816054,19543235076234,16399703527088,6723981632250,7532566361021.4,5891385232613.5,4225649911327.6,3612638678064.7,3919496641365.2,5049034174825.3,5181626887487.3,2646292254709.6,227213077459.26
1,3,907.92307692308,907.92307692308,19434711351182,16305409550951,6683429042422.6,7482731044188.6,5848781380063.3,4192678400367.1,3582291096534.4,3884351253709.7,5007257514505.9,5143262016034.6,2628058669858.5,225694103417
1,3,911.51170568562,911.51170568562,19330453376949,16212328440214,6642676834700.1,7431466499253.1,5804222510694.8,4157817174794.6,3549952173656,3846857791580.4,4964052431373.9,5104951229896.9,2610268517688,224226914887.81
1,3,915.10033444816,915.10033444816,19241236346816,16117299714432,6598029733141.6,7371859713990.8,5750941047700,4115661347845.7,3510781457502.6,3802588936818.9,4920551291765.1,5073481900704,2597857691828.1,223283320782.36
1,3,918.6889632107,918.6889632107,19167816116005,16020225499761,6549292006959.1,7303491464324.7,5688498653040.8,4065844342628.8,3464435628759.9,3751204204422.5,4876739217901.2,5049197833400.3,2591096520514.2,222889633383.72
1,3,922.27759197324,922.27759197324,19106339035355,15911112456200,6492099928917,7222581442576.1,5615143092061.3,4007959089595.2,3411369001002.5,3694455035097.5,4838657955659.2,5041398789930.8,2595634852747.9,223563820535.12
1,3,925.86622073579,925.86622073579,19075881792754,15770731069076,6412949437730.8,7109096787369.7,5513442860934.1,3929118248025.4,3340846501538.7,3623772861288.9,4815461279643.9,5076416152740.1,2629521285385.1,227011588789.51
1,3,929.45484949833,929.45484949833,19044800879489,15619452825295,6328383524291.8,6989407252356.5,5407157548368.8,3847315012196.4,3268243255048.6,3551965978848.3,4797916685284.8,5124073698742.1,2672013676111.4,231280374283.19
1,3,933.04347826087,933.04347826087,19005202827934,15319362010595,6169862071798.3,6784980976706.5,5238256219260.4,3725055934863.8,3167224354010.5,3464799549307.2,4857559561475.6,5344351498182.7,2832033055470.6,246761355182.63
1,3,936.63210702341,936.63210702341,18965604776380,15019271195895,6011340619304.8,6580554701056.5,5069354890151.9,3602796857531.2,3066205452972.5,3377633119766.1,4917202437666.5,5564629297623.4,2992052434829.9,262242336082.08
1,3,940.22073578595,940.22073578595,18627523000267,14371836943908,5726841226083.6,6262367869368.5,4830684294772.6,3446601345510.4,2953753297104.5,3289991493100.1,5144709125474.5,6230434804014.2,3499472138788.1,312341863977.58
1,3,943.80936454849,943.80936454849,18240232918782,13667139328711,5421572991992.5,5925426366251.7,4580511473047.7,3284811041197.7,2839416244175.9,3202271524992.6,5399889997914.7,6969690423935.5,4064164584450.6,368148637836.59
1,3,947.39799331104,947.39799331104,16696059672551,12546690755124,5020397802643.1,5512748587230.2,4307825759269.5,3143231449405.2,2770366787900.8,3100257817618,5613237680174.1,8733250677646,5652116794034.9,585806847935.9
1,3,950.98662207358,950.98662207358,14525420738548,11201108202562,4567287881663.9,5059058734025.4,4022949052629,3012596193484.4,2725841091889.2,2990503884200.3,5803932203448.2,11051483802783,7794176065861.5,891109493023.13
1,3,954.57525083612,954.57525083612,11391671605984,9499651982318.6,4007265165837.5,4507146539270.4,3678065154237.8,2851855697052.5,2666697472783.4,2837808544544.4,5941512059950.6,14081439794460,10756276668290,1338408868602.1
1,3,958.16387959866,958.16387959866,7544459799772,7401927466618.4,3295946020810.9,3811344005333.1,3221296982831.1,2602878979524.8,2528426822680.2,2615264820565,6105296955031.4,17595027430994,14342414464213,1898828738806.9
1,3,961.7525083612,961.7525083612,4987689207689.8,5511261614765.7,2572345827237.8,3086292405643.3,2689895214124.4,2240857599834.2,2247391635172.4,2350071305890.1,6438434401679.9,20023663044188,16841696566048,2285235648658.8
1,3,965.34113712375,965.34113712375,3292017164201.4,3979838208111.1,1930137742152.9,2404853270217.9,2158618292648.7,1845207628125.5,1901993068959.2,2039859492408,6654180281501.4,21634765655669,18503329040771,2541922657939.1
1,3,968.92976588629,968.92976588629,2177527023308.8,2818373908866.3,1408501482166.5,1816452061525.1,1676139218377.8,1466060969273.6,1548099866653.9,1712816428801,6709410705585.7,22544247514749,19486664078536,2696600925471.2
1,3,972.51839464883,972.51839464883,1462504442216.1,1988725107337.2,1015965778052.2,1347757338084.2,1273671181367.3,1136303275712.2,1225091980514.7,1401486690590.8,6621516760689.8,22843853384799,19897255303354,2766876218844.7
1,3,976.10702341137,976.10702341137,979253103151.19,1387298522955.8,721641611396.21,981319810892.59,947724995056.5,861030987940.1,946336576693.79,1123063329627.2,6441995746922.9,22720458008859,19910385840695,2778961709529.7
1,3,979.69565217391,979.69565217391,653873350390.07,958345774668.46,505959838425.58,702978576593.28,692298198780.2,639517760899.02,715545572175.87,884771078729.81,6200007713176.2,22275202893927,19617040575562,2746066326336.9
1,3,983.28428093645,983.28428093645,435521942121.21,656542905168.19,350862812141.51,496579164172.96,497596039784.72,466642298146.88,530845819445.94,687944240711.69,5918652433359.1,21594391754838,19094835993990,2679336905719.8
1,3,986.872909699,986.872909699,289430764050.65,446606926277.31,241059350286.8,346587933682.32,352635340477.61,335203150811.29,387216279348.75,530078909455.66,5615260736685.8,20748951787429,18408274175249,2588024623197.8
1,3,990.46153846154,990.46153846154,191948503108.3,301964840525.08,164321943170.27,239425726858.73,246856727180.21,237488904037.77,278249499241.92,406522974603.28,5302234552307.2,19795242959459,17609499167426,2479643015179.5
1,3,994.05016722408,994.05016722408,127059219947.16,203109558660.15,111267827603.17,163950390746.82,170983316674.74,166240506945.04,197331297699.83,311744017978.61,4988054105870.4,18776661087747,16739484903662,2360144723245.8
1,3,997.63879598662,997.63879598662,83960648823.32,136006960932.76,74916492412.967,111428735991.02,117351338964.19,115150106295.17,138348746492.34,240188637565.73,4678240130870.8,17725607765614,15829508766406,2234120783007.8
1,3,1001.2274247492,1001.2274247492,55392685422.063,90721854222.117,50197065192.776,75249047819.013,79910574461.832,79036993651.081,96043109143.092,186794523509.83,4376175202004.1,16665521873932,14902738999944,2105012093073.4
1,3,1004.8160535117,1004.8160535117,36838897956.003,60859046152.77,33791988763.523,50971949264.335,54493282217.324,54248808322.253,66611848286.874,147803664547.95,4084366955884.9,15613909966764,13976521285976,1975398589219.3
1,3,1008.4046822742,1008.4046822742,24720425827.642,41120881817.055,22895592781.485,34706967382.151,37305672351.289,37335868760.649,46301062853.802,119288991993.59,3803882255552.6,14583269767435,13063893799379,1847270194692.1
1,3,1011.9933110368,1011.9933110368,16539005444.768,27674951120.991,15445524966.505,23513358791.954,25392704239.39,25531590308.088,31992872671.387,97831832590.915,3534087307263.5,13578563209183,12170971354504,1721628227494.8
1,3,1015.5819397993,1015.5819397993,11035644881.592,18559707940.325,10379068979.315,15857978346.5,17194707789.593,17358651328.41,21999774121.737,81556763240.24,3274743989430.2,12602975517356,11301542945953,1599085816324.9
1,3,1019.1705685619,1019.1705685619,7345692015.8455,12407126251.579,6950159567.9396,10651808281.365,11589612005.627,11740897106.375,15073798006.628,69048971360.135,3025424591681.1,11657973602889,10457641254476,1479990606684.9
1,3,1022.7591973244,1022.7591973244,4878772153.8921,8270391729.2067,4639481598.6737,7129015347.8633,7779454612.0922,7904551547.3303,10305458252.342,59257791928.639,2785586681730.9,10743790830254,9640016690737.6,1364494638299.8
1,3,1026.347826087,1026.347826087,3233807016.3005,5498679806.7684,3088317856.8318,4755920263.2565,5202740725.178,5299880888.7492,7040853562.1959,51413947450.365,2554623240079.4,9859792892728.3,8848501506346.3,1252608552676.3
1,3,1029.9364548495,1029.9364548495,2139511215.88,3647330714.9282,2050568176.3754,3163632467.2234,3468104111.8138,3540518002.1794,4815566853.5882,44961069570.755,2331895218371.7,9004749085235.7,8082284422654.4,1144242875003.8
1,3,1033.525083612,1033.525083612,1413095680.403,2414166405.6963,1358407402.6688,2098991119.5183,2305045950.431,2357507980.2468,3303344375.1685,39500853405.382,2116751973089.2,8177029803363,7340113929417.5,1039238859448.7
1,3,1037.1137123746,1037.1137123746,931818311.11485,1594804638.5346,897993697.2881,1389349987.3239,1527984557.9575,1565203623.8861,2277194218.6571,34750374757.803,1908543574330.7,7374747700313.7,6620445961694.2,937391095986.09
1,3,1040.7023411371,1040.7023411371,622870617.26167,1067504940.5606,601404338.90986,931388867.06565,1025481472.1735,1051747365.2052,1599798550.7014,30542117889.426,1707143547517.8,6597795386304,5923276093165.4,838707041352.14
1,3,1044.2909698997,1044.2909698997,417442387.1326,716231859.08502,403680993.03389,625679514.53657,689528535.18055,707924841.82891,1135614640.4432,26692352657.305,1511445552114,5842277902799.6,5245199914404.4,742712794490.1
1,3,1047.8795986622,1047.8795986622,278812376.75033,478802241.07401,269955407.60395,418690323.98,461775584.94465,474526783.63609,810781328.85991,23096617631.888,1320615861814.3,5105180393847,4583559778289,649036213249.77
1,3,1051.4682274247,1051.4682274247,185516456.39568,318766679.69765,179767186.64571,278949463.39945,307844091.09212,316591401.37048,581541689.26483,19691178721.685,1134057226487.5,4384313687102.9,3936414082609.1,557404091424.56
1,3,1055.0568561873,1055.0568561873,122817314.86689,211022475.08488,119009908.07778,184718762.11986,203939113.70822,209868291.49181,417432883.38821,16428888697.023,951187597078.06,3677500265974.3,3301809484580.3,467539574025.76
1,3,1058.6454849498,1058.6454849498,80635700.36912,138338896.50533,77990704.654795,121038353.73314,133656658.19574,137608376.85146,297339100.84116,13274583909.398,771445538038.91,2982590826282.6,2677773724820.1,379160808400.89
1,3,1062.2341137124,1062.2341137124,52086341.455823,88880695.279985,50046267.491799,77614260.104304,85694040.045775,88253253.118815,206636457.96305,10201898122.285,594305899774.87,2297496225718.1,2062274502892.2,291976586888.56
1,3,1065.8227424749,1065.8227424749,32449010.390459,54448916.54877,30561929.758224,47319458.727199,52219630.778317,53783832.43782,135141681.88546,7191121168.7044,419319275790.43,1620272003022.7,1453090951295.2,205679277365.29
1,3,1069.4113712375,1069.4113712375,18446779.100395,29223039.661847,16278522.950253,25133126.788434,27713921.481456,28541689.809312,75637745.499524,4227565312.823,246198100580.16,949354521607.84,847461037173.5,119940467471.39
1,3,1073,1073,7736861.7120982,8840199.4908419,4803474.5851055,7386859.3579546,8139172.267865,8380588.0803486,22800529.254549,1299603572.0711,74983620953.964,284139312154.81,241247568011.88,34422984451.196
