x,y,z,id,group1,group2,group3,group4,group5,group6
1,3,0,0,167325.55892217,1171795.0222249,1254118678.9167,22541139833.285,924270992116.82,13403268238.309
1,3,3.5886287625418,3.5886287625418,410859.87002367,4039653.1248516,4067433152.2708,73896909054.619,3108020188712.9,50039349003.968
1,3,7.1772575250836,7.1772575250836,724749.06834427,7573674.5533403,6895922666.8205,125618672100.89,5299363665346.5,86223197528.807
1,3,10.765886287625,10.765886287625,1113036.7990445,11815192.012403,9739939463.0673,177704219236.48,7498595723792.2,121990890446.08
1,3,14.354515050167,14.354515050167,1776671.9530921,18770955.878775,12625061019.626,230404653362.34,9722549225403.5,158171549659.11
1,3,17.943143812709,17.943143812709,2731795.509434,28579185.691371,15541182034.304,283578877289.85,11966417330549,194676081259.97
1,3,21.531772575251,21.531772575251,3989077.1469079,41333456.810488,18487780105.694,337217713144.63,14229819111732,231498303270.54
1,3,25.120401337793,25.120401337793,6191479.1427979,63151410.920319,21506580139.628,391939678385.25,16538830330620,269062497560.17
1,3,28.709030100334,28.709030100334,9445148.7962866,94800676.292182,24582867823.194,447473234141.79,18881996636063,307182320491.59
1,3,32.297658862876,32.297658862876,13777081.889887,136461218.30811,27713790959.231,503763395285.41,21256996728298,345820007670.69
1,3,35.886287625418,35.886287625418,21230758.611724,206514356.43091,30967567920.051,561625229943.45,23698058655528,385532355376.67
1,3,39.47491638796,39.47491638796,32426031.254421,309594194.35603,34329333047.145,620687681469.27,26189486363072,426064001717.72
1,3,43.063545150502,43.063545150502,47426359.48464,445906370.13241,37791936528.74,680818257896.72,28725688290291,467323980028.12
1,3,46.652173913043,46.652173913043,72695670.332937,670010796.18064,41478689250.199,743014701108.26,31348283481630,509989243259.73
1,3,50.240802675585,50.240802675585,111240707.34407,1003807582.6545,45393107113.483,806865822109.97,34039738078159,553774493064.13
1,3,53.829431438127,53.829431438127,163183174.90638,1446702038.7532,49520319735.549,872126719454.58,36789728414318,598511781415.89
1,3,57.418060200669,57.418060200669,248863593.60204,2158384835.8203,54120395722.016,939971488712.14,39646423130802,644984378082
1,3,61.006688963211,61.006688963211,381552108.82358,3230244099.8068,59278429046.459,1010017128081.9,42592918518797,692917089107.37
1,3,64.595317725753,64.595317725753,561345154.9028,4656093920.1152,64961872358.804,1081866106867.5,45612517279411,742038294746.01
1,3,68.183946488294,68.183946488294,851864794.26169,6895513440.8681,71790166335.012,1156877667735.5,48758757854993,793217980049.25
1,3,71.772575250836,71.772575250836,1308535153.5944,10301857648.417,80144952229.997,1234787942003.8,52017744730137,846229359794.25
1,3,75.361204013378,75.361204013378,1930611271.7591,14840765239.647,89938852455.327,1314997231441.7,55364562796856,900667206230.27
1,3,78.94983277592,78.94983277592,2915687553.7019,21807748680.421,102732200631.87,1399094780252.9,58855991786112,957452537607.28
1,3,82.538461538462,82.538461538462,4487053704.3787,32494215711.472,119906904511.28,1487085764371.4,62482664836823,1016430457320.8
1,3,86.127090301003,86.127090301003,6638549173.9577,46741052808.704,141176568086.4,1578098224772.4,66209491119617,1077030543649.3
1,3,89.715719063545,89.715719063545,9978686184.004,68106119842.278,170482656172.01,1674078042915.3,70091957247328,1140148502714.4
1,3,93.304347826087,93.304347826087,15384481680.243,101084094802.89,212375213960.15,1775600780269.7,74123207236789,1205664672046.3
1,3,96.892976588629,96.892976588629,22822722958.522,145001388733.37,265823811924.83,1881395087853,78256427569821,1272819283539.7
1,3,100.48160535117,100.48160535117,34148257358.548,209302893259.74,340458782875.66,1994051607944.3,82535543493391,1342309874977.4
1,3,104.07023411371,104.07023411371,52741369739.552,308880702868.98,450134322403.47,2115366668672.4,86942449498223,1413817547161.5
1,3,107.65886287625,107.65886287625,78447657369.411,441034879804.16,591103262965.94,2243365431205,91419578927289,1486412613257.8
1,3,111.2474916388,111.2474916388,116849593901.34,629708715070.49,785426503026.36,2381803216212.6,95976404493014,1560210581940.6
1,3,114.83612040134,114.83612040134,180787346017.4,921478727942.77,1071490773963.2,2534926421233.7,1.0053553702502e+14,1633886572123
1,3,118.42474916388,118.42474916388,269595685135.82,1305923408810.6,1436070140334.1,2699204524542.2,1.0503966982778e+14,1706532512022.8
1,3,122.01337792642,122.01337792642,399806647223.79,1839823772023.6,1924600971567.9,2880090232727.7,1.0941656002078e+14,1776895698115.3
1,3,125.60200668896,125.60200668896,619632031222.85,2657709921251.2,2629143331519.4,3085345385657.2,1.1339388796049e+14,1840394646766.9
1,3,129.19063545151,129.19063545151,926335789339.83,3720484186961.4,3505528929108.2,3307492754455,1.1696057781855e+14,1896929027691
1,3,132.77926421405,132.77926421405,1367847238412.2,5149178781778.2,4631188340179.7,3552738311864.9,1.1987932609676e+14,1942513319573.7
1,3,136.36789297659,136.36789297659,2123488815690.5,7283291407157.7,6171021433840.5,3826440019293.9,1.2136590676977e+14,1964145671825.1
1,3,139.95652173913,139.95652173913,3182354279593.1,9979482154685.2,7990479411786,4111689181257.6,1.2161118698164e+14,1965162491720.6
1,3,143.54515050167,143.54515050167,4679404578092.7,13447859698492,10173509568556,4408258403201.2,1.2011026110509e+14,1937232475284.7
1,3,147.13377926421,147.13377926421,7276414486949.3,18306344800711,12793018154442,4681935974323.7,1.1503011835811e+14,1850374935022.9
1,3,150.72240802676,150.72240802676,10930880212486,24039746521945,15508982843827,4934202924624.9,1.0718300210496e+14,1717765143449.2
1,3,154.3110367893,154.3110367893,16006987753988,30839060290914,18277366382228,5157828069394.8,95777088878958,1526251531463
1,3,157.89966555184,157.89966555184,24930858285479,38483879901202,20157401537321,6398740815414.3,76580528020523,1077315560043.6
1,3,161.48829431438,161.48829431438,32487874782947,45078209428799,21584879471543,7502751871049,59619923153235,701923272585.91
1,3,165.07692307692,165.07692307692,37518626559705,50058796674490,22511595993654,8255642726557.8,47024168400302,470279682021.92
1,3,168.66555183946,168.66555183946,41673288733347,54598514391075,23442227448115,8810571064992.6,36124091072263,280895914445.45
1,3,172.25418060201,172.25418060201,42429752581477,57428176320843,24388044240361,8597637427160.5,31801249868695,255430608179.26
1,3,175.84280936455,175.84280936455,43186216429606,60257838250611,25333861032607,8384703789328.3,27478408665126,229965301913.07
1,3,179.43143812709,179.43143812709,42934714144091,61468907733165,25920675605041,8297570445365.3,25891054521913,214721833119.16
1,3,183.02006688963,183.02006688963,42678360149620,62672186339407,26505762168739,8211042624139.8,24316867276506,199527565760.46
1,3,186.60869565217,186.60869565217,42323370193900,63195434844914,26839485708311,8174938265096.9,23527285889365,192404504247.44
1,3,190.19732441472,190.19732441472,41941437601654,63532931586054,27104548867738,8152607189112.9,22952021371943,187486110917.16
1,3,193.78595317726,193.78595317726,41597089626099,63647562223119,27255252498797,8135343663602.9,22578571778783,184255215955.84
1,3,197.3745819398,197.3745819398,41280442751833,63597933195833,27321669388168,8121815089818.4,22353866436606,182268062912.24
1,3,200.96321070234,200.96321070234,40989669121773,63493499560413,27350461901122,8106097918350.4,22169391049071,180649467652.31
1,3,204.55183946488,204.55183946488,40743726414154,63294105234444,27314062144889,8086588533883.3,22054622651579,179669477481.15
1,3,208.14046822742,208.14046822742,40504720734499,63087198665504,27270415463079,8066111311781.2,21944245439141,178730232601.74
1,3,211.72909698997,211.72909698997,40303195206771,62839704108557,27187614279795,8040404948065.4,21857593413318,178011130949.76
1,3,215.31772575251,215.31772575251,40101669679043,62592209551610,27104813096511,8014698584349.7,21770941387495,177292029297.78
1,3,218.90635451505,218.90635451505,39922414083249,62335386396477,27004896264874,7985572642795.2,21688292590421,176615956604.55
1,3,222.49498327759,222.49498327759,39744419231699,62078035131223,26904010483030,7956253112275.7,21605870423927,175942319864.54
1,3,226.08361204013,226.08361204013,39575181151358,61822486561878,26799112016099,7925807796490.6,21522912655485,175266336956.16
1,3,229.67224080268,229.67224080268,39409073369677,61567582405464,26692779127457,7894960044233.9,21439763424456,174589515358.8
1,3,233.26086956522,233.26086956522,39246345027169,61315552418382,26586246244409,7863933658416.7,21356294822045,173910273060.33
1,3,236.84949832776,236.84949832776,39086650989111,61066103068014,26479533791946,7832746882493.2,21272539464951,173228857281.66
1,3,240.4381270903,240.4381270903,38928269643505,60818452729766,26373272571167,7801633542609.9,21188880133595,172548161080.68
1,3,244.02675585284,244.02675585284,38772714656287,60574675844886,26267982897421,7770678317879.8,21105427555278,171869014202.58
1,3,247.61538461538,247.61538461538,38617513453799,60331469229555,26162903769896,7739773741826.2,21022079906838,171190699479.04
1,3,251.20401337793,251.20401337793,38465252843180,60093002587035,26059574662799,7709290148006.3,20939604415723,170519301467.15
1,3,254.79264214047,254.79264214047,38312992232560,59854535944514,25956245555702,7678806554186.4,20857128924607,169847903455.25
1,3,258.38127090301,258.38127090301,38163438422980,59620534652978,25854771664629,7648825142811.3,20775855903428,169186183096.97
1,3,261.96989966555,261.96989966555,38014193300456,59387042595786,25753509344766,7618901000965.5,20694720013461,168525566390.7
1,3,265.55852842809,265.55852842809,37866965579850,59156824400499,25653658271085,7589379253256.7,20614616578861,167873313603.83
1,3,269.14715719064,269.14715719064,37720653259907,58928091727426,25554447553538,7560040092794,20534981623210,167224855964.23
1,3,272.73578595318,272.73578595318,37575730543991,58701574612105,25456200373848,7530982051179.3,20456092206624,166582456294.87
1,3,276.32441471572,276.32441471572,37432324631442,58477475858702,25359004930793,7502230861017.8,20378016573060,165946669120.5
1,3,279.91304347826,279.91304347826,37289694420382,58254600327538,25262341703916,7473636408218.1,20300362824052,165314314649.14
1,3,283.5016722408,283.5016722408,37149179036389,58035059717783,25167129480027,7445469274973.5,20223859276363,164691318898.01
1,3,287.09030100334,287.09030100334,37008832040700,57815783173217,25072032010560,7417336051665.2,20147447559173,164069070748.98
1,3,290.67892976589,290.67892976589,36871190076723,57600748637695,24978777984752,7389747566030.8,20072511030029,163458832266.62
1,3,294.26755852843,294.26755852843,36733548112747,57385714102173,24885523958944,7362159080396.4,19997574500885,162848593784.26
1,3,297.85618729097,297.85618729097,36598328538652,57174469059791,24793915033824,7335057226915.6,19923958740625,162249110037.28
1,3,301.44481605351,301.44481605351,36463540325011,56963898821038,24702599055512,7308042029124.8,19850578172672,161651541410.38
1,3,305.03344481605,305.03344481605,36330562313860,56756157684977,24612510517701,7281389998453,19778183962508,161062005010.39
1,3,308.6220735786,308.6220735786,36198606583773,56550014236537,24523115156034,7254943060234,19706346781127,160477004673.9
1,3,312.21070234114,312.21070234114,36067857525565,56345756036284,24434537494560,7228738056959.2,19635166797507,159897356194.9
1,3,315.79933110368,315.79933110368,35938712395098,56144003738351,24347046733383,7202854637517.6,19564860371758,159324821491.25
1,3,319.38795986622,319.38795986622,35810179581536,55943208009124,24259970819033,7177093954674.7,19494887352279,158755001868.33
1,3,322.97658862876,322.97658862876,35683823143941,55745812240144,24174369406948,7151769518129.6,19426099368495,158194832536.57
1,3,326.5652173913,326.5652173913,35557493861215,55548458892182,24088786391235,7126450524160.4,19357326168775,157634783598.03
1,3,330.15384615385,330.15384615385,35433904486668,55355385796822,24005059557309,7101680682484.1,19290044671280,157086882254.9
1,3,333.74247491639,333.74247491639,35310315112120,55162312701461,23921332723383,7076910840807.7,19222763173785,156538980911.77
1,3,337.33110367893,337.33110367893,35188922559771,54972671469902,23839094134379,7052581289165.5,19156677644667,156000818855.5
1,3,340.91973244147,340.91973244147,35068079021044,54783887904467,23757227476583,7028361771565.5,19090891003157,155465090770.07
1,3,344.50836120401,344.50836120401,34948844078537,54597617295214,23676450570517,7004464648957.9,19025980079604,154936494027.07
1,3,348.09698996656,348.09698996656,34830725596638,54413090825699,23596430016394,6980791287481.2,18961676955941,154412846856.13
1,3,351.6856187291,351.6856187291,34713636379533,54230172283907,23517106745081,6957324211222.9,18897934159503,153893762665.04
1,3,355.27424749164,355.27424749164,34598222641765,54049871192644,23438918539252,6934192934482,18835103486645,153382106279.22
1,3,358.86287625418,358.86287625418,34483267438297,53870286429424,23361040971378,6911153557228.6,18772522437426,152872482683.07
1,3,362.45150501672,362.45150501672,34370538597131,53694179717366,23284671671563,6888560387718.8,18711153408029,152372729071.14
1,3,366.04013377926,366.04013377926,34257809755965,53518073005307,23208302371748,6865967218209,18649784378632,151872975459.22
1,3,369.62876254181,369.62876254181,34147642536868,53345968095877,23133668467180,6843887449801.7,18589809883048,151384578118.38
1,3,373.21739130435,373.21739130435,34037579205585,53174025481473,23059104942398,6821828502622.8,18529891943453,150896641336.57
1,3,376.80602006689,376.80602006689,33929504166090,53005189005913,22985888405522,6800168049680,18471056419776,150417519119.28
1,3,380.39464882943,380.39464882943,33822087417891,52837380922751,22913117834584,6778639531742,18412579266525,149941315261.92
1,3,383.98327759197,383.98327759197,33716093818021,52671796103102,22841311389675,6757396241796.2,18354876867994,149471420555.49
1,3,387.57190635452,387.57190635452,33611305181756,52508093695538,22770321259376,6736394451167.2,18297830445525,149006867735.82
1,3,391.16053511706,391.16053511706,33507382448998,52345744015642,22699917744212,6715566205338.4,18241255416664,148546153670.98
1,3,394.7491638796,394.7491638796,33405203904777,52186119133680,22630695847302,6695087530619.9,18185629915455,148093172005.98
1,3,398.33779264214,398.33779264214,33303341633624,52026988338418,22561688212848,6674672243518.7,18130176591793,147641592454.57
1,3,401.92642140468,401.92642140468,33203755610440,51871413533072,22494222646069,6654713163249.4,18075962446639,147200104050.78
1,3,405.51505016722,405.51505016722,33104169587256,51715838727726,22426757079291,6634754082980,18021748301485,146758615646.98
1,3,409.10367892977,409.10367892977,33006932935234,51563934146394,22360883118246,6615265864936.1,17968813142777,146327542563.45
1,3,412.69230769231,412.69230769231,32909922308449,51412382665188,22295162280331,6595822946991,17916001031129,145897471503.47
1,3,416.28093645485,416.28093645485,32814709125342,51263639177973,22230659138997,6576740273610,17864167439061,145475368936.68
1,3,419.86956521739,419.86956521739,32720257213620,51116084960556,22166671728741,6557810174622.2,17812748279426,145056641266.12
1,3,423.45819397993,423.45819397993,32627058032828,50970487778598,22103532993831,6539131148582.4,17762011100350,144643467247.77
1,3,427.04682274247,427.04682274247,32535148594554,50826905452173,22041268008143,6520710613371.5,17711976050761,144236010962.75
1,3,430.63545150502,430.63545150502,32443954111924,50684440040144,21979487376315,6502433369882.2,17662330219403,143831724244.19
1,3,434.22408026756,434.22408026756,32354571343189,50544804914651,21918934108206,6484519230881.1,17613670675918,143435469279.26
1,3,437.8127090301,437.8127090301,32265372416479,50405456989987,21858505385758,6466641937592.3,17565111215141,143040029329.58
1,3,441.40133779264,441.40133779264,32178500946191,50269745053410,21799653422474,6449231114305.9,17517818810385,142654907545.75
1,3,444.98996655518,444.98996655518,32091629475904,50134033116832,21740801459189,6431820291019.5,17470526405629,142269785761.91
1,3,448.57859531773,448.57859531773,32006913482937,50001688500485,21683409746393,6414841469705.6,17424407432624,141894219722.45
1,3,452.16722408027,452.16722408027,31922538372165,49869876415612,21626248967779,6397930968192.5,17378474034290,141520164894.97
1,3,455.75585284281,455.75585284281,31839785624613,49740598810632,21570187275382,6381345621443.2,17333423842378,141153302385.88
1,3,459.34448160535,459.34448160535,31757892365731,49612663911606,21514707852195,6364932533798.7,17288841551799,140790250192.59
1,3,462.93311036789,462.93311036789,31677094630515,49486440456682,21459970602829,6348739011595.5,17244855659083,140432054715.93
1,3,466.52173913043,466.52173913043,31597669140229,49362360744123,21406162994961,6332820515458.1,17201616809967,140079942727.01
1,3,470.11036789298,470.11036789298,31518818341782,49239178824203,21352744718062,6317017199379.6,17158690820376,139730378483.71
1,3,473.69899665552,473.69899665552,31441846961990,49118932961690,21300599672893,6301590557435.6,17116787977423,139389146150.38
1,3,477.28762541806,477.28762541806,31364935182340,48998780207409,21248495004437,6286175860578.1,17074917580486,139048178038.5
1,3,480.8762541806,480.8762541806,31290404678648,48882347517910,21198003555206,6271238420082.1,17034343538107,138717766682.62
1,3,484.46488294314,484.46488294314,31215874174955,48765914828411,21147512105975,6256300979586.1,16993769495728,138387355326.74
1,3,488.05351170569,488.05351170569,31143321713856,48652572266891,21098360701679,6241759979305,16954272289879,138065713099.98
1,3,491.64214046823,491.64214046823,31071219269722,48539932728664,21049514165923,6227309171633.2,16915020071023,137746065904.53
1,3,495.23076923077,495.23076923077,31000578064021,48429575959148,21001657560900,6213151226050.8,16876563343119,137432896723.8
1,3,498.81939799331,498.81939799331,30930891280748,48320710202738,20954447538991,6199184566257.3,16838626198049,137123958722.87
1,3,502.40802675585,502.40802675585,30862154297429,48213328238019,20907880968592,6185408265797.5,16801206119323,136819231408.93
1,3,505.99665551839,505.99665551839,30794871191954,48108217543014,20862299342330,6171923352189.2,16764577524425,136520949478.03
1,3,509.58528428094,509.58528428094,30728031551575,48003799635853,20817018145974,6158527318063.7,16728190349733,136224633532.6
1,3,513.17391304348,513.17391304348,30663140553717,47902425927361,20773057077169,6145521831788.5,16692864006398,135936956379.54
1,3,516.76254180602,516.76254180602,30598249555860,47801052218869,20729096008365,6132516345513.3,16657537663064,135649279226.48
1,3,520.35117056856,520.35117056856,30535681480207,47703307415430,20686708627226,6119976420577.7,16623475907607,135371900140.17
1,3,523.9397993311,523.9397993311,30473171430457,47605653260954,20644360556335,6107448125225.2,16589445741179,135094778296.49
1,3,527.52842809365,527.52842809365,30412476647866,47510834945566,20603242257233,6095283646793.5,16556403797844,134825703965.8
1,3,531.11705685619,531.11705685619,30352336796541,47416883552586,20562499902141,6083230388015.2,16523663956538,134559089777.99
1,3,534.70568561873,534.70568561873,30293509294601,47324982331871,20522646611521,6071440150950.2,16491638551819,134298293545.39
1,3,538.29431438127,538.29431438127,30235729301315,47234717545182,20483502966318,6059859856088,16460183405687,134042141166.39
1,3,541.88294314381,541.88294314381,30178763217849,47145724260751,20444910712554,6048442685411.1,16429171348008,133789597041.52
1,3,545.47157190635,545.47157190635,30123333147169,47059130558777,20407359046185,6037333363132.4,16398995488040,133543862423.48
1,3,549.0602006689,549.0602006689,30068222769903,46973036286746,20370023959384,6026288113967.5,16368993667606,133299545081.97
1,3,552.64882943144,552.64882943144,30015133089712,46890098778596,20334057814449,6015647853919.1,16340091904794,133064185968.66
1,3,556.23745819398,556.23745819398,29962043409521,46807161270446,20298091669514,6005007593870.6,16311190141983,132828826855.34
1,3,559.82608695652,559.82608695652,29911114436736,46727599252621,20263589317991,5994800383922.5,16283464657875,132603046670.29
1,3,563.41471571906,563.41471571906,29860356017528,46648303676215,20229202509738,5984627356410.6,16255832022313,132378022589.68
1,3,567.00334448161,567.00334448161,29811263047246,46571609889278,20195943976703,5974788118955.9,16229106048891,132160381837.17
1,3,570.59197324415,570.59197324415,29762827161209,46495942609272,20163130592033,5965080574634.7,16202737788877,131945654094.18
1,3,574.18060200669,574.18060200669,29715565329687,46422109454616,20131112582279,5955608334812.6,16177008678155,131736131210.54
1,3,577.76923076923,577.76923076923,29669443648393,46350057459533,20099866978644,5946364604378.2,16151900259405,131531662880.6
1,3,581.35785953177,581.35785953177,29624008239142,46279077569020,20069086296958,5937258416915.5,16127165443778,131330236956.77
1,3,584.94648829431,584.94648829431,29580192830830,46210628468494,20039403101325,5928476910818,16103312548690,131135992879.85
1,3,588.53511705686,588.53511705686,29536579274354,46142494704095,20009856652335,5919735859984.8,16079569540813,130942643660.35
1,3,592.1237458194,592.1237458194,29495062603254,46077636727143,19981730760331,5911415068158.4,16056968067680,130758590434.58
1,3,595.71237458194,595.71237458194,29453545932153,46012778750191,19953604868328,5903094276332,16034366594548,130574537208.82
1,3,599.30100334448,599.30100334448,29414041403961,45951064174364,19926842123481,5895176759327.2,16012860522607,130399404292.01
1,3,602.88963210702,602.88963210702,29374816331163,45889786168124,19900268698601,5887315250930.8,15991506584876,130225510267.55
1,3,606.47826086957,606.47826086957,29337118214008,45830893594951,19874729725205,5879759775685.3,15970983914183,130058385597.41
1,3,610.06688963211,610.06688963211,29300177995628,45773185022639,19849704197969,5872356198859.8,15950873839803,129894620871.18
1,3,613.65551839465,613.65551839465,29264282554450,45717108617005,19825386465554,5865162016749.6,15931332536879,129735487888.23
1,3,617.24414715719,617.24414715719,29229620838415,45662959555367,19801904532642,5858215098385.2,15912462867719,129581824299.22
1,3,620.83277591973,620.83277591973,29195524483518,45609693709132,19778805609204,5851381489920.9,15893900978233,129430667088.51
1,3,624.42140468227,624.42140468227,29163135310007,45559094846521,19756863232617,5844890035416.2,15876268469442,129287078212.55
1,3,628.01003344482,628.01003344482,29130834596961,45508634178226,19734980784489,5838416310206.4,15858684118110,129143881502.87
1,3,631.59866220736,631.59866220736,29100712394512,45461576813126,19714574190936,5832379203285.8,15842285737636,129010342648.72
1,3,635.1872909699,635.1872909699,29070590192064,45414519448026,19694167597384,5826342096365.3,15825887357162,128876803794.57
1,3,638.77591973244,638.77591973244,29042343610501,45370392207925,19675031663027,5820680902530.2,15810510056147,128751580016.48
1,3,642.36454849498,642.36454849498,29014483198578,45326868248223,19656157343375,5815097105050.8,15795342984123,128628068220.79
1,3,645.95317725753,645.95317725753,28988021012387,45285528618157,19638230266012,5809793540671.2,15780937099385,128510755090.77
1,3,649.54180602007,649.54180602007,28962417601366,45245530579807,19620884974650,5804662092440.5,15766998727671,128397249114.36
1,3,653.13043478261,653.13043478261,28937737189452,45206974463794,19604164977984,5799715632010.7,15753562831786,128287835008.28
1,3,656.71906354515,656.71906354515,28914386378263,45170495468948,19588345732221,5795035650618.9,15740850763499,128184315332.33
1,3,660.30769230769,660.30769230769,28891485262671,45134718995382,19572831137314,5790445797439.9,15728383507295,128082789263.3
1,3,663.89632107023,663.89632107023,28870383034250,45101752770622,19558535216820,5786216478112.4,15716895556463,127989238086.52
1,3,667.48494983278,667.48494983278,28849280805828,45068786545862,19544239296325,5781987158784.9,15705407605631,127895686909.74
1,3,671.07357859532,671.07357859532,28830401603011,45039293168063,19531449388390,5778203379722,15695129860123,127811990939.87
1,3,674.66220735786,674.66220735786,28811544326658,45009834044147,19518674334774,5774423995175.9,15684864051287,127728392175.3
1,3,678.2508361204,678.2508361204,28794436650600,44983108172584,19507084565705,5770995266379.2,15675550716266,127652549802.39
1,3,681.83946488294,681.83946488294,28777821085533,44957151084343,19495828182242,5767665166708.8,15666505284054,127578889073.83
1,3,685.42809364548,685.42809364548,28762483274491,44933190122216,19485437425886,5764591155010.3,15658155454530,127510892928.16
1,3,689.01672240803,689.01672240803,28748106564496,44910730606267,19475697776944,5761709767567.4,15650328843448,127447157568.56
1,3,692.60535117057,692.60535117057,28734537098479,44889532179428,19466505003788,5758990168400.8,15642941692150,127387000913.34
1,3,696.19397993311,696.19397993311,28722396769649,44870566372950,19458280414405,5756556997684.6,15636332556342,127333179962.86
1,3,699.78260869565,699.78260869565,28710594270986,44852128329988,19450284691555,5754191535072.8,15629907333674,127280856693.81
1,3,703.37123745819,703.37123745819,28700688235605,44836652971325,19443573747328,5752206162655.4,15624514536613,127236940897.28
1,3,706.95986622074,706.95986622074,28690782200224,44821177612661,19436862803101,5750220790238.1,15619121739553,127193025100.74
1,3,710.54849498328,710.54849498328,28682978026141,44808985812017,19431575785402,5748656673660.1,15614873184873,127158427347.32
1,3,714.13712374582,714.13712374582,28675304582475,44796998240315,19426377332305,5747118758122,15610695799152,127124409152.44
1,3,717.72575250836,717.72575250836,28669263730668,44787561128154,19422284895003,5745908047393,15607407188308,127097628622.21
1,3,721.3143812709,721.3143812709,28663821558261,44779059281948,19418598039088,5744817324263.7,15604444495546,127073502178.91
1,3,724.90301003344,724.90301003344,28659543462211,44772375974340,19415699798919,5743959905997.5,15602115520536,127054536363.65
1,3,728.49163879599,728.49163879599,28656331623770,44767358391327,19413523906159,5743316187703.6,15600367011206,127040297522.61
1,3,732.08026755853,732.08026755853,28653815859740,44763428226549,19411819576162,5742811977003,15598997441424,127029144544.41
1,3,735.66889632107,735.66889632107,28652833803491,44761894043840,19411154272265,5742615152808.7,15598462814754,127024790856.33
1,3,739.25752508361,739.25752508361,28652080090566,44760716582370,19410643661767,5742464093261.5,15598052496982,127021449467.49
1,3,742.84615384615,742.84615384615,28653327649258,44762665536328,19411488832151,5742714129258.6,15598731660912,127026980182.73
1,3,746.4347826087,746.4347826087,28654575207950,44764614490287,19412334002534,5742964165255.6,15599410824841,127032510897.98
1,3,750.02341137124,750.02341137124,28657813237747,44769672986307,19414527636356,5743613132027,15601173590619,127046865835.4
1,3,753.61204013378,753.61204013378,28661290626151,44775105411724,19416883425928,5744310071117.4,15603066661945,127062281905.29
1,3,757.20066889632,757.20066889632,28666291169530,44782917331010,19420271090847,5745312281365.6,15605788931390,127084450482.08
1,3,760.78929765886,760.78929765886,28671998984803,44791834160278,19424137903616,5746456243250.1,15608896236194,127109754562.74
1,3,764.3779264214,764.3779264214,28678762570541,44802400326425,19428719956587,5747811802848.7,15612578298153,127139739132.03
1,3,767.96655518395,767.96655518395,28686701794792,44814803088705,19434098455331,5749402984137.6,15616900372944,127174935594.29
1,3,771.55518394649,771.55518394649,28695229094645,44828124545922,19439875349201,5751112027595.6,15621542595066,127212739151.66
1,3,775.14381270903,775.14381270903,28705401095942,44844015364775,19446766455322,5753150702276.1,15627080189781,127257834106.71
1,3,778.73244147157,778.73244147157,28715692924445,44860093377323,19453738738891,5755213392866.7,15632683019209,127303460296.07
1,3,782.32107023411,782.32107023411,28728099451157,44879474964949,19462143633713,5757699913768.8,15639437104127,127358461653.77
1,3,785.90969899666,785.90969899666,28740505977870,44898856552575,19470548528536,5760186434670.8,15646191189044,127413463011.46
1,3,789.4983277592,789.4983277592,28754799933420,44921186665869,19480232083111,5763051246152,15653972846928,127476832349.7
1,3,793.08695652174,793.08695652174,28769443100930,44944062315189,19490152215229,5765986048931.3,15661944626295,127541749931.14
1,3,796.67558528428,796.67558528428,28785506097862,44969156038898,19501034279121,5769205446645.3,15670689483865,127612963040.12
1,3,800.26421404682,800.26421404682,28802388355569,44995529621523,19512471390653,5772589059484.8,15679880418011,127687808753.62
1,3,803.85284280936,803.85284280936,28820221918081,45023389463428,19524553132492,5776163398280,15689589440857,127766873494.63
1,3,807.44147157191,807.44147157191,28839345956597,45053265464534,19537509336373,5779996463056.4,15700001267926,127851661484.12
1,3,811.03010033445,811.03010033445,28858951651900,45083894197429,19550792105044,5783926148469.7,15710675518104,127938586471.44
1,3,814.61872909699,814.61872909699,28880320186779,45117277890745,19565270084395,5788209460546.6,15722310223643,128033332763.14
1,3,818.20735785953,818.20735785953,28901699589319,45150678582653,19579755442379,5792494955295.5,15733950853642,128128127296.81
1,3,821.79598662207,821.79598662207,28925314945003,45187576628360,19595758907982,5797229521147.9,15746810404242,128232847314.11
1,3,825.38461538462,825.38461538462,28948930300687,45224474674067,19611762373584,5801964087000.3,15759669954843,128337567331.41
1,3,828.97324414716,828.97324414716,28974333045581,45264174654740,19628983219679,5807058427250.1,15773504079629,128450221677.77
1,3,832.5618729097,832.5618729097,29000196465572,45304596795790,19646517828929,5812245494425.2,15787589387569,128564920988.8
1,3,836.15050167224,836.15050167224,29027375420279,45347091658865,19664953985683,5817698173886,15802390222764,128685442697.44
1,3,839.73913043478,839.73913043478,29055486382267,45391054968186,19684028855219,5823339029744.4,15817697982329,128810089357.6
1,3,843.32775919732,843.32775919732,29084440938958,45436360931352,19703687482177,5829150399232,15833458882463,128938418769.17
1,3,846.91638795987,846.91638795987,29114798109486,45483899275602,19724316701098,5835245275449,15849973202725,129072871355.83
1,3,850.50501672241,850.50501672241,29145528742061,45532041819370,19745206471967,5841414660139.8,15866679602789,129208880676.14
1,3,854.09364548495,854.09364548495,29178138314242,45583224175103,19767407115998,5847958907343.7,15884352383100,129352722140.35
1,3,857.68227424749,857.68227424749,29210747886423,45634406530836,19789607760028,5854503154547.6,15902025163411,129496563604.57
1,3,861.27090301003,861.27090301003,29245554955556,45689199185470,19813312707731,5861457342438.3,15920690046255,129648398114.8
1,3,864.85953177258,864.85953177258,29280463048198,45744157813058,19837086811404,5868430376155.6,15939400538118,129800600081.99
1,3,868.44816053512,868.44816053512,29317224546509,45802096531959,19861972508805,5875675201168.9,15958689488443,129957403388.41
1,3,872.03678929766,872.03678929766,29354616129145,45861048363562,19887236103930,5883012424429.6,15978175091672,130115770967.43
1,3,875.6254180602,875.6254180602,29393654035444,45922268517846,19913090014458,5890452706275.8,15997817932875,130275345119.26
1,3,879.21404682274,879.21404682274,29434114065692,45985448090001,19939453850035,5897982011979.2,16017596599064,130435961530.34
1,3,882.80267558528,882.80267558528,29476098049208,46049951067486,19965757971997,5905441647521.6,16037260055371,130595719602.66
1,3,886.39130434783,886.39130434783,29521221690261,46117180532461,19991939071620,5912757748186.5,16056686155598,130753709320.38
1,3,889.97993311037,889.97993311037,29567341939124,46184631798893,20017678819386,5919950460251.9,16076061166435,130911509966.69
1,3,893.56856187291,893.56856187291,29620982306683,46253756715958,20040088251742,5926212117087.7,16095050671281,131067883934.05
1,3,897.15719063545,897.15719063545,29674622674242,46322881633023,20062497684098,5932473773923.4,16114040176126,131224257901.41
1,3,900.74581939799,900.74581939799,29743433700885,46385804748581,20073382711173,5936444371764.1,16135820615292,131410424902.23
1,3,904.33444816054,904.33444816054,29813795469995,46448093916931,20083089715290,5940180777902.1,16157886343341,131599637342.4
1,3,907.92307692308,907.92307692308,29906081544242,46486735452833,20069998144716,5940890281912,16193884706806,131918083758.26
1,3,911.51170568562,911.51170568562,30007875903890,46515121318736,20047019129428,5940287057918,16235925472670,132292577265.1
1,3,915.10033444816,915.10033444816,30134008642044,46491917234134,19988706639214,5937659084336.6,16315911885207,133014337085.76
1,3,918.6889632107,918.6889632107,30285702839535,46414530640129,19893285054717,5932904611069.4,16435750833700,134100814455.65
1,3,922.27759197324,922.27759197324,30450141574398,46261133100527,19758995207494,5929935114894.1,16624435307593,135764223086.16
1,3,925.86622073579,925.86622073579,30647681583205,45910313005696,19523753166025,5931601723897.5,16991931654348,138926090165.88
1,3,929.45484949833,929.45484949833,30839126229513,45517785235249,19273183336352,5936426610419.5,17407496739162,142579206395.99
1,3,933.04347826087,933.04347826087,30947329754772,44555677940094,18813290062224,5984382411849.2,18479510992461,152941050778.92
1,3,936.63210702341,936.63210702341,31055533280030,43593570644938,18353396788096,6032338213278.9,19551525245759,163302895161.85
1,3,940.22073578595,940.22073578595,30549287370693,41646197922056,17677983600481,6163277180940.2,22281030318326,180159405581.14
1,3,943.80936454849,943.80936454849,29941742754170,39536393421319,16967039598808,6307896830825.6,25283790874114,198086632703.95
1,3,947.39799331104,947.39799331104,27383036364595,36442005951788,16270440298438,6056978811244.8,32016914345913,307265973926.23
1,3,950.98662207358,950.98662207358,23767753183724,32814455354373,15581608820645,5591872543712.2,40770072719276,465859396156.88
1,3,954.57525083612,954.57525083612,18609444249543,28324544975107,14690997548774,4848046696006.9,52199997889257,716988551651.51
1,3,958.16387959866,958.16387959866,12324424334320,22840959311695,13310885189762,4017821522484.1,65405586358414,1023576679857.4
1,3,961.7525083612,961.7525083612,8147612562901.5,17764129730565,11414859164522,3764589874165.6,74408282034834,1184132787773.2
1,3,965.34113712375,965.34113712375,5377563132386.1,13458358491586,9406343171864.9,3565061054333.9,80219190609290,1282937920602.6
1,3,968.92976588629,968.92976588629,3556964335968.8,10011570180540,7525797629331.8,3344872730576.6,83435671112275,1338164576462.9
1,3,972.51839464883,972.51839464883,2388945413250.8,7400097568379,5913967981795.3,3113504321755.4,84503755143370,1358050720595.6
1,3,976.10702341137,976.10702341137,1599546742070,5407431980126,4573327412274.6,2886907250262,84124560066956,1354090901251.3
1,3,979.69565217391,979.69565217391,1068042301606.9,3911725629391.9,3490020087086.5,2672702393088,82656695072025,1332114193674.9
1,3,983.28428093645,983.28428093645,711373365308.11,2804667931561.6,2634822661025.9,2474415395909.6,80392286995016,1296886464952.7
1,3,986.872909699,986.872909699,472742790602.12,1995098713318,1972555736800.1,2292864144725.8,77563771731105,1252217834694.6
1,3,990.46153846154,990.46153846154,313514437935.88,1409245930163.4,1467853061747.3,2127277049566,74352047937216,1201087959388.6
1,3,994.05016722408,994.05016722408,207525530073.77,989156123161.49,1088352877407.1,1976088511421.2,70894959575356,1145777655430
1,3,997.63879598662,997.63879598662,137130358037.62,690351868344.33,806158279377.89,1837448251854.5,67295380702229,1087996406046.1
1,3,1001.2274247492,1001.2274247492,90469600566.375,479334771835.31,598212371994.76,1709517558161.1,63628459130725,1028998180275.9
1,3,1004.8160535117,1004.8160535117,60165788150.844,333708689787.11,448322932282.32,1591046609451.4,59949442207561,969703988790.35
1,3,1008.4046822742,1008.4046822742,40373087721.19,233327094402.79,340449668409,1480443347150.7,56300570046547,910824663134
1,3,1011.9933110368,1011.9933110368,27010854454.98,162383191783.41,260938374310.67,1375958700740.6,52703213217113,852729589191.49
1,3,1015.5819397993,1015.5819397993,18022683646.557,112519636785.05,202364454757.66,1276676448206.9,49170555192557,795645004445
1,3,1019.1705685619,1019.1705685619,11996296154.681,77652174076.837,159123046543.7,1181843038100.8,45710268138205,739704856703.28
1,3,1022.7591973244,1022.7591973244,7967418722.8403,53387007331.653,127027658334,1090838954995.4,42325953433803,684974775066.55
1,3,1026.347826087,1026.347826087,5280970957.0876,36574939630.163,102981965504.94,1003152836589.4,39018245033588,631470473765.77
1,3,1029.9364548495,1029.9364548495,3493870170.3543,24974500571.931,84716563562.252,918359035595.67,35785643754898,579171699463.94
1,3,1033.525083612,1033.525083612,2307577129.9769,17000499600.222,70581677096.513,836098821096.01,32625140034463,528032664774.88
1,3,1037.1137123746,1037.1137123746,1521627358.0117,11538445994.544,59386671281.111,756065062182.41,29532672872962,477989753369.82
1,3,1040.7023411371,1040.7023411371,1017109732.8344,7912553166.2436,50406844711.783,678146238843.96,26508762273291,429052679764.24
1,3,1044.2909698997,1044.2909698997,681646907.6933,5431777193.8262,42855034063.627,601954494309.97,23543433321710,381061380043.84
1,3,1047.8795986622,1047.8795986622,455268658.30283,3712594199.8636,36282971418.227,527213049764.67,20628796696637,333888944511.6
1,3,1051.4682274247,1051.4682274247,302921901.0476,2524618628.5153,30416712077.661,453728429102.47,17759066974431,287442201866.22
1,3,1055.0568561873,1055.0568561873,200539475.85648,1704607455.6428,25057077843.329,381318226091.46,14928374620789,241626425959.04
1,3,1058.6454849498,1058.6454849498,131661431.98778,1137256436.7605,20059284983.982,309809515287.37,12130803571219,196345545833.8
1,3,1062.2341137124,1062.2341137124,85043913.550806,741082398.35224,15317764633.471,239040849184.09,9360414945604.8,151498967817.77
1,3,1065.8227424749,1065.8227424749,52978734.608682,458086157.14725,10754885341.98,168876231569.45,6611268145629.1,106954356571.78
1,3,1069.4113712375,1069.4113712375,30114662.260884,246165340.59388,6312332548.8093,99257132780.085,3877516821526.5,62370497703.433
1,3,1073,1073,12625888.213406,73473995.310429,1943805740.82,30345075686.98,1153766944844.1,16574342416.509
