x,y,z,id,group1,group2,group3,group4,group5,group6,group7,group8,group9,group10,group11,group12,group13,group14,group15
62.354,72,0,0,555.31147439839,33737.875258864,99562.912618986,48986.310008207,54652.90493122,166564.81348228,45493299.988119,2697523031.0669,23723636894.35,66461677143.054,118256316577.81,31613463721.589,23048581374.599,4081741261.8205,1381155248.7794
62.354,72,3.5886287625418,3.5886287625418,989.18864299181,85680.162152459,344397.71561671,172202.35111109,192432.15326301,556156.82368605,147631120.10448,8792499468.9142,77761363095.538,219306942977.73,396832826796.89,110304479923.21,83413848191.96,15006920990.144,5198817144.5754
62.354,72,7.1772575250836,7.1772575250836,1624.2032541883,153665.81557461,653467.90963165,327765.45325295,366453.97405472,985140.18290557,250554934.76727,14935882038.992,132241574234.99,373364976462.56,677094657284.65,189064259171.34,143564332668.1,25879310691.407,8984820672.8425
62.354,72,10.765886287625,10.765886287625,2471.4243118368,238659.58505581,1030990.2343306,517776.80739605,579053.09389089,1455991.9879485,354285509.69025,21128451234.141,187169354349.47,528649141845.18,959087781790.58,267925336013.51,203537600808.83,36706178912.796,12742426805.452
62.354,72,14.354515050167,14.354515050167,4088.5549634725,387942.36604561,1678367.038232,842896.977953,942345.93295541,2088503.1534138,460233786.44801,27440072120.757,243113283189.67,686698328094.23,1245887005829.4,348060731328.8,264425560243.19,47688772419.274,16554806827.396
62.354,72,17.943143812709,17.943143812709,6559.3881044082,606873.27166941,2619089.6397547,1314730.0280369,1469016.7066284,2894446.1401423,567883775.82869,33839262788.611,299823089492.85,846899243593.38,1536571276652.1,429276332658.61,326130864075.84,58818146377.067,20418200543.629
62.354,72,21.531772575251,21.531772575251,9926.0880068527,898322.6937305,3864874.1737159,1939098.9510139,2165507.3147549,3880394.0547322,677210559.35824,40324203587.362,357283754010.8,1009210990900.6,1831068965141.5,511552843927.58,388639313379.65,70091828211.398,24331741162.502
62.354,72,25.120401337793,25.120401337793,16247.306915802,1421082.5627191,6078517.8793371,3046902.8765346,3399619.5994739,5432516.6368455,790565078.25731,47007230573.135,416492157281.62,1176455195906.7,2134510243708.5,596326637743.62,453044207029.8,81707398163.181,28363978136.53
62.354,72,28.709030100334,28.709030100334,26096.330911231,2207478.1502342,9384610.0161581,4699480.5485972,5238640.4651354,7617752.0165311,907193796.49267,53839214996.355,477015679478.71,1347412898636,2444688120048.2,682982289835.65,518878706502.58,93580786454.328,32485715578.964
62.354,72,32.297658862876,32.297658862876,39635.26888916,3266023.7518473,13815072.147792,6912471.0443622,7699650.1300244,10453141.399892,1026951593.9663,60810254385.712,538766552940.08,1521836236860.3,2761152978864.9,771394213252.84,586047414761.69,105694790510.74,36690981543.96
62.354,72,35.886287625418,35.886287625418,64440.748332295,5126722.2586382,21532332.883036,10761408.653025,11974037.9042,15177222.515433,1153898072.97,68071848804.941,603078920957.31,1703492096296,3090738546520.9,863471523627.66,656000730651.91,118310994045.46,41070582122.069
62.354,72,39.47491638796,39.47491638796,103780.02660003,7972326.9305506,33235432.121893,16590047.505357,18438575.857592,22173376.371713,1287392446.069,75557470135.528,669360804976.15,1890707846384.6,3430409873727.9,958366326341.25,728094489852.8,131313221741.93,45584187973.692
62.354,72,43.063545150502,43.063545150502,158280.33785064,11827651.454972,49005982.83352,24437323.6658,27134703.804589,31481943.750557,1427079443.1626,83242947482.75,737397773444.92,2082877731376.2,3779067874494.2,1055771562672,802095411399.34,144659400853.77,50217193930.147
62.354,72,46.652173913043,46.652173913043,255731.23164805,18451310.860459,75828527.979804,37761080.367036,41876329.504528,47040836.380861,1580987179.2247,91318334307.267,808847041317.09,2284677057957.3,4145192019008.8,1158055824985.4,879802846339.93,158674032948.02,55082248575.924
62.354,72,50.240802675585,50.240802675585,412993.10578013,28739046.549367,117063022.12969,58207593.719518,64461666.532553,70683950.153792,1750136206.9066,99710482129.45,883048137760.79,2494237540372.1,4525391094213.6,1264271535438.5,960496837644.49,173227265555.18,60134275189.296
62.354,72,53.829431438127,53.829431438127,632505.9875866,42759503.926132,172882017.04205,85853602.231156,94966439.099625,102479257.82686,1933841108.551,108373942962.94,959597986157.1,2710420537080.1,4917599155244.8,1373841518388.3,1043738889049.6,188240014847.81,65345820550.299
62.354,72,57.418060200669,57.418060200669,1015810.4745776,66310098.440925,265578511.78037,131672179.42242,145428438.05895,154780941.05154,2151135414.9222,117540985377.93,1040471207700.2,2938785676210.5,5331893368246,1489579978311.2,1131666623762.3,204097758803.17,70850702413.111
62.354,72,61.006688963211,61.006688963211,1645143.7277915,103446590.88233,409908909.73084,202851427.50373,223655448.96074,235521123.31784,2410575227.5257,127147037662.14,1125042903960.7,3177556449682.6,5765044241414.7,1610583994776.8,1223593822113.1,220676707376.1,76605949801.743
62.354,72,64.595317725753,64.595317725753,2530068.8652759,154342119.50935,606043828.3623,299430878.40113,329644915.22578,344651512.3196,2710784852.0322,137116732693.58,1212646097708.8,3424849065655.9,6213634030902.7,1735898754528,1318795094706.8,237846035913.8,82566148086.414
62.354,72,68.183946488294,68.183946488294,4040056.1149705,237969366.53582,924126616.74992,455684040.9941,500735043.3537,520232037.78264,3102915501.1107,147737025361.76,1305569201101.1,3687072729768.1,6689261064558.3,1868761222956,1419728443816.8,256048909705.94,88885145839.455
62.354,72,71.772575250836,71.772575250836,6562283.8534611,371818747.87887,1425232781.344,701118467.41558,768722944.80604,794337280.0668,3625100890.8581,158979023908.21,1403345924924.7,3962865199647.1,7189428960896.6,2008471280348.9,1525860995041.5,275189110114.57,95529547916.09
62.354,72,75.361204013378,75.361204013378,10134646.06924,556251434.18775,2108290852.0505,1034985644.8318,1132558997.1407,1165674242.4112,4273508250.5765,170725767595.78,1504951209252.8,4249333603873.8,7708890531733.1,2153563172355.2,1636079243606.3,295065822167.63,102429642773.92
62.354,72,78.94983277592,78.94983277592,16095328.689446,852850924.86471,3190166555.309,1562240040.2381,1705530486.1388,1748717401.0272,5192513484.0062,183355039774.58,1612979833525.5,4553645752731.9,8260561914191,2307635664372.9,1753113759308.7,316171101320.68,109756265525.06
62.354,72,82.538461538462,82.538461538462,26225157.663732,1334608503.7145,4912446907.768,2398283285.9799,2610607976.2646,2666213100.8341,6529234731.4238,196937612398.23,1727270244033.7,4875177106235.1,8843218099522.8,2470336580042.4,1876693400245.8,338455629896.28,117492318832.72
62.354,72,86.127090301003,86.127090301003,40676739.790187,2001913427.7108,7264920044.6587,3537035995.9245,3840036324.1174,3909199083.221,8268323567.3853,211295549482.84,1846318390091.3,5209695635113.6,9449190139374.9,2639524486665.3,2005191666887.2,361626112952.24,125535985282.13
62.354,72,89.715719063545,89.715719063545,64272421.206627,3052828186.8072,10903483993.828,5291844608.6337,5727755905.2019,5811070147.8907,10815699970.298,226994949633.26,1972997465840.9,5564860125338.4,10092124134333,2818984729883.4,2141474635897.4,386198320104.99,134066371709.51
62.354,72,93.304347826087,93.304347826087,105078281.86265,4784950617.5168,16746521737.229,8094447243.9272,8726453864.7343,8816736022.2099,14696370049.618,244382102820.93,2107601910003,5940915985523.9,10772147836690,3008718905344.4,2285531299005,412168850095.31,143082374194.21
62.354,72,96.892976588629,96.892976588629,163723693.96692,7196627072.4897,24733034480.746,11909913150.398,12792792816.281,12877184274.764,19839334991.602,263171824797.26,2247988674289.2,6331895955599.9,11478483740647,3205721594084.4,2435080419968.9,439126520178.66,152441240440.64
62.354,72,100.48160535117,100.48160535117,257491589.13041,10918316903.73,36790931214.784,17642597320.381,18872943964.354,18920446132.393,27341767946.582,284358696907.69,2397205316128.1,6745191160814.5,12223883381107,3413484573587.2,2592749474295.6,467542268480.3,162306611196.47
62.354,72,104.07023411371,104.07023411371,422582163.62485,17143351337.13,56274532006.182,26832759922.906,28542997288.978,28458991963.215,38937174815.795,309046470463.2,2556031750535.1,7181129188385.9,13007938941405,3631787568948.7,2758333359946.6,497374752458.71,172664366809.51
62.354,72,107.65886287625,107.65886287625,661682271.07088,25856257185.941,82870002580.317,39303287212.793,41586134567.999,41250917025.004,54295574322.758,336688804913.34,2721464574418.8,7631634815326.4,13816230238154,3856627712650.4,2928800493420.1,528078336156.33,183325031309.66
62.354,72,111.2474916388,111.2474916388,1036371522.0241,39040912372.09,122028932834.87,57542385763.938,60532634067.384,59710008682.184,76167983989.112,369211767324.16,2896359435426.9,8101822104665.5,14656462726336,4089991154332.1,3105600778248.1,559907714669.44,194377381056.3
62.354,72,114.83612040134,114.83612040134,1708544185.2595,61429619689.628,185443579159.52,86724314154.82,90472348053.915,88532882196.202,109685772427.23,409602250780.84,3081292229671.4,8588047311981.1,15519269999178,4328974416419.1,3286428140205.6,592435521577.95,205673653463.97
62.354,72,118.42474916388,118.42474916388,2690244750.722,92942053753.918,271605145897.8,126002992456.1,130382725382.73,126599623305.08,153384264345.42,456476139342.11,3272090857151.3,9080294070566.5,16387463180472,4568883359801.4,3467755630470.3,625030250390.8,216994371909.75
62.354,72,122.01337792642,122.01337792642,4199561579.7093,139742347922.58,395087415997.17,181740263649.82,186432615415.15,179525054112.15,213306929675.88,513408095262.68,3470216885035.3,9576581998433.2,17254274692647,4807498579141.3,3647782646686.9,657354091968.47,228222941451.59
62.354,72,125.60200668896,125.60200668896,6962459816.1012,220496231546.05,594087395943.43,269789081810.23,273156980123.58,259808131697.43,302006120341.7,586803809772.29,3672290109418,10055618565662,18075164361437,5031781860762.8,3816401152969.5,687561148794.36,238719703386.85
62.354,72,129.19063545151,129.19063545151,11036468629.929,334886809022.4,861551354303.1,386227547031.08,385948881672.32,362605906114.36,413539248141.25,672461249771.93,3872781084994.3,10508489522348,18837569577854,5238607180385.6,3971372116164.9,715263199751.81,248349072242.27
62.354,72,132.77926421405,132.77926421405,17189200878.95,501803656828.72,1233054370458.6,545360532635.55,537492279504.26,498486350457.15,558162004289.34,775434550699.48,4068316027390.6,10916394607772,19502768737205,5416695606153.4,4103970127170.7,738868895493.32,256559501899.53
62.354,72,136.36789297659,136.36789297659,28707421199.621,794945803278.48,1820016113276.4,787716220693.53,759818066698.36,691105856807.16,755586075758.82,902792053615.51,4237760314867.4,11204660933321,19928221706140,5525531892104.4,4183177995653.7,752756651768.81,261400827454.39
62.354,72,139.95652173913,139.95652173913,45879820834.291,1213320213103.4,2589218614416.2,1095488368430.6,1033676317846.9,922098753316.5,985761048585.46,1042919727249.7,4376894597348.6,11380526087920,20136335688804,5572243958209.7,4214683702037.4,757981756285.06,263238600207.14
62.354,72,143.54515050167,143.54515050167,71383118427.874,1813808696578.4,3613098502771.8,1492764382453.3,1376342576905.2,1203017379912.9,1257122738734.2,1197871610199.1,4470500547210,11395001392469,20035123636495,5530773488384.3,4178548231013.3,750930584611.73,260819776849.03
62.354,72,147.13377926421,147.13377926421,120218808125.12,2887355013927.5,5133654190098.3,2037697885172.6,1813525248440.4,1539550929567.5,1561051839540.9,1355227686261.4,4452283600601.4,11061347595266,19277400002611,5302356704021,3998848527345.7,717769165948.97,249348762359.65
62.354,72,150.72240802676,150.72240802676,193269090929.94,4422205912967.2,6986280188357.3,2655304025634.9,2282231489619.9,1882311228876.5,1853255722013.8,1507357239681.4,4354480779218.6,10459806290846,17999385990914,4923697892826.2,3702355930225.4,663102227623.88,230438859350.74
62.354,72,154.3110367893,154.3110367893,299299881163.59,6578794144387,9250577166285,3354048647608,2779131476761.2,2222149355237.2,2119408110762.9,1650658208683.9,4156356697472.3,9514084747877.7,16048395914000,4350101809954,3253921121869.1,580382947331.85,201830194110.09
62.354,72,157.89966555184,157.89966555184,501091043564.5,10411892064859,11869592428748,3978730479543.3,3169915999276.5,2414725902145.4,2209991474704.3,2012701980746.5,3831207924483.2,7884393966878.6,12715563752796,3336237935015.2,2443348512693.6,424007919752.26,143771180432.7
62.354,72,161.48829431438,161.48829431438,668662423612.18,13649644896331,14140711302041,4502523264424.6,3491788807353.9,2559966436069.1,2263748414072.5,2347800838898.3,3511665335308.5,6446362521822.6,9850976671426.6,2478589143713.2,1764657925363.4,294715591200.76,96454126049.746
62.354,72,165.07692307692,165.07692307692,773076163598.88,15786970749800,15865801250627,4895435006577.8,3732883861789.5,2661264978429.5,2292789204231.2,2610917317788.6,3219753193564.1,5384984240666.6,7861705458187.9,1909742086343.4,1328300796458.8,215077361553.21,68868263817.148
62.354,72,168.66555183946,168.66555183946,877489903585.57,17924296603268,17590891199213,5288346748731,3973978916225.1,2762563520789.9,2321829994389.9,2874033796678.9,2927841051819.7,4323605959510.5,5872434244949.2,1340895028973.5,891943667554.25,135439131905.65,41282401584.549
62.354,72,172.25418060201,172.25418060201,889265762106.6,18498107983431,18653034321368,5614629549786.4,4206878363134.8,2909297829718.9,2424899968082.6,2947634012918.8,2818296466022,4004156184426.3,5330161408644.8,1207087771817.4,800367589237.95,121791523020.12,37483530124.099
62.354,72,175.84280936455,175.84280936455,897125259779.08,19005820195819,19687150690810,5938095544453.6,4439431332384,3057952981984.3,2531099600954.2,3013222236014.3,2716461654507.3,3716072193054.2,4849061903397.6,1091672265575.4,723367481210.29,110933734880,34690277940.462
62.354,72,179.43143812709,179.43143812709,902508974614.1,19383821493499,20498413918874,6203788936448.3,4639299390916.1,3191415298549.6,2632495417262.5,3085475186265.9,2671325480213.4,3556943864287.6,4574552989032.1,1024872888992.3,678414938379.47,104428178192.13,32912859938.848
62.354,72,183.02006688963,183.02006688963,905457689954.65,19634248592439,21090495044860,6412661408540.5,4807020954259,3309935049599.9,2729166549836.1,3164283076236.2,2681953951704.4,3524646923357.4,4503231517746.1,1005888793035.9,664982044151.66,102203159048.08,32134542376.208
62.354,72,186.60869565217,186.60869565217,908704072287.54,19885381467652,21674134115738,6618394095177,4972339113901.8,3426896533462,2824741376365.3,3242961974988.8,2694247418768.7,3495986339687.3,4437491130268.8,988252025733.59,652470519829.91,100127484846.65,31407895728.846
62.354,72,190.19732441472,190.19732441472,917744269181.56,20150251629664,22093456339029,6763013742210.9,5090877228353.8,3513527777972.8,2898977612836.1,3319130178185.2,2738948495159.1,3538104109629,4480381412194.7,996839772989.55,657892614334.69,100958672760.78,31686975981.085
62.354,72,193.78595317726,193.78595317726,926784466075.58,20415121791677,22512778562320,6907633389244.8,5209415342805.7,3600159022483.5,2973213849306.9,3395298381381.6,2783649571549.5,3580221879570.7,4523271694120.7,1005427520245.5,663314708839.47,101789860674.9,31966056233.324
62.354,72,197.3745819398,197.3745819398,938190669826.68,20702263790524,22902908215942,7037537586516.1,5314055410731.4,3676135588184.7,3038435255354,3466023795358,2831653180309.8,3633082432126,4584034985333.6,1018373642626.6,671710453325.51,103074394486.88,32376247748.293
62.354,72,200.96321070234,200.96321070234,951216863060.46,21004655170972,23273049907275,7157366211192.5,5409179576733.4,3744816964710.5,3097484265733.3,3533022567010.2,2881918011470.8,3693298497957.6,4657035809579,1034303916065,682142236583.14,104669331281.98,32876210290.783
62.354,72,204.55183946488,204.55183946488,964466275656.23,21309872280970,23641985287498,7276206353134.4,5503145573575.7,3812471058147.3,3155535117300.4,3599105300542.1,2932010166771.9,3753803527041.8,4730745284789.6,1050424342561.4,692707956097.12,106285539792.14,33383063796.004
62.354,72,208.14046822742,208.14046822742,979106568012.92,21632696510733,24003404143643,7388887259527.5,5589895018817.8,3873724151041.6,3207366441682.1,3659480200890.1,2981026378854.9,3816109086045.2,4808870363899.6,1067729612690.6,704108232374.31,108034292350.87,33932854887.413
62.354,72,211.72909698997,211.72909698997,993746860369.62,21955520740496,24364822999788,7501568165920.7,5676644464059.9,3934977243936,3259197766063.8,3719855101238.1,3030042590937.9,3878414645048.6,4886995443009.7,1085034882819.7,715508508651.49,109783044909.6,34482645978.823
62.354,72,215.31772575251,215.31772575251,1008669026014.2,22282760456336,24726071190805,7613188420987.3,5761748976810.3,3994530699924.4,3309142533718.4,3777928119129.8,3077808856244.5,3939765754514.8,4964383318373.6,1102221633709.6,726842732882.38,111522185968.02,35028968308.034
62.354,72,218.90635451505,218.90635451505,1023722012864.5,22612049458992,25087240173827,7724316413426,5846090054140.8,4053295331434.3,3358211724876.8,3834932802236.6,3124995004344.3,4000673891040.1,5041429047507,1119353378217.2,738146301465.11,113256866199.15,35573680737.787
62.354,72,222.49498327759,222.49498327759,1038762229871,22941188231722,25448210032541,7835315532864.4,5930251436711.9,4111868656488,3407052576852.4,3891582417758.2,3171884737650.2,4061217931188.5,5118033283736.2,1136389145078.6,749387187679.86,114981970511.74,36115388072.575
62.354,72,226.08361204013,226.08361204013,1053759139970.5,23269817523409,25808504592647,7945877599895.3,6013803412913.8,4169793195939.2,3455119052587.1,3947027877696.3,3217769227041.5,4120527196033.5,5193140266575.2,1153099418925.6,760415496552.87,116674599610.45,36646904102.854
62.354,72,229.67224080268,229.67224080268,1068756050070.1,23598446815096,26168799152753,8056439666926.2,6097355389115.7,4227717735390.4,3503185528321.8,4002473337634.5,3263653716432.9,4179836460878.5,5268247249414.2,1169809692772.6,771443805425.87,118367228709.16,37178420133.134
62.354,72,233.26086956522,233.26086956522,1083592262692.2,23924210672917,26526837296696,8166339395820.1,6180371550553.6,4285219309743.8,3550827298579.4,4057231889649.6,3308828790814.7,4238138064130.8,5342027675992.8,1186220652627,782273586271.85,120029326531.71,37700356062.098
62.354,72,236.84949832776,236.84949832776,1098381132528.5,24249130350581,26884210682058,8276043994503.7,6263229856597.6,4342596275134.2,3598343947144.1,4111788072995.3,3353794865756.1,4296142802070,5415417288291.7,1202543432141.1,793044879143.98,121682429591.6,38219469615.181
62.354,72,240.4381270903,240.4381270903,1113089690295.7,24572466218775,27240141061628,8385333024852.6,6345784513735,4399764140780.9,3645682542442.2,4166100914995.2,3398513177261.5,4353790944135.6,5488332177792.5,1218758480736.2,803744530708.72,123324506780.26,38735129890.399
62.354,72,244.02675585284,244.02675585284,1127625328130.5,24892391986470,27592964505130,8493727294934.5,6427685384349.2,4456481793726.6,3692637771215.2,4219889818693,3442698029261.7,4410671299552.5,5560224941539,1234741573867.6,814289931359.79,124942844163.28,39243354912.336
62.354,72,247.61538461538,247.61538461538,1142160965965.2,25212317754166,27945787948632,8602121565016.3,6509586254963.3,4513199446672.2,3739592999988.3,4273678722390.8,3486882881261.9,4467551654969.3,5632117705285.4,1250724666999.1,824835332010.87,126561181546.3,39751579934.274
62.354,72,251.20401337793,251.20401337793,1156463059934.5,25527378879902,28293748031197,8709078102398.3,6590431868398.4,4569200403651.1,3785960435444.5,4326748842563.3,3530396614538.8,4523499179921.8,5702785391510,1266431058433.2,835197025984.38,128151261652.19,40250949188.123
62.354,72,254.79264214047,254.79264214047,1170727721785.9,25841660306927,28640928620371,8815804201786.6,6671108346536.6,4625086489499.3,3832233660125.2,4379703757013.9,3573802781748.5,4579297191977.5,5773256723846,1282093100466.5,845529275682.04,129736812717.14,40748899050.572
62.354,72,258.38127090301,258.38127090301,1184876715662.7,26153464738078,28985510336704,8921748078043.7,6751203808169.9,4680575592353.5,3878181701564.3,4432277121520.1,3616873445520.2,4634643503379.1,5843143544543.5,1297623888250.9,855774577264.17,131309000669.32,41242658076.116
62.354,72,261.96989966555,261.96989966555,1198856884319,26461653826476,29326298822621,9026550246815.7,6830451236977.3,4735485271718.8,3923655116102.1,4484293588115.8,3659454419366.8,4689330527172,5912177231031.5,1312963101595.4,865892972199.92,132861684255.97,41730300292.183
62.354,72,265.55852842809,265.55852842809,1212837052975.4,26769842914875,29667087308538,9131352415587.8,6909698665784.8,4790394951084.1,3969128530639.9,4536310054711.6,3702035393213.4,4744017550964.8,5981210917519.4,1328302314939.9,876011367135.67,134414367842.61,42217942508.249
62.354,72,269.14715719064,269.14715719064,1226533569901.9,27071876719036,30001262574410,9234144686284,6987441467538.1,4844270625270.3,4013751737652.7,4587342696759.6,3743778098678,4797597702435.6,6048826252072.3,1343324322651.2,885919968827.87,135934827089.55,42695473325.978
62.354,72,272.73578595318,272.73578595318,1240215562437.1,27373595341769,30335099210245,9336834040117,7065107224839,4898093353204.8,4058331409775.6,4638324962055.9,3785477880596.7,4851121176491.3,6116368959891.8,1358330087843,895817828053.68,137453636288.65,43172486389.393
62.354,72,276.32441471572,276.32441471572,1253742883629.8,27671935730785,30665262812928,9438401452147,7141929442039.1,4951334334662.6,4102431315100.5,4688754876587.4,3826714620876.8,4904039871627,6183141163196,1373163958645.7,905602112587.72,138955006735.08,43644025660.087
62.354,72,279.91304347826,279.91304347826,1267113040603.8,27966843438257,30991694183276,9538828839760.9,7217894523594.3,5003984193492.2,4146043721107.6,4738623537980.4,3867480856562,4956344040471.7,6249130443573.7,1387823164595.2,915270991918.66,140438657364.14,44110002915.592
62.354,72,283.5016722408,283.5016722408,1280469970387,28261461229425,31317808285453,9639159053407.4,7293786371716.8,5056583447119.2,4189614318381.2,4788444179016.2,3908207198992.6,5008596433681.4,6315053986842.4,1402467726885.2,924930201698.68,141920823619.79,44575514148.94
62.354,72,287.09030100334,287.09030100334,1293515267283.2,28549248586552,31636447543067,9737199846405.2,7367952838672.7,5107990441144.1,4232199901042.5,4837133459460.2,3947993655533.8,5059628991880.5,6379428762485.2,1416767284260.7,934361596662.47,143368018007.42,45030045890.777
62.354,72,290.67892976589,290.67892976589,1306560564179.5,28837035943680,31955086800680,9835240639403,7442119305628.6,5159397435169,4274785483703.7,4885822739904.1,3987780112075,5110661550079.5,6443803538128,1431066841636.1,943792991626.27,144815212395.05,45484577632.614
62.354,72,294.26755852843,294.26755852843,1319408585772.4,29120490106495,32268965406194,9931821008050.8,7515183660514.4,5210042000550.6,4316740524865.9,4933788831824.4,4026969094144.7,5160921721380.9,6507199767678.1,1445148622797.3,953080639250.31,146240343256.35,45932181562.806
62.354,72,297.85618729097,297.85618729097,1332116907767.5,29400875737704,32579472777838,10027367183918,7587467559811.3,5260146655598.2,4358249050968.1,4981242801120.6,4065734977417.8,5210634930456.2,6569903044317.1,1459076186734.7,962266492857.43,147649849933.04,46374879595.073
62.354,72,301.44481605351,301.44481605351,1344779918196.9,29680264672928,32888882311055,10122576236501,7659496835609,5310075045270,4399611714780.9,5028529642358.1,4104363287354,5260170753047.1,6632381909621.2,1472953839046.1,971419409783.12,149054301694.72,46815990274.464
62.354,72,305.03344481605,305.03344481605,1357140075178.4,29952991891397,33190954111649,10215532024437,7729824258830,5358825312401.1,4439999464205,5074699433054.9,4142072084602.8,5308520959830.9,6693360854416.3,1486497892024.3,980352184513.34,150424967414.77,47246491404.505
62.354,72,308.6220735786,308.6220735786,1369500232159.9,30225719109866,33493025912244,10308487812373,7800151682051.1,5407575579532.2,4480387213629.1,5120869223751.7,4179780881851.6,5356871166614.6,6754339799211.3,1500041945002.5,989284959243.56,151795633134.82,47676992534.545
62.354,72,312.21070234114,312.21070234114,1381618437550.3,30493118986452,33789219397464,10399637268805,7869114061852.6,5455380467912,4519992350967.8,5166142944351.7,4216753908608.8,5404274363262.9,6814121860266.6,1513319912005.6,998042174724.14,153139356874.89,48099032784.281
62.354,72,315.79933110368,315.79933110368,1393620072103.8,30757952181417,34082580745316,10489916445467,7937418771857.2,5502729878434.9,4559220430460.7,5210984943711.1,4253372445521.5,5451221296063.1,6873327269858.1,1526469680369.3,1006714806802.9,154470100129.33,48516996632.231
62.354,72,319.38795986622,319.38795986622,1405540869383.1,31021004247565,34373974323679,10579590667571,8005266145305.4,5549762460055.7,4598186163407.5,5255526717610,4289744894376.5,5497851883088.9,6932133138904.1,1539530651354,1015328859004.1,155791853905.03,48932137297.241
62.354,72,322.97658862876,322.97658862876,1417174344364,31277725595244,34658373801150,10667114681917,8071487993997.9,5595668927403.9,4636219430320.2,5299001391336.5,4325242665220.4,5543358073037.4,6989518909254.1,1552276007206.6,1023734699025.8,157081656112.46,49337243440.205
62.354,72,326.5652173913,326.5652173913,1428807819344.9,31534446942922,34942773278621,10754638696264,8137709842690.5,5641575394752.2,4674252697232.9,5342476065063.1,4360740436064.3,5588864262985.9,7046904679604,1565021363059.1,1032140539047.5,158371458319.89,49742349583.168
62.354,72,330.15384615385,330.15384615385,1440153024361.6,31784813572651,35220146020596,10840001756951,8202297610634.3,5686349585268,4711348231314.7,5384878004059.4,4395359989153.7,5633242495650.5,7102866545210.5,1577450325087.4,1040337671295.5,159629233934.08,50137397340.473
62.354,72,333.74247491639,333.74247491639,1451409323323.3,32033220328050,35495351629642,10924698352558,8266381407680,5730774567476.5,4748154556887.4,5426949098276,4429708688926.4,5677272852210.5,7158389260822,1589781707311.2,1048470435461.3,160877132147.18,50529342966.1
62.354,72,337.33110367893,337.33110367893,1462546456574.4,32278999242223,35767649708878,11008500577955,8329788768993.4,5774730769410.4,4784572598594.2,5468576123923.8,4463694157559.8,5720836974911.8,7213323616696.4,1601982374770.7,1056516979519.3,162111800026.4,50917133337.711
62.354,72,340.91973244147,340.91973244147,1473417104307.1,32518901620035,36033445795344,11090302758979,8391683444100,5817638656742,4820122336601.9,5509210096770.5,4496867346905.9,5763358477459.1,7266942247193.1,1613890730024.2,1064370712994.7,163316881438.43,51295631480.753
62.354,72,344.50836120401,344.50836120401,1484287752039.9,32758803997847,36299241881811,11172104940003,8453578119206.7,5860546544073.7,4855672074609.6,5549844069617.2,4530040536252,5805879980006.5,7320560877689.9,1625799085277.7,1072224446470.1,164521962850.47,51674129623.796
62.354,72,348.09698996656,348.09698996656,1494822339301.3,32991293748288,36556832810512,11251382757650,8513563298886.1,5902130984308.7,4890125524734.8,5589224480637.2,4562188990008.5,5847086738484.1,7372520782927.3,1637338964087.3,1079835141673,165689751041.32,52040914899.31
62.354,72,351.6856187291,351.6856187291,1505299341003.2,33222513309787,36813017746421,11330228013632,8573221277445.9,5943488645591.7,4924391120719.3,5628390087878.5,4594161850450,5888068209314.7,7424196457705.7,1648815702706.3,1087404191112.6,166851148861.42,52405693119.289
62.354,72,355.27424749164,355.27424749164,1515616491689.2,33450206354427,37065297913229,11407871804259,8631970350196.6,5984216309166.2,4958134820554.9,5666959004815,4625647153695.1,5928424336092.3,7475083314204.4,1660117223125.5,1094857674399.8,167994813735.58,52764901804.839
62.354,72,358.86287625418,358.86287625418,1525692287116.8,33672574794888,37311682361769,11483701530838,8689347087619.6,6023992754139.9,4991090521771.4,5704626993209.9,4656396305890.9,5967836270713.2,7524779152688.4,1671154185740,1102136667094.2,169111704055.2,53115701182.43
62.354,72,362.45150501672,362.45150501672,1535768082544.5,33894943235348,37558066810308,11559531257417,8746723825042.7,6063769199113.7,5024046222987.8,5742294981604.7,4687145458086.8,6007248205334,7574474991172.3,1682191148354.4,1109415659788.5,170228594374.81,53466500560.021
62.354,72,366.04013377926,366.04013377926,1545458731524.4,34108813801956,37795039835794,11632464925058,8801909553850.2,6102026891453.7,5055743718948.8,5778524580477.4,4716719662943.9,6045153480430.6,7622270541514.8,1692806027649.6,1116416271211.7,171302769076.4,53803883783.977
62.354,72,369.62876254181,369.62876254181,1555126160671.6,34322172046016,38031445462384,11705223994168,8856963190426.7,6140193020747.3,5087365359827.4,5814667461260.7,4746223032198.6,6082967921554,7669951526675.5,1703395460250.2,1123400099495.4,172374368525.09,54140458170.555
62.354,72,373.21739130435,373.21739130435,1564591056693.7,34531061204862,38262900788443,11776459679278,8910864258510.3,6177560188304.5,5118325082655.5,5850053681652.2,4775108460237.4,6119990089267.2,7716633337494,1713762969364.9,1130237562439.3,173423509388.54,54469978709.225
62.354,72,376.80602006689,376.80602006689,1573843334204.4,34735258734896,38489159307668,11846096121608,8963555364534.8,6214088608842.7,5148589926409.4,5884645562816.6,4803345175917.2,6156180531341.1,7762266218854.6,1723897504040.7,1136921371601.4,174449073313.88,54792094144.953
62.354,72,380.39464882943,380.39464882943,1583081882058.9,34939153288173,38715082189411,11915629271972,9016168318830.9,6250562853072.6,5178809885549.8,5919186137260.1,4831539997542.4,6192317266353.9,7807831371872.7,1734016996198.8,1143595259873.3,175473114964.66,55113731459.074
62.354,72,383.98327759197,383.98327759197,1591912578362.8,35134047649538,38931034663627,11982094043323,9066459707077.9,6285427742261.2,5207696507640.5,5952202600285.4,4858490319312.6,6226858585727.9,7851384594714,1743689637096,1149974439350.2,176451936106.55,55421165748.987
62.354,72,387.57190635452,387.57190635452,1600743274666.7,35328942010903,39146987137844,12048558814674,9116751095324.8,6320292631449.9,5236583129731.1,5985219063310.8,4885440641082.8,6261399905101.9,7894937817555.3,1753362277993.2,1156353618827,177430757248.45,55728600038.901
62.354,72,391.16053511706,391.16053511706,1609327086016.6,35518388041819,39356903479898,12113165919366,9165636920787.2,6354183138527,5264662471444.6,6017312770040.2,4911637578009.1,6294975482431.3,7937273226489.5,1762764446740.5,1162554417054.2,178382207415.15,56027437528.278
62.354,72,394.7491638796,394.7491638796,1617730113525.1,35703844481260,39562399807116,12176412730086,9213493509613.2,6387360145091.8,5292150674470.4,6048730779748.9,4937282841761.4,6327843886019.2,7978716879678,1771968559699.4,1168624593925.2,179313614926.53,56319979929.195
62.354,72,398.33779264214,398.33779264214,1626080265686.1,35888134015521,39766603263928,12239261641485,9261049031520.3,6420328439412.9,5319465956388.9,6079951137712.8,4962766745341.1,6360505458425.4,8019899724118.9,1781114748759.6,1174656569158.4,180239160757.39,56610681263.205
62.354,72,401.92642140468,401.92642140468,1634049868840.8,36064025219995,39961501806995,12299246832868,9306437745601.5,6451794611466.5,5345536708321.2,6109748976893.4,4987089324103.2,6391678446750.2,8059205502699.7,1789844053902.3,1180413603498.7,181122519504.9,56888132260.059
62.354,72,405.51505016722,405.51505016722,1642019471995.5,36239916424469,40156400350062,12359232024251,9351826459682.6,6483260783520.1,5371607460253.5,6139546816073.9,5011411902865.4,6422851435075.1,8098511281280.6,1798573359045,1186170637839.1,182005878252.41,57165583256.914
62.354,72,409.10367892977,409.10367892977,1649696487022.2,36409350365325,40344144300580,12417015254980,9395549060217.2,6513571924663.2,5396721244606.8,6168250842794.1,5034841557664.4,6452879920778.5,8136373903787.8,1806982151886.2,1191716290585,182856802538.4,57432847056.428
62.354,72,412.69230769231,412.69230769231,1657227235251.5,36575556276129,40528311621567,12473697710584,9438438759245.2,6543305657989.3,5421356634351.4,6196408065217.3,5057824833694.3,6482336261828.3,8173515082747.2,1815230718445.5,1197156272232.4,183691512616.22,57695018206.626
62.354,72,416.28093645485,416.28093645485,1664664119536.8,36739690628332,40710183610828,12529673727270,9480793926773.9,6572668825621.4,5445685000803.1,6224214364439,5080521647862.9,6511425441532.6,8210193298257.5,1823376465587.6,1202528443466.7,184515817852.66,57953921342.801
62.354,72,419.86956521739,419.86956521739,1671750902391.1,36896098311482,40883494283695,12583014810180,9521155354906.2,6600649826956.3,5468868206613.1,6250711761542,5102149993103.1,6539145152757.7,8245144714750.6,1831138708440.2,1207647689864.2,185301314258.95,58200635172.427
62.354,72,423.45819397993,423.45819397993,1678837685245.3,37052505994631,41056804956562,12636355893089,9561516783038.4,6628630828291.2,5492051412423.1,6277209158644.9,5123778338343.3,6566864863982.8,8280096131243.7,1838900951292.9,1212766936261.8,186086810665.24,58447349002.052
62.354,72,427.04682274247,427.04682274247,1685585145566.7,37201424818340,41221817654849,12687143073124,9599945773081.6,6655272154451.3,5514124658135.6,6302437897218.3,5144371093852.2,6593257274223,8313373936940.1,1846291504179.5,1217641049961.6,186834693895.57,58682249055.302
62.354,72,430.63545150502,430.63545150502,1692223169492,37347928377192,41384154137013,12737106582758,9637751524053.3,6681481416103.6,5535839925755.8,6327257475173,5164629856781.3,6619221610809.6,8346111979088.6,1853562181707.4,1222436104841.6,187570446335.8,58913338995.792
62.354,72,434.22408026756,434.22408026756,1698724837283.8,37491422530071,41543156026166,12786043785447,9674780705698,6707152314320.6,5557109142255.9,6351567229826.6,5184472465270.7,6644652575240.3,8378177490513.5,1860683498286.4,1227132655037,188291084218.83,59139681661.48
62.354,72,437.8127090301,437.8127090301,1704909623615.4,37627923048449,41694408570459,12832595927520,9710005198283,6731572096162.1,5577341769299.7,6374692193242.4,5203347961954,6668844022655.9,8408680090814.8,1867457711186.5,1231600287709.6,188976597000.88,59354992015.435
62.354,72,441.40133779264,441.40133779264,1711094409947,37764423566826,41845661114752,12879148069594,9745229690868.1,6755991878003.6,5597574396343.5,6397817156658.2,5222223458637.3,6693035470071.5,8439182691116.1,1874231924086.6,1236067920382.3,189662109782.93,59570302369.389
62.354,72,444.98996655518,444.98996655518,1716892433763.5,37892388121767,41987455244258,12922789131082,9778251468157,6778884604994.1,5616541807750.1,6419496021009,5239918560215.8,6715714055762.8,8467777728741.9,1880582491308.8,1240256155756.1,190304751862.5,59772147620.297
62.354,72,448.57859531773,448.57859531773,1722619817625.1,38018793631951,42127521848559,12965898500401,9810870932132.4,6801498424175.8,5635278134778.2,6440910763660.8,5257398069399.4,6738116325938.3,8496024360987.4,1886855682078.2,1244393360816,190939563854.17,59971533547.372
62.354,72,452.16722408027,452.16722408027,1728167184888.5,38141226110010,42263186044122,13007652907491,9842465140596.5,6823401473476.2,5653425564598.9,6461652418156.5,5274328167262.9,6759814443550.7,8523383132481.3,1892931690438.6,1248400522773,191554422045.54,60164652256.533
62.354,72,455.75585284281,455.75585284281,1733433314726.9,38257451575293,42391972417802,13047290475954,9872457606649,6844194096886.6,5670652968510.8,6481342516396.6,5290399927470,6780412473416.9,8549354811483.7,1898699643466.6,1252204520200.7,192138106692.5,60347979778.397
62.354,72,459.34448160535,459.34448160535,1738699444565.3,38373677040577,42520758791482,13086928044416,9902450072701.4,6864986720297,5687880372422.8,6501032614636.6,5306471687677,6801010503283.1,8575326490486.2,1904467596494.6,1256008517628.4,192721791339.45,60531307300.261
62.354,72,462.93311036789,462.93311036789,1743530998224,38480311231893,42638917297102,13123294589917,9929967459999.1,6884063465967,5703686111591.3,6519097804151.6,5321217116042.8,6819908647925.5,8599154801626.9,1909759535666.9,1259498580897.2,193257305968.67,60699505271.059
62.354,72,466.52173913043,466.52173913043,1748332335814.1,38586278542223,42756336847380,13159433701291,9957312755146.6,6903020906710.2,5719393002453.6,6537050013812.6,5335870324596.2,6838688599600.3,8622834084465.7,1915018377610.3,1262966816333.5,193789471338.03,60866651284.633
62.354,72,470.11036789298,470.11036789298,1752909163936.8,38687290831054,42868265841382,13193882939308,9983379376099,6921091890852.3,5734365432600.3,6554162763637.4,5349838326455.8,6856590362510.4,8645406069683.6,1920031303448.8,1266272868579.9,194296751341.58,61025981140.682
62.354,72,473.69899665552,473.69899665552,1757242484705,38782928806768,42974239670784,13226499307670,10008059122039,6938201406847.3,5748541252306.4,6570365018924.3,5363063139749.2,6873539624730.2,8666777058269.7,1924777503875.7,1269403013770.3,194777040191.23,61176833439.582
62.354,72,477.28762541806,477.28762541806,1761564306598.3,38878312997158,43079932285610,13259029124282,10032673376958,6955265520370.2,5762679454442.4,6586524278827.2,5376252858260.2,6890443908121,8688091333643.2,1929511109055.7,1272524852318.8,195256054471,61327285413.266
62.354,72,480.8762541806,480.8762541806,1765426700160.4,38963557398371,43174389197462,13288100835140,10054670990574,6970515614513.5,5775314676715.8,6600965692629.7,5388040392868.7,6905551098453.8,8707139678060.8,1933741481241.1,1275314805652.7,195684144333.22,61461742713.828
62.354,72,484.46488294314,484.46488294314,1769289093722.5,39048801799584,43268846109315,13317172545997,10076668604191,6985765708656.8,5787949898989.2,6615407106432.2,5399827927477.2,6920658288786.7,8726188022478.4,1937971853426.5,1278104758986.6,196112234195.44,61596200014.39
62.354,72,488.05351170569,488.05351170569,1772881990721.5,39128098289318,43356712252686,13344215760752,10097131317442,6999951713685.3,5799703485249.4,6628840845748.2,5410792953509.8,6934711321324.5,8743907193905.1,1941907034113.8,1280700031753.7,196510452301.69,61721274998.749
62.354,72,491.64214046823,491.64214046823,1776270861547.5,39202891828800,43439588761848,13369723273931,10116432012730,7013332135045.8,5810789616534.8,6641511710886.1,5421135287827.8,6947966288839.9,8760620096177.6,1945618735915.2,1283147918852.5,196886055573.89,61839246968.337
62.354,72,495.23076923077,495.23076923077,1779605564673.4,39276489862519,43521140553475,13394823067653,10135424199272,7026498678795.8,5821698542530,6653980037547,5431312301375.8,6961009375168.4,8777065840462.8,1949271105517,1285556676011.2,197255654754.24,61955333133.515
62.354,72,498.81939799331,498.81939799331,1782518632807.5,39340782220298,43592380899965,13416749221194,10152014990109,7038000424437.8,5831228123435.3,6664871828578.8,5440202477539.4,6972403203314.6,8791432058468.6,1952461640272,1287660850328,197578518791.46,62056740419.479
62.354,72,502.40802675585,502.40802675585,1785431700941.7,39405074578078,43663621246456,13438675374734,10168605780946,7049502170079.7,5840757704340.6,6675763619610.5,5449092653702.9,6983797031460.8,8805798276474.4,1955652175027,1289765024644.8,197901382828.68,62158147705.444
62.354,72,505.99665551839,505.99665551839,1788030131956.9,39462422752383,43727166874486,13458233260150,10183404576312,7059761592069.5,5849257975409.9,6685478951269.8,5457022552540.7,6993960133102.3,8818612689059.7,1958498074666.6,1291641910048.2,198189371691.23,62248601168.515
62.354,72,509.58528428094,509.58528428094,1790465433740.9,39516170590798,43786723038361,13476563274677,10197274279635,7069376909183.5,5857224582419.2,6694584326565,5464454578455.7,7003485142616.2,8830622540421.5,1961165292078.1,1293400953456.9,198459278896.87,62333375426.557
62.354,72,513.17391304348,513.17391304348,1792803284168.5,39567767634120,43843895947541,13494159774959,10210588955380,7078607446383.6,5864872385433.8,6703325321855.6,5471589181596.8,7012628964270.8,8842151757494.7,1963725767079.8,1295089599610.5,198718384358.93,62414757002.34
62.354,72,516.76254180602,516.76254180602,1794759172937.9,39610934612518,43891727663839,13508881258124,10221728194451,7086329834496.7,5871270632699.3,6710638125727.6,5477558032917.9,7020278715935.3,8851797123209.4,1965867864037.3,1296502322951.8,198935152268.76,62482840922.85
62.354,72,520.35117056856,520.35117056856,1796715061707.3,39654101590916,43939559380138,13523602741289,10232867433523,7094052222609.9,5877668879964.8,6717950929599.6,5483526884239,7027928467599.9,8861442488924.1,1968009960994.8,1297915046293.1,199151920178.58,62550924843.36
62.354,72,523.9397993311,523.9397993311,1798311362195.2,39689332296566,43978597068318,13535617613144,10241958663576,7100354802560.6,5882890765165,6723919199534.1,5488398268655.7,7034171665739.9,8869314351549.4,1969758186775.5,1299068009247.5,199328830496.14,62606490030.645
62.354,72,527.52842809365,527.52842809365,1799786508916.8,39721889084895,44014671841179,13546720563863,10250359871125,7106179015681.1,5887716306262.3,6729434464298.6,5492899890608.4,7039940962849.5,8876588679188,1971373708074.4,1300133452805.8,199492311851.56,62657837361.68
62.354,72,531.11705685619,531.11705685619,1801120646760,39751333745470,44047298127646,13556762145331,10257957973488,7111446466012.3,5892080549416.5,6734422484332.8,5496971152555.8,7045158694913.3,8883167546398.1,1972834776967.9,1301097034082.7,199640163474.78,62704275604.219
62.354,72,534.70568561873,534.70568561873,1802114040584.8,39773258036201,44071591243002,13564238957630,10263615394586,7115368514604.6,5895330078967.9,6738136432193.1,5500002461563,7049043585440.1,8888065852895.3,1973922615935,1301814467999.8,199750246286.44,62738851171.439
62.354,72,538.29431438127,538.29431438127,1803107434409.5,39795182326932,44095884358358,13571715769929,10269272815685,7119290563196.8,5898579608519.3,6741850380053.4,5503033770570.2,7052928475967,8892964159392.5,1975010454902.1,1302531901917,199860329098.1,62773426738.659
62.354,72,541.88294314381,541.88294314381,1803696822290.6,39808190031199,44110297186374,13576151644628,10272629253842,7121617426477,5900507469894.8,6744053715246.4,5504832052108.5,7055233073654.2,8895869897408.4,1975655771215.8,1302957489508.4,199925631056.16,62793937242.545
62.354,72,545.47157190635,545.47157190635,1804207771000.7,39819466548930,44122791721947,13579997110626,10275538948090,7123634578933.7,5902178724758,6745963759691.5,5506390937038.7,7057230851943.6,8898388771264.7,1976215170204.2,1303326414112.1,199982238654.43,62811716965.051
62.354,72,549.0602006689,549.0602006689,1804534221796.5,39826671118354,44130774216184,13582453868568,10277397850218,7124923256611.2,5903246412208.3,6747183951354.2,5507386734335.3,7058506956705.1,8899997697400.1,1976572482048.8,1303562061041.5,200018396147.7,62823073584.836
62.354,72,552.64882943144,552.64882943144,1804562352134,39827291626981,44131461049414,13582665180944,10277557693645,7125034040594,5903338172597.8,6747288698439,5507472057594.4,7058616164928.1,8900135300555.4,1976603032858.8,1303582207123.6,200021487225.46,62824044488.586
62.354,72,556.23745819398,556.23745819398,1804590482471.6,39827912135608,44132147882643,13582876493320,10277717537072,7125144824576.7,5903429932987.3,6747393445523.8,5507557380853.5,7058725373151.1,8900272903710.7,1976633583668.7,1303602353205.7,200024578303.23,62825015392.336
62.354,72,559.82608695652,559.82608695652,1804171066993.9,39818655116988,44121889635868,13579719148744,10275328422920,7123488511939.6,5902057590702.3,6745824783609.8,5506276795721.9,7057083983895.3,8898203203961.4,1976173922221,1303299201389.7,199978062603.48,62810405474.919
62.354,72,563.41471571906,563.41471571906,1803716324873.2,39808618424272,44110767448640,13576295902136,10272738108998,7121692715054.4,5900569680735.1,6744124032599.4,5504888393789.2,7055304412736.9,8895959272660.4,1975675566291.4,1302970530332.8,199927631235.52,62794565698.818
62.354,72,567.00334448161,567.00334448161,1803034007201.1,39793559042458,44094079726435,13571159705345,10268851659208,7118998355863,5898337279839.7,6741572359321.4,5502805432726.7,7052634669715.6,8892592936719.8,1974927939413.5,1302477463606.6,199851975022.64,62770803138.379
62.354,72,570.59197324415,570.59197324415,1802096657785.6,39772871001720,44071155006976,13564103896938,10263512699303,7115297025974.6,5895270567796.5,6738067102988.5,5499944116411.3,7048967358718,8887968781955.7,1973900967921.5,1301800167450,199748050675.77,62738161937.457
62.354,72,574.18060200669,574.18060200669,1801151466824.8,39752009894757,44048038516540,13556989065612,10258129078601,7111564734435.7,5892178202922.7,6734532526540.6,5497058867774.3,7045269375207.6,8883305952675.8,1972865407341.2,1301117206738.8,199643257160.55,62705247742.454
62.354,72,577.76923076923,577.76923076923,1799732094474.7,39720683403739,44013325558187,13546305094763,10250044801688,7105960179475.9,5887534601090.1,6729224950980.8,5492726422052.6,7039716612551.4,8876304459907.5,1971310461139,1300091708136.3,199485904687.14,62655825485.845
62.354,72,581.35785953177,581.35785953177,1798312722124.5,39689356912721,43978612599835,13535621123914,10241960524775,7100355624516,5882890999257.6,6723917375420.9,5488393976330.9,7034163849895.2,8869302967139.1,1969755514936.8,1299066209533.8,199328552213.74,62606403229.236
62.354,72,584.94648829431,584.94648829431,1796623450518.6,39652073631033,43937299049947,13522905635237,10232339061934,7093685396380.9,5877364449272.4,6717600627241.8,5483237801496.5,7027555367097.2,8860970332732.8,1967904940148.8,1297845742134.6,199141283760.28,62547584765.714
62.354,72,588.53511705686,588.53511705686,1794722958606.9,39610128627904,43890819946866,13508600302174,10221514613628,7086181183678.5,5871146913392.2,6710494111233.7,5477436984962.1,7020120688871,8851595960945.3,1965823009553,1296472694215.3,198930603376.92,62481412929.942
62.354,72,592.1237458194,592.1237458194,1792771743761.9,39567064148212,43843100375991,13493913180244,10210401277651,7078476696028.8,5864763442599.9,6703197938653,5471481362839.3,7012487606434.8,8841971424318.9,1963685520728.1,1295063005317.2,198714300807.86,62413475241.252
62.354,72,595.71237458194,595.71237458194,1790391354361.3,39514527604804,43784885015952,13475995683877,10196843618568,7069077651185.7,5856975970944.8,6694297052584.1,5464215906776.7,7003175795401.8,8830230204437,1961077945164.3,1293343291450.3,198450428059.14,62330596398.89
62.354,72,599.30100334448,599.30100334448,1788010964960.8,39461991061396,43726669655913,13458078187510,10183285959484,7059678606342.6,5849188499289.7,6685396166515.2,5456950450714,6993863984368.8,8818488984555,1958470369600.5,1291623577583.5,198186555310.43,62247717556.529
62.354,72,602.88963210702,602.88963210702,1785319447751.6,39402587795968,43660845430238,13437818848739,10167956301714,7049051101572.7,5840383204994.4,6675331952654.7,5448735438554.4,6983335189698.6,8805213288839.2,1955522007719.8,1289679113142.8,197888196871.38,62154007222.523
62.354,72,606.47826086957,606.47826086957,1782460701202.8,39339493708450,43590931484710,13416300783658,10151674205230,7037763306926.6,5831030837106.8,6664642457051.8,5440010045662,6972152273589.2,8791112821524,1952390475228.4,1287613846610.5,197571302579.67,62054475026.426
62.354,72,610.06688963211,610.06688963211,1779508978862.6,39274347606092,43518743746435,13394082894953,10134862574197,7026108405954.7,5821374308630.4,6653605318992,5431000892779,6960605681040,8776553800271.4,1949157104118.3,1285481416913.5,197244102783.32,61951706009.866
62.354,72,613.65551839465,613.65551839465,1776173733233.3,39200736983355,43437176658330,13368978247729,10115866623692,7012939198694.7,5810463123778.4,6641134162715.8,5420821235582.6,6947558930413.8,8760103253152.4,1945503650732.7,1283071940498.6,196874392985.39,61835585173.307
62.354,72,617.24414715719,617.24414715719,1772838487604.1,39127126360618,43355609570225,13343873600506,10096870673187,6999769991434.7,5799551938926.4,6628663006439.7,5410641578386.1,6934512179787.7,8743652706033.3,1941850197347.1,1280662464083.7,196504683187.46,61719464336.748
62.354,72,620.83277591973,620.83277591973,1769152319879.8,39045770740570,43265460422684,13316127583620,10075876081481,6985215201781.3,5787492750158.2,6614879731437,5399390916432.4,6920092793224,8725471423789.4,1937812371137.4,1277999491544.3,196096076987.08,61591126663.08
62.354,72,624.42140468227,624.42140468227,1765342750331.6,38961691590688,43172293392249,13287452728571,10054178667203,6970173171805.8,5775029865586.3,6600635049625.3,5387763635444.6,6905190718962.1,8706681528197.3,1933639380148.2,1275247377042.6,195673792859.11,61458492936.231
62.354,72,628.01003344482,628.01003344482,1761398920850.7,38874649268773,43075842938581,13257767308094,10031716590060,6954601030067.3,5762127764796.6,6585888362787.1,5375726597433.5,6889763486143.3,8687229468345.7,1929319331440.1,1272398277113.5,195236627303.43,61321185153.038
62.354,72,631.59866220736,631.59866220736,1757117518932.7,38780156584071,42971136908121,13225541002727,10007331905762,6937696017706.9,5748121333874.4,6569879474657.4,5362659299133.1,6873015836648.4,8666112515636.1,1924629532564.3,1269305324781.8,194762045076.08,61172125296.375
62.354,72,635.1872909699,635.1872909699,1752836117014.7,38685663899368,42866430877662,13193314697360,9982947221465.1,6920791005346.6,5734114902952.2,6553870586527.7,5349592000832.7,6856268187153.4,8644995562926.5,1919939733688.6,1266212372450.2,194287462848.72,61023065439.712
62.354,72,638.77591973244,638.77591973244,1748165769517.4,38582587029732,42752212917375,13158160830415,9956347344748,6902350284540.6,5718836084014,6536407414250.8,5335337655458.8,6837999176783.4,8621960349274.6,1914823914956.4,1262838457508.1,193769769764.58,60860465042.916
62.354,72,642.36454849498,642.36454849498,1743415342417.9,38477742771154,42636036555711,13122404210851,9929291384358.8,6883593378314.1,5703295294425.6,6518644820917.7,5320838910192.9,6819416934999.1,8598530186864.9,1909620383437.5,1259406695465.3,193243200630.81,60695076798.343
62.354,72,645.95317725753,645.95317725753,1738490678073.5,38369053029973,42515599113785,13085336125879,9901243080480.3,6864148518492.9,5687184511539.2,6500230749876.4,5305808400895.2,6800153165049.8,8574240695273.7,1904226006448.5,1255849069691.8,192697318985.93,60523622754.128
62.354,72,649.54180602007,649.54180602007,1733274347866.1,38253926111698,42388028801659,13046072702648,9871533635091.3,6843552053118.3,5670119583703.7,6480726132390.1,5289887740841.9,6779748545447.4,8548512722561.7,1898512162122.2,1252080753295.5,192119109004.92,60342014814.93
62.354,72,653.13043478261,653.13043478261,1728058017658.8,38138799193423,42260458489533,13006809279417,9841824189702.2,6822955587743.7,5653054655868.3,6461221514903.9,5273967080788.6,6759343925845,8522784749849.7,1892798317795.8,1248312436899.2,191540899023.92,60160406875.732
62.354,72,656.71906354515,656.71906354515,1722416823260.1,38014295373005,42122497900525,12964347964058,9809695004713.5,6800681611083.5,5634599852940.9,6440128329240.7,5256749759366.1,6737277454044.5,8494961368667.8,1886619111130.9,1244237211182.3,190915596920.9,59964007936.422
62.354,72,660.30769230769,660.30769230769,1716738026192,37888961648445,41983617718491,12921603618772,9777351660305.7,6778259166033.5,5616022038908.4,6418894547110.9,5239417676733.2,6715063899763.9,8466952533042.6,1880398717501.9,1240134822409.7,190286126922.51,59766299917.412
62.354,72,663.89632107023,663.89632107023,1710846657446.7,37758936402376,41839539016580,12877259289158,9743797662019,6754997422642.6,5596748838350.7,6396865966773.7,5221436840513.2,6692018874318.1,8437895303757.5,1873945489380,1235878877801.6,189633095335.55,59561191522.313
62.354,72,667.48494983278,667.48494983278,1704709143324.8,37623478653053,41689440737418,12831062272725,9708841798447.9,6730763821623.6,5576670421499.5,6373917057319.5,5202704786172.6,6668011054648.4,8407624096884,1867222652744.6,1231445124656.6,188952780828.48,59347513931.252
62.354,72,671.07357859532,671.07357859532,1698567938110.3,37487939440463,41539252192048,12784837474503,9673864913378.7,6706515647255.6,5556579930161.7,6350954347195.5,5183961466953.5,6643988797331,8377334685666.5,1860495773157.2,1227008705157.3,188272057196.25,59133707839.542
62.354,72,674.66220735786,674.66220735786,1691975769882.3,37342447370051,41378035280625,12735218407819,9636319705333.7,6680486959108.4,5535014226111.6,6326305526151.3,5163841849726.3,6618202605676.4,8344821140138.2,1853274941783,1222246521109.1,187541348280.78,58904202050.038
62.354,72,678.2508361204,678.2508361204,1685383601654.3,37196955299638,41216818369202,12685599341136,9598774497288.6,6654458270961.2,5513448522061.4,6301656705107.1,5143722232499,6592416414021.9,8312307594609.9,1846054110408.9,1217484337060.9,186810639365.31,58674696260.533
62.354,72,681.83946488294,681.83946488294,1678542505163.4,37045969352080,41049513965454,12634106695694,9559811622384.8,6627446774298.5,5491068531292.2,6276077182926.4,5122842915862,6565656544049.6,8278566337936.3,1838560619508.8,1212542332051.5,186052338728.72,58436524289.234
62.354,72,685.42809364548,685.42809364548,1671500058733.9,36890539586799,40877285588058,12581098573608,9519702043078,6599640315938.7,5468029890601.1,6249744847004.9,5101349103194,6538109097498.9,8243832025830,1830846583226.8,1207454875741.7,185271720050.41,58191342526.629
62.354,72,689.01672240803,689.01672240803,1664414146959.7,36734150542995,40703994295667,12527763314347,9479344932326.1,6571662255045,5444849072400,6223250006384.2,5079722641155.3,6510391637021.2,8208883341599.4,1823084937385.7,1202336020537.4,184486283524.67,57944647544.792
62.354,72,692.60535117057,692.60535117057,1656926111536.3,36568886645341,40520869347036,12471401515293,9436697761547.8,6542096597460,5420352885833.4,6195251738529.8,5056868961212.7,6481101276996.9,8171951373861.6,1814882827313,1196926675559.9,183656274238.41,57683952875.476
62.354,72,696.19397993311,696.19397993311,1649438076112.9,36403622747687,40337744398405,12415039716239,9394050590769.6,6512530939875,5395856699266.9,6167253470675.3,5034015281270.1,6451810916972.5,8135019406123.8,1806680717240.3,1191517330582.3,182826264952.16,57423258206.16
62.354,72,699.78260869565,699.78260869565,1641667070359.7,36232113771069,40147699809121,12356548249776,9349791996342.4,6481848159181.2,5370434948624.6,6138197302656.3,5010298035889.3,6421413722356,8096691805875.9,1798168651972.3,1185903567226.7,181964889681.32,57152711921.414
62.354,72,703.37123745819,703.37123745819,1633738449270.3,36057126266439,39953800958908,12296870552077,9304635834032.3,6450543137511.7,5344497655971.6,6108551881021.8,4986099781927.9,6390400017498.8,8057586834067,1789483940716.1,1180175942211.6,181086043461.48,56876678256.852
62.354,72,706.95986622074,706.95986622074,1625728445020.5,35880342684506,39757912082149,12236580387448,9259016249366.9,6418916849363.4,5318294187628.2,6078602222946.9,4961653169993.1,6359067982802.4,8018080466994,1780710083234,1174389524259.6,180198176036.13,56597811160.937
62.354,72,710.54849498328,710.54849498328,1617364557437.4,35695749110700,39553369852253,12173626995723,9211381537164.8,6385893578698.3,5290933291384.5,6047329635104.1,4936126608018,6326351735157.2,7976828688546.6,1771548585811.1,1168347453413.9,179271081155.61,56306623283.608
62.354,72,714.13712374582,714.13712374582,1609000669854.3,35511155536895,39348827622358,12110673603999,9163746824962.8,6352870308033.2,5263572395140.9,6016057047261.3,4910600046042.9,6293635487512.1,7935576910099.2,1762387088388.3,1162305382568.1,178343986275.09,56015435406.279
62.354,72,717.72575250836,717.72575250836,1600322428644.5,35319624517618,39136599104026,12045354651588,9114322235283.7,6318606220545.5,5235183465653,5983609408412.8,4884114200671.7,6259689642304.6,7892774647860.3,1752881239408,1156036207125.3,177382044348.63,55713302585.942
62.354,72,721.3143812709,721.3143812709,1591528912426.3,35125549503243,38921551986228,11979168236535,9064241288802.1,6283887119475.6,5206417551359.4,5950730872628.2,4857276581399.5,6225292897672.6,7849403815651.3,1743249115031.8,1149683751318.9,176407323840.42,55407156201.61
62.354,72,724.90301003344,724.90301003344,1582618294222.3,34928890253469,38703641841512,11912100703943,9013493664809,6248705856185.2,5177268733841.4,5917414665408.5,4830081630401.7,6190438104467,7805455380981.4,1733488707486.5,1143246690530.5,175419621474.01,55096932414.894
62.354,72,728.49163879599,728.49163879599,1573401110284.4,34725465635744,38478236469949,11842726460300,8961000720452.2,6212314680874,5147117499438.1,5882952661525.3,4801951207115.6,6154384168513.5,7759994818903.8,1723392462563.1,1136588139148.4,174397933408.24,54776034241.701
62.354,72,732.08026755853,732.08026755853,1564183926346.6,34522041018019,38252831098385,11773352216657,8908507776095.4,6175923505562.8,5116966265034.7,5848490657642.2,4773820783829.4,6118330232560.1,7714534256826.2,1713296217639.7,1129929587766.4,173376245342.47,54455136068.508
62.354,72,735.66889632107,735.66889632107,1554624027956.3,34311053620930,38019047709016,11701399651985,8854064049791.5,6138180010819.2,5085694646400.5,5812747976025.1,4744644653182.4,6080935743851.4,7667383175356.4,1702824508084.5,1123023409007.3,172316561018.84,54122303886
62.354,72,739.25752508361,739.25752508361,1544989466697.3,34098418616635,37783439106739,11628885381081,8799195331266.9,6100141903323.1,5054178943806.7,5776726289327.6,4715240707482,6043249205847.7,7619863801781.2,1692271000792.7,1116063282799.7,171248598930.47,53786871791.631
62.354,72,742.84615384615,742.84615384615,1535204642266.2,33882467913713,37544157785472,11555240883541,8743471500917,6061511031375.1,5022172152182.9,5740143228368.8,4685378314978.9,6004974893968.8,7571603164181.5,1681552854247.8,1108994572113.5,170163975435.16,53446206638.903
62.354,72,746.4347826087,746.4347826087,1525159332746.8,33660769361628,37298509711024,11479637108953,8686265312142.7,6021852586947.3,4989314045048.3,5702587010635.8,4654721193108.2,5965681660903.5,7522057526259.4,1670549301307.6,1101737627430.4,169050468960.79,53096469844.415
62.354,72,750.02341137124,750.02341137124,1515114023227.5,33439070809543,37052861636576,11404033334366,8629059123368.5,5982194142519.4,4956455937913.7,5665030792902.9,4624064071237.5,5926388427838.1,7472511888337.3,1659545748367.3,1094480682747.3,167936962486.41,52746733049.926
62.354,72,753.61204013378,753.61204013378,1504701066379,33209260469960,36798229705634,11325665066774,8569761459625.7,5941085938470.1,4922396782130.5,5626101544310.9,4592285421846.8,5885657064416.6,7421152414320.6,1648139316266.2,1086958023210.3,166782683992.9,52384190540.814
62.354,72,757.20066889632,757.20066889632,1494251989103.4,32978653167620,36542715133346,11247025194684,8510258313717.9,5899835299177.6,4888219626332.9,5587037398884.1,4560396585192.7,5844784408298,7369614735461.2,1636693302298.9,1079409257856,165624399750.86,52020389902.388
62.354,72,760.78929765886,760.78929765886,1483622440356.4,32744064416460,36282792029223,11167028849087,8449728995908.5,5857873379020.5,4853453237812.4,5547299586399.3,4527957313511.4,5803205778417.1,7317186543031.1,1625049481992.2,1071730028529.1,164446096597.91,51650301752.23
62.354,72,764.3779264214,764.3779264214,1472776944875.1,32504711583399,36017593808513,11085409388093,8387971791668.2,5815060361575.6,4817981791139.2,5506755684176.5,4494859407833,5760782401567.6,7263692788848.3,1613168972569.6,1063894689936.8,163243839418.3,51272690154.659
62.354,72,767.96655518395,767.96655518395,1461931449393.9,32265358750339,35752395587804,11003789927099,8326214587428,5772247344130.6,4782510344466.1,5466211781953.7,4461761502154.6,5718359024718,7210199034665.5,1601288463147,1056059351344.6,162041582238.68,50895078557.087
62.354,72,771.55518394649,771.55518394649,1450697290302,32017432925165,35477707637399,10919250878961,8262248919008.9,5727903662143.8,4745770955976.4,5424218064883.3,4427478488653.8,5674415195532.4,7154787061635.3,1588981835612.3,1047942956312.4,160796198157.93,50503921864.195
62.354,72,775.14381270903,775.14381270903,1439463119135.8,31769506833659,35203019392181,10834711740122,8198283181980.5,5683559932604.7,4709031528096.1,5382224302772.2,4393195438335.8,5630471319111.6,7099375029012.6,1576675194839.5,1039826552548.7,159550812737.36,50112764750.504
62.354,72,778.73244147157,778.73244147157,1428021691913,31517010266320,34923274091760,10748617010893,8133140901323.9,5638400835122.6,4671616739397.2,5339458168637.3,4358280657343.3,5585716606080.6,7042939793191.6,1564141233372.1,1031560207573.8,158282419121,49714381436.726
62.354,72,782.32107023411,782.32107023411,1416407012811.6,31260693093992,34639301439299,10661221914564,8067015110717.8,5592560145844.9,4633637395276.4,5296046384352.3,4322837792743.4,5540284089138.1,6985649229525.7,1551417247362,1023168522008.5,156994792227.66,49309957514.243
62.354,72,785.90969899666,785.90969899666,1404759089753.7,31003643064009,34354518395650,10573577592174,8000700856683.9,5546588866368.9,4595549897643.7,5252510879783.3,4287293650509.5,5494721502001.4,6928194473969.3,1538656778187.4,1014752770627.9,155703472398.54,48904373772.888
62.354,72,789.4983277592,789.4983277592,1392772538894.1,30739128038823,34061480588894,10483394616688,7932466886622.6,5499287376042.8,4556360732527.7,5207715142316.6,4250717879490.9,5447834000853.7,6869067235812.7,1525524686165.9,1006091881334.8,154374535785.78,48486975946.944
62.354,72,793.08695652174,793.08695652174,1380785988034.4,30474613013636,33768442782137,10393211641203,7864232916561.4,5451985885716.8,4517171567411.7,5162919404849.8,4214142108472.3,5400946499706,6809939997656.2,1512392594144.5,997430992041.75,153045599173.02,48069578121
62.354,72,796.67558528428,796.67558528428,1368569439304.2,30205030150619,33469805741494,10301307242873,7794697551496.9,5403782814632.4,4477235849326.5,5117269356807.4,4176866160050.5,5353158995823.3,6749676119270.7,1499007890255.3,988603455336.16,151691089462.73,47644148935.886
62.354,72,800.26421404682,800.26421404682,1356220178692.8,29932523076651,33167937867187,10208409560285,7724411263918.6,5355059519259.8,4436869360083.7,5071126360011.2,4139186199799.7,5304852178193.1,6688756384104.1,1485477425902.6,979679760820.22,150321823729.38,47214085547.936
62.354,72,803.85284280936,803.85284280936,1343807802841.2,29658626245689,32864536360354,10115040595173,7653768818236.8,5306089556309.1,4396298668362.8,5024749568961,4101314300011,5256298343223.9,6627524474215.8,1471877562112.9,970710278178.44,148945531207.52,46781815453.438
62.354,72,807.44147157191,807.44147157191,1331105595402.7,29378347509623,32554092257363,10019507452900,7581490858409.8,5255986870814.3,4354790258145.3,4977299170976.8,4062560994390.9,5206610179572.6,6564859026334.2,1457959009067.4,961530531817.43,147536970959.92,46339411938.591
62.354,72,811.03010033445,811.03010033445,1318403387964.3,29098068773556,32243648154373,9923974310626.6,7509212898582.7,5205884185319.4,4313281847927.8,4929848772992.6,4023807688770.9,5156922015921.3,6502193578452.6,1444040456021.9,952350785456.42,146128410712.32,45897008423.744
62.354,72,814.61872909699,814.61872909699,1305453377195.9,28812338818395,31927198842148,9826596997436.8,7435542008559.4,5154817198933.6,4270975441105.3,4881484099382.4,3984301954630.9,5106263826795,6438301059001.3,1429848998628.5,942990952288.14,144692212029.5,45445925795.161
62.354,72,818.20735785953,818.20735785953,1292408681098.4,28524525959534,31608454947314,9728515028947.1,7361338881726.2,5103381754436.1,4228364120821.5,4832770082248.8,3944508718535.6,5055234992200.8,6373939677105,1415553264839.9,933562308185.85,143245452736.66,44991526888.547
62.354,72,821.79598662207,821.79598662207,1279275132574.7,28234761223976,31287566203743,9629775034650.3,7286639142736.1,5051602741551.4,4185468650834.5,4783730194930.2,3904446343724.8,5003858304810.8,6309137649894.5,1401159470279.5,924068938601.54,141788758922.73,44534008580.097
62.354,72,825.38461538462,825.38461538462,1265899207803.1,27939672058122,30960826630757,9529240043493.5,7210584719396.8,4998886525035.2,4141798062577.9,4733801382052,3863649798393.5,4951532726557.6,6243133607585.7,1386498180469.7,914399007496.74,140304965207.89,44067981005.837
62.354,72,828.97324414716,828.97324414716,1252523283031.5,27644582892268,30634087057772,9428705052336.8,7134530296057.5,4946170308519,4098127474321.2,4683872569173.7,3822853253062.1,4899207148304.4,6177129565277,1371836890660,904729076391.95,138821171493.05,43601953431.577
62.354,72,832.5618729097,832.5618729097,1238887958142.3,27343807223879,30301122656598,9326263273689.8,7057038712199.4,4892460914116.8,4053636286406.6,4633001356547,3781274158154.6,4845866259767.3,6109836656333,1356888513602.9,894869580754.36,137308278047.68,43126789837.648
62.354,72,836.15050167224,836.15050167224,1225192954176.8,27041723286157,29966726135811,9223382808594.9,6979216486963.5,4838523023523.4,4008956306636.2,4581913330038.1,3739515025410.7,4792291783132.8,6042247223351.1,1341874087609.9,884966472814.94,135788689751.68,42649524358.724
62.354,72,839.73913043478,839.73913043478,1211388481738.3,26737247810783,29629728172991,9119707569120.5,6900796603838.3,4784172899944.8,3963936313181.9,4530433919999.2,3697428019965.5,4738289279577.9,5974112616026.9,1326738050748.7,874983017425.34,134256764769.4,42168386496.009
62.354,72,843.32775919732,843.32775919732,1197387424953.4,26428477593246,29288058520069,9014605067552.1,6821303441965.7,4729082485122.5,3918305720474.7,4478251660332.6,3654752218139.4,4683518121906.3,5904998980322.4,1311383624132,864855273451.52,132702685468.7,41680294575.97
62.354,72,846.91638795987,846.91638795987,1183386368168.4,26119707375709,28946388867148,8909502565983.7,6741810280093.2,4673992070300.3,3872675127767.5,4426069400666.1,3612076416313.2,4628746964234.7,5835885344617.9,1296029197515.3,854727529477.7,131148606167.99,41192202655.931
62.354,72,850.50501672241,850.50501672241,1169121447412.7,25805208833114,28598559776102,8802527428918.9,6660914814134.8,4617937715745,3826251749994.3,4372970056957.3,3568620126057.7,4572946041333.2,5765452714785.9,1280379838928.6,844404737739.08,129564568238.94,40694710042.682
62.354,72,854.09364548495,854.09364548495,1154827985600.9,25490090681688,28250064444537,8695349736747.7,6579867666840.8,4561779095882.6,3779742619994.6,4319771516124.4,3525079413651.1,4517033733057.4,5694877414906,1264698578791.1,834060848504,127977289811.05,40196200595.984
62.354,72,857.68227424749,857.68227424749,1140409914488.4,25172301869726,27898762698763,8587326777911.7,6498192301763,4505191033656.5,3732881577884.8,4266160386005.1,3481176698294.3,4460634712823,5623672734906.7,1248876029991.3,823623374758.84,126375628927.88,39693180458.463
62.354,72,861.27090301003,861.27090301003,1125837750585.9,24851210499041,27543990520262,8478258556018.2,6415740077891.6,4448071919802.9,3685585358636.8,4212039044899,3436826327391.4,4403633820952.9,5551689758761.1,1232878762578.6,813070173711,124756182593.32,39184582367.055
62.354,72,864.85953177258,864.85953177258,1111265586683.5,24530119128356,27189218341760,8369190334124.8,6333287854020.3,4390952805949.3,3638289139388.9,4157917703792.9,3392475956488.4,4346632929082.8,5479706782615.4,1216881495165.9,802516972663.17,123136736258.75,38675984275.647
62.354,72,868.44816053512,868.44816053512,1096430498295.6,24203541727451,26828943598745,8258493114470.1,6249638634575.5,4333020082019.9,3590325364570.5,4102982012092.6,3347368513670.7,4288582187267.1,5406346560520.6,1200573293251.4,791757372470.35,121485544132.94,38157436566.955
62.354,72,872.03678929766,872.03678929766,1081593241288.4,23876919077392,26468623470201,8147782458730.3,6165979542229.3,4275080647378.9,3542356083708,4048039603572.9,3302254826472,4230522786217.2,5332974978806.9,1184262526727.9,780996069883.25,119834090165.67,37638806793.139
62.354,72,875.6254180602,875.6254180602,1066623266735.4,23547669488692,26105892329941,8036375445882.7,6081810787854,4216790112171.7,3494088195096,3992692097851.6,3256731685970.8,4171875959733.2,5258822441933.2,1167774625724.3,770116995126.57,118164511889.52,37114500177.362
62.354,72,879.21404682274,879.21404682274,1051538648382.5,23216150703213,25741078514457,7924366907258.2,5997201778264,4158196289989.5,3445562363746.7,3936994661891.6,3210854852352.9,4112721704608.6,5183995301965.9,1151133712775.3,759136186654.53,116479277509.85,36585289803.538
62.354,72,882.80267558528,882.80267558528,1036437500202.8,22884334592842,25376026291930,7812288144553.2,5912536162469.8,4099558094703.8,3396992387004.6,3881226779772.3,3164905750560.3,4053465045481.1,5109033472324.5,1134462418775.6,748135229207.47,114790944565.99,36055107137.107
62.354,72,886.39130434783,886.39130434783,1021149429724.7,22549156278325,25008278119050,7699415275128.1,5827230433386.3,4040418120265.8,3347923206104,3824662279625.1,3118139427059,3993050383198.1,5032548547266.7,1117447570310.1,736906423473.46,113067572492.82,35513929608.402
62.354,72,889.97993311037,889.97993311037,1005861359246.6,22213977963808,24640529946170,7586542405703,5741924704302.8,3981278145827.8,3298854025203.3,3768097779477.9,3071373103557.8,3932635720915.2,4956063622208.8,1100432721844.6,725677617739.46,111344200419.65,34972752079.698
62.354,72,893.56856187291,893.56856187291,990536771664.09,21878327676720,24272164074939,7473302983929.2,5656127932307.6,3921624552760.3,3249178354076,3710597496601.8,3023826980359.5,3871263329044.4,4878417079003.5,1083165295571.3,714283837655.86,109595624773.7,34423665635.664
62.354,72,897.15719063545,897.15719063545,975190363466.99,21542395364763,23903429101122,7359844530618.3,5570037740057.1,3861664049429.2,3199140277723,3652538041399.4,2975814891721.5,3809318650610.8,4800076416638.1,1065746942682.2,702791477968.26,107831988857.89,33869853258.519
62.354,72,900.74581939799,900.74581939799,959909843005.76,21207485354242,23534625723942,7246126857745.9,5483552842693.3,3801298308753.7,3148654147024.4,3593933687427.3,2927507266936.6,3747148357176.5,4721561455409.3,1048300546729.3,691283479582.93,106066075762.25,33315218759.335
62.354,72,904.33444816054,904.33444816054,944949478896.29,20877542828091,23165489966677,7131149606167.2,5395150026199.2,3738963471582.8,3095990866923.9,3532681605468.6,2877763596833.4,3683881773596.9,4642199555254.8,1030717886191.4,679699490903.67,104289097578.7,32756589471.292
62.354,72,907.92307692308,907.92307692308,929989114786.81,20547600301941,22796354209412,7016172354588.4,5306747209705,3676628634411.8,3043327586823.5,3471429523509.8,2828019926730.1,3620615190017.3,4562837655100.3,1013135225653.4,668115502224.41,102512119395.15,32197960183.25
62.354,72,911.51170568562,911.51170568562,916116150902.84,20231351594602,22421182127264,6896327476767.6,5212665886635,3609268789411.2,2985791633602.5,3405722912360.7,2777452900034.9,3558786372280.6,4486968051155.5,996488077515.64,657190094069.7,100839735872.45,31673227582.763
62.354,72,915.10033444816,915.10033444816,902675801844.05,19920550880462,22043608534086,6774546046768.1,5116325408129.9,3539909779031.7,2926317120336.3,3338244096900.9,2726558306488.3,3497529559960.4,4412487833637.8,980213116659.08,646526697722.43,99208964628.147,31161980550.163
62.354,72,918.6889632107,918.6889632107,890210549938.4,19618870773306,21653891955078,6646669122580.8,5014241915644.7,3466156473622.7,2863133327141,3268550664626,2677057894445.4,3440742551949.7,4345428846907,965746341012.86,637096632049.71,97766143392.044,30705063577.149
62.354,72,922.27759197324,922.27759197324,880519111305.57,19343135630332,21229632792127,6501452631122.5,4895821539852.5,3379902922634.6,2789397918788.9,3192557415459.8,2631523445329.6,3396670587235.7,4299480688354.5,956423225277.81,631174964472.34,96857974755.103,30402696783.992
62.354,72,925.86622073579,925.86622073579,870827672672.73,19067400487358,20805373629175,6356236139664.2,4777401164060.2,3293649371646.5,2715662510436.8,3116564166293.6,2585988996213.7,3352598622521.7,4253532529802,947100109542.76,625253296894.97,95949806118.162,30100329990.835
62.354,72,929.45484949833,929.45484949833,865715054829.56,18801786097244,20249778314176,6162330229006.1,4621822349963.9,3183380141168.2,2625123493257.6,3038976809989.6,2566544493378.5,3365240146952.4,4294398830639.6,958717781885.56,633646272932.01,97363215250.856,30602091051.721
62.354,72,933.04347826087,933.04347826087,861712898677.1,18538626205538,19662331181393,5956616095827.7,4457231822127.4,3067286596248.4,2530509242579.2,2961002848708.4,2553427358917.9,3391635901988.5,4356319489308.9,975414041926.41,645510855323.69,99339656503.31,31298870266.269
62.354,72,936.63210702341,936.63210702341,856029643566.65,18189756645076,18929492503828,5713416649367.8,4271590684883.4,2941534436753.5,2433066642361.1,2888047406316.4,2577836130373.3,3502247436990.7,4552937806963.1,1023783660694.5,678250913112.12,104143697710.21,32651875979.406
62.354,72,940.22073578595,940.22073578595,847217872957.45,17681381883676,17926080997057,5400457250336.7,4046774484519.7,2797807651047,2330360499905.4,2824431398733.4,2672080397059.4,3769584054482.3,5000227693817.7,1131097218012.2,749840110632.79,114209886180.79,35226115434.773
62.354,72,943.80936454849,943.80936454849,838406102348.24,17173007122275,16922669490287,5087497851305.5,3821958284156,2654080865340.5,2227654357449.7,2760815391150.4,2766324663745.4,4036920671973.9,5447517580672.3,1238410775330,821429308153.47,124276074651.37,37800354890.141
62.354,72,947.39799331104,947.39799331104,747891775254.11,15287532766452,15341812507515,4718793901567,3591991488724,2552258550652,2192146193292.4,2542243567109.9,3016965972543.3,4951893675327.6,7160152866257.9,1726888873035.7,1195315807533.6,192360170377.6,61321860898.679
62.354,72,950.98662207358,950.98662207358,647714905350.72,13239195896208,13692664006436,4343497329384.7,3361415558798.8,2455392063082.5,2164585189786.3,2305345912465.3,3286103558320.4,5943459316322.9,9022434070034.7,2260445348301.8,1604953460194.8,267305746780.58,87320692813.715
62.354,72,954.57525083612,954.57525083612,506343896868.6,10471115303770,11661863343632,3870318588789.5,3068729746006.6,2321416820236.1,2112967139851.2,2027720748053.3,3572225325889.8,7177063081799.7,11453869670878,2981872959789.1,2172274075052.1,374568622954.23,126101240617.32
62.354,72,958.16387959866,958.16387959866,312321356699.87,6783107491030.4,9143260979430,3272033552261,2696659327086.9,2140011703341.6,2030601017835,1698040465000.1,3880055113499.5,8720023431008.7,14612759511709,3943424613750.3,2941134272164.5,523137262316.74,181218503845.39
62.354,72,961.7525083612,961.7525083612,199355165140.99,4525488222777.5,6990456138680.7,2633267752452.1,2246773101239.9,1842499292949.8,1804742935729.3,1515424869557.3,4070316367215.7,9665582857484.7,16565510594090,4524924113254.8,3399325290257.2,609079504573.7,211695621130.63
62.354,72,965.34113712375,965.34113712375,115651879883.06,2791416715102,5016233027265.4,1997549902775.4,1780142671071,1511495452212.4,1533429292902.9,1375433508876.6,4208408078638,10376696592316,18049652103836,4961634571276.5,3740421948401.3,671836849216.09,233263041343.48
62.354,72,968.92976588629,968.92976588629,76126107263.595,1905002908559.5,3684246642907.7,1507907182577.8,1379137058037.8,1197418425021.1,1244337968068.5,1215935318577,4189843829809,10583507383500,18560653857143,5119022124183,3865200688576.2,694982313744.42,241266533281.81
62.354,72,972.51839464883,972.51839464883,45893820358.327,1212435853889.7,2582044401716.5,1091881261390.3,1029197785296.5,916543588507.64,978651360686.37,1061554151213.4,4122320406056.5,10634972910298,18779162081843,5193292210177.3,3926292162528.3,706558928280.21,245257578314.64
62.354,72,976.10702341137,976.10702341137,28332607587.604,784166463116.55,1793138161890.7,776227143258.19,748884205596.24,680937818138.34,744875590535.33,914149717764.73,3988044274644.2,10474635092042,18598874063793,5154236939302.3,3900550117115.1,702362154830.56,243777908293.49
62.354,72,979.69565217391,979.69565217391,18059929268.363,521559443902.25,1263452006961.7,556785072152.49,546846643927.16,505349495391.18,564109415236,789581243485.34,3813615092143.2,10157858050257,18113837010051,5027931107166.7,3807797516764.6,685985823004.83,238077482210.3
62.354,72,983.28428093645,983.28428093645,10544001650.621,322278904143.76,835625807569.51,375662688473.41,376477957466.61,354444008303.87,405594573052.42,675026483645.08,3624575713472.5,9781317637784.7,17511325558911,4867894071436.3,3689106978930.4,664891596202.61,230742198250.62
62.354,72,986.872909699,986.872909699,7006931695.4057,221196842919.45,593651500709.53,269488296207.56,272813571174.28,259344542854.64,301606668745.14,588937152309.58,3420322584538.5,9312481151119.9,16716775349754,4651737449691.2,3526948487070.1,635855855906.57,220656008774.58
62.354,72,990.46153846154,990.46153846154,4258747274.3141,141201841106.78,397623867038.54,182844440273.75,187554402501.47,180527996415.21,214583484309.94,512752345812.57,3216877391219.9,8829414548767.3,15887971508239,4425147970153.2,3356567656605.6,605302086430.67,210044814936.44
62.354,72,994.05016722408,994.05016722408,2658689168.3308,91896472671.23,268465991143.74,124624888933,129081774803.51,125409245147.92,152250372732.01,450982362650.28,3014608049277.3,8325637755162,15009315698348,4183374743347,3174220218927.4,572539011329.15,198669541523.24
62.354,72,997.63879598662,997.63879598662,1700835602.0925,61133514580.043,184357459873.23,86255627535.138,90057451119.169,88168045077.301,109403428279.51,401678306317.31,2819712396719.8,7822704366677.4,14121790350164,3938042276159,2988791667589.9,539176496291.88,187088482980.02
62.354,72,1001.2274247492,1001.2274247492,999214654.90345,37824898535.181,118531372808.04,55966080625.133,58974891835.728,58251141147.052,74572542955.572,357565659677.57,2628279353968.7,7321289366751.7,13232712905384,3691827686014.8,2802536266433.1,505646739275,175450313612.33
62.354,72,1004.8160535117,1004.8160535117,668136359.95219,26044436024.899,83253797964.623,39489615223.292,41805093331.107,41477332357.262,54551025125.366,323862271286.78,2448794807243.1,6837828477137.7,12367880901277,3451510423132,2620451539820.2,472834168102.89,164062823606.04
62.354,72,1008.4046822742,1008.4046822742,407460636.59313,16618814486.787,54674635812.209,26101020675.632,27809432997.745,27762770549.724,38065063599.46,292941514409.6,2274397035340.5,6364845669946,11519989859738,3215706496047,2441717173085.3,440617307014.64,152882495163.47
62.354,72,1011.9933110368,1011.9933110368,256244149.54287,10854409983.976,36509910534.143,17513330098.878,18748801773.505,18804609407.447,27076050327.62,266347087004.76,2107907987150.7,5908153786139.4,10698437981429,2986919731524.1,2268191818256.1,409326633271.05,142024253628.31
62.354,72,1015.5819397993,1015.5819397993,164032586.80566,7207491734.1149,24733935647.296,11914939620.257,12808819695.064,12899876481.289,19688057028.545,243034441050.33,1950166444702,5472101627110.7,9912157257221.5,2767754803561.8,2101892369878.9,379330606095.9,131615713424.14
62.354,72,1019.1705685619,1019.1705685619,96608324.728484,4454637644.8369,15666000716.359,7584845961.2752,8194160402.3868,8293160843.4943,13833078961.664,221143886875.97,1796354116046,5045412194002.3,9141935087498.3,2552977205376.1,1938890172515.5,349925620675.88,121412459315.29
62.354,72,1022.7591973244,1022.7591973244,64883818.745403,3073747427.5793,10948366093.383,5314373940.9442,5755619703.4768,5840594792.7836,10562971460.06,202109664299.44,1652933984988.6,4645081785882.4,8417932555702.2,2350940752929.8,1785504720538.2,322249293222.01,111809363232.18
62.354,72,1026.347826087,1026.347826087,39605158.994091,1957681685.3736,7106844891.5236,3462657189.7539,3763769320.4083,3834276202.4564,7837165862.7722,183844599050.71,1513100849370,4254235274199.4,7710790760225.9,2153577805702.1,1635655996051.9,295209792520.42,102427303954.42
62.354,72,1029.9364548495,1029.9364548495,25042918.536284,1281894847.1002,4721889427.004,2307134062.1965,2514555442.585,2569857856.4387,6016279064.2231,166858281716.69,1379231204927.6,3879156034507.9,7031680461856.9,1963984705859.9,1491687190719.4,269229036047.19,93412725221.559
62.354,72,1033.525083612,1033.525083612,16018609.307729,848960318.8656,3170299896.883,1553062061.914,1696903566.4769,1739754411.5887,4734440189.3167,150897707276.04,1251132023153.9,3519712978875.7,6380587890386.2,1782181717573.7,1353622349347.1,244312370444.55,84767428302.614
62.354,72,1037.1137123746,1037.1137123746,9441344.2788868,523665279.17182,1988677079.3965,977271135.38411,1070967990.2507,1102650544.3534,3692404446.0441,135403207249.96,1125682184122.7,3167457597485.6,5742379536847.9,1603961629829.4,1218273110636.6,219885169823.54,76291993944.879
62.354,72,1040.7023411371,1040.7023411371,6363418.2931506,361921842.39819,1386437449.8959,682408979.64126,748964800.86269,773261585.04384,3040312431.9153,120948919170.96,1006920746374.1,2833593670528.7,5137277818817,1434963200724.9,1089918785429,196719387421.41,68254284049.458
62.354,72,1044.2909698997,1044.2909698997,3883033.2168621,229898872.19891,892450090.51849,440325032.70105,484365848.89963,502282182.64985,2464254961.4337,106785004097.58,890202688949.12,2505398084610.9,4542407444770.7,1268817665484.9,963729554865.21,173944170545.93,60352097465.74
62.354,72,1047.8795986622,1047.8795986622,2466147.116715,150772172.81977,591129336.25653,292175358.94066,321934542.30176,335259685.95792,2023523220.1894,93137892793.281,777121425001.5,2187290970957.3,3965746742531.1,1107749690050.1,841393744042.83,151864079361.62,52691114289.119
62.354,72,1051.4682274247,1051.4682274247,1574751.5248439,99404063.61018,393380961.91122,194756527.96731,214926651.48876,224868523.98126,1659193903.6047,79907406819.261,667146632090.59,1877845013575.4,3404742518824.7,951049640639.16,722373490205.48,130382157085.2,45237690218.484
62.354,72,1055.0568561873,1055.0568561873,927459.9351356,60947397.423257,243830464.29899,120947714.82499,133715044.90866,140838191.21049,1330471247.7491,66873073622.303,558636060659.72,1572481630954.8,2851118039033.3,796408336883.94,604915916896.03,109182153206.15,37882089351.799
62.354,72,1058.6454849498,1058.6454849498,626060.38989341,41809255.83292,167784650.19818,83278311.207016,92131927.935934,97444821.177446,1059228740.554,54275690417.68,453486210067.99,1276499260685.3,2314439615345.8,646488906576.46,491039505027.5,88627667255.608,30750484384.578
62.354,72,1062.2341137124,1062.2341137124,380128.12136214,25896957.857155,104128682.91868,51718139.053229,57269889.80206,60965752.959345,798414058.71753,41787467769.799,349176729575.78,982809672953.61,1781808591722.8,497676380744.21,377983870236.39,68216429227.863,23669595069.53
62.354,72,1065.8227424749,1065.8227424749,240019.60026854,16139114.907568,64110797.379605,31813519.61161,35230722.948816,37678198.231001,557494198.16169,29507508081.125,246470556807.36,693494391202,1256899437058,350975672664.16,266494162443.94,48078488050.112,16685464071.907
62.354,72,1069.4113712375,1069.4113712375,148969.94723512,9164008.7081123,34436156.742145,17041630.336801,18869478.024339,20252045.553167,326282280.93691,17380647652.358,145031529789.16,407619213412.3,736974865980.44,204725170764.84,154718741129.66,27853659354.174,9640920981.2184
62.354,72,1073,1073,81871.364322639,3547464.6945743,9811200.1620695,4775595.4568886,5280256.0109956,5687492.7668484,99809886.669934,5328531938.557,44211137034.623,123423531592.98,219483822535.16,58694464393.464,42803831383.102,7586411231.8874,2566884053.1401
